Programa,Ciclo,Seccion,Aula,Codigo,Docente,Curso,P1,P2,P3,P4,P5,P6,P7,P8,P9
DOCTORADO,V,1,204,D51001,"Vargas Merino, Jorge Alberto",Direccion de Tesis I (Taller),10.0,10.0,10.0,10.0,10.0,10.0,Sí,Sí,Sí
DOCTORADO,V,1,204,D51001,"Fuchs Angeles, Rosa María",Liderazgo y Comportamiento Organizacional - Electivo,10.0,10.0,10.0,10.0,10.0,10.0,,,
DOCTORADO,V,1,204,D51002,"Vargas Merino, Jorge Alberto",Direccion de Tesis I (Taller),10.0,10.0,10.0,10.0,10.0,10.0,Sí,Sí,Sí
DOCTORADO,V,1,204,D51002,"Fuchs Angeles, Rosa María",Liderazgo y Comportamiento Organizacional - Electivo,10.0,10.0,10.0,10.0,10.0,10.0,Sí,Sí,Sí
DOCTORADO,V,1,204,D51003,"Vargas Merino, Jorge Alberto",Direccion de Tesis I (Taller),10.0,10.0,10.0,10.0,10.0,10.0,Sí,Sí,Sí
DOCTORADO,V,1,204,D51003,"Fuchs Angeles, Rosa María",Liderazgo y Comportamiento Organizacional - Electivo,10.0,10.0,10.0,10.0,10.0,10.0,Sí,Sí,Sí
DOCTORADO,V,1,204,D51004,"Vargas Merino, Jorge Alberto",Direccion de Tesis I (Taller),9.0,10.0,9.0,9.0,10.0,10.0,Sí,Sí,Sí
DOCTORADO,V,1,204,D51004,"Fuchs Angeles, Rosa María",Liderazgo y Comportamiento Organizacional - Electivo,9.0,10.0,9.0,9.0,10.0,10.0,Sí,Sí,Sí
DOCTORADO,V,1,204,D51005,"Vargas Merino, Jorge Alberto",Direccion de Tesis I (Taller),10.0,10.0,10.0,10.0,10.0,10.0,Sí,Sí,Sí
DOCTORADO,V,1,204,D51005,"Fuchs Angeles, Rosa María",Liderazgo y Comportamiento Organizacional - Electivo,10.0,10.0,10.0,10.0,10.0,10.0,Sí,Sí,Sí
DOCTORADO,V,1,204,D51006,"Vargas Merino, Jorge Alberto",Direccion de Tesis I (Taller),10.0,10.0,10.0,10.0,10.0,10.0,Sí,Sí,Sí
DOCTORADO,V,1,204,D51006,"Fuchs Angeles, Rosa María",Liderazgo y Comportamiento Organizacional - Electivo,9.0,9.0,9.0,9.0,9.0,9.0,Sí,Sí,Sí
DOCTORADO,V,1,204,D51007,"Vargas Merino, Jorge Alberto",Direccion de Tesis I (Taller),9.0,10.0,10.0,10.0,10.0,10.0,Sí,Sí,Sí
DOCTORADO,V,1,204,D51007,"Fuchs Angeles, Rosa María",Liderazgo y Comportamiento Organizacional - Electivo,9.0,9.0,9.0,8.0,8.0,9.0,Sí,Sí,Sí
DOCTORADO,V,1,204,D51008,"Vargas Merino, Jorge Alberto",Direccion de Tesis I (Taller),10.0,10.0,10.0,10.0,10.0,10.0,Sí,Sí,Sí
DOCTORADO,V,1,204,D51008,"Fuchs Angeles, Rosa María",Liderazgo y Comportamiento Organizacional - Electivo,10.0,10.0,10.0,10.0,10.0,10.0,,,
DOCTORADO,V,1,204,D51009,"Vargas Merino, Jorge Alberto",Direccion de Tesis I (Taller),10.0,10.0,10.0,10.0,10.0,10.0,Sí,Sí,Sí
DOCTORADO,V,1,204,D51009,"Fuchs Angeles, Rosa María",Liderazgo y Comportamiento Organizacional - Electivo,10.0,10.0,10.0,10.0,10.0,10.0,,,
DOCTORADO,V,1,204,D51010,"Vargas Merino, Jorge Alberto",Direccion de Tesis I (Taller),10.0,10.0,10.0,10.0,10.0,10.0,Sí,Sí,Sí
DOCTORADO,V,1,204,D51010,"Fuchs Angeles, Rosa María",Liderazgo y Comportamiento Organizacional - Electivo,9.0,9.0,9.0,9.0,9.0,9.0,Sí,Sí,Sí
DOCTORADO,V,1,204,D51011,"Vargas Merino, Jorge Alberto",Direccion de Tesis I (Taller),10.0,10.0,10.0,10.0,10.0,10.0,Sí,Sí,Sí
DOCTORADO,V,1,204,D51011,"Fuchs Angeles, Rosa María",Liderazgo y Comportamiento Organizacional - Electivo,10.0,10.0,10.0,10.0,10.0,10.0,Sí,Sí,Sí
DOCTORADO,III,1,208,D31001,"Bedoya Sanchez, Enrique Osvaldo",Administración estratégica empresarial,6.0,7.0,6.0,7.0,5.0,6.0,Sí,Sí,No
DOCTORADO,III,1,208,D31001,"Quispe Llamoca, Rosa",Metodología de investigación cuantitativos II,10.0,9.0,10.0,10.0,9.0,9.0,Sí,Sí,Sí
DOCTORADO,III,1,208,D31001,"Vargas Merino, Jorge Alberto",Tesis doctoral I (taller),10.0,10.0,10.0,10.0,10.0,10.0,Sí,Sí,Sí
DOCTORADO,III,1,208,D31002,"Bedoya Sanchez, Enrique Osvaldo",Administración estratégica empresarial,6.0,7.0,5.0,5.0,4.0,3.0,Sí,No,No
DOCTORADO,III,1,208,D31002,"Quispe Llamoca, Rosa",Metodología de investigación cuantitativos II,10.0,9.0,9.0,9.0,10.0,9.0,Sí,Sí,Sí
DOCTORADO,III,1,208,D31002,"Vargas Merino, Jorge Alberto",Tesis doctoral I (taller),10.0,10.0,10.0,10.0,10.0,9.0,Sí,Sí,Sí
DOCTORADO,III,1,208,D31003,"Bedoya Sanchez, Enrique Osvaldo",Administración estratégica empresarial,10.0,10.0,10.0,10.0,10.0,10.0,Sí,Sí,Sí
DOCTORADO,III,1,208,D31003,"Quispe Llamoca, Rosa",Metodología de investigación cuantitativos II,10.0,10.0,10.0,10.0,10.0,10.0,Sí,Sí,Sí
DOCTORADO,III,1,208,D31003,"Vargas Merino, Jorge Alberto",Tesis doctoral I (taller),10.0,10.0,10.0,10.0,10.0,10.0,Sí,Sí,Sí
DOCTORADO,III,1,208,D31004,"Bedoya Sanchez, Enrique Osvaldo",Administración estratégica empresarial,9.0,9.0,9.0,9.0,8.0,9.0,Sí,Sí,Sí
DOCTORADO,III,1,208,D31004,"Quispe Llamoca, Rosa",Metodología de investigación cuantitativos II,9.0,9.0,9.0,8.0,9.0,9.0,Sí,Sí,Sí
DOCTORADO,III,1,208,D31004,"Vargas Merino, Jorge Alberto",Tesis doctoral I (taller),9.0,9.0,8.0,8.0,8.0,8.0,A veces,Sí,Sí
DOCTORADO,III,1,208,D31005,"Bedoya Sanchez, Enrique Osvaldo",Administración estratégica empresarial,8.0,8.0,8.0,8.0,8.0,8.0,Sí,Sí,Sí
DOCTORADO,III,1,208,D31005,"Quispe Llamoca, Rosa",Metodología de investigación cuantitativos II,10.0,10.0,10.0,10.0,10.0,10.0,Sí,Sí,Sí
DOCTORADO,III,1,208,D31005,"Vargas Merino, Jorge Alberto",Tesis doctoral I (taller),10.0,10.0,10.0,10.0,10.0,10.0,Sí,Sí,Sí
DOCTORADO,III,1,208,D31006,"Bedoya Sanchez, Enrique Osvaldo",Administración estratégica empresarial,7.0,8.0,7.0,7.0,7.0,6.0,Sí,No,No
DOCTORADO,III,1,208,D31006,"Quispe Llamoca, Rosa",Metodología de investigación cuantitativos II,10.0,10.0,9.0,9.0,9.0,10.0,Sí,Sí,Sí
DOCTORADO,III,1,208,D31006,"Vargas Merino, Jorge Alberto",Tesis doctoral I (taller),10.0,10.0,10.0,10.0,10.0,10.0,Sí,Sí,Sí
DOCTORADO,III,1,208,D31007,"Bedoya Sanchez, Enrique Osvaldo",Administración estratégica empresarial,10.0,10.0,7.0,7.0,7.0,7.0,Sí,Sí,Sí
DOCTORADO,III,1,208,D31007,"Quispe Llamoca, Rosa",Metodología de investigación cuantitativos II,10.0,10.0,10.0,10.0,10.0,10.0,Sí,Sí,Sí
DOCTORADO,III,1,208,D31007,"Vargas Merino, Jorge Alberto",Tesis doctoral I (taller),10.0,10.0,10.0,10.0,10.0,10.0,Sí,Sí,Sí
DOCTORADO,I,1,408,D11001,"Revolledo Novoa, Álvaro Arturo",Seminario en epistemología y ética para la investigación,7.0,10.0,10.0,7.0,8.0,8.0,Sí,Sí,A veces
DOCTORADO,I,1,408,D11001,"Quispe Guizado, Robert Michell",Metodología de investigación cualitativa I,10.0,10.0,10.0,10.0,9.0,10.0,Sí,Sí,Sí
DOCTORADO,I,1,408,D11001,"Pacheco Martinez, Guillermo David",Seminario: enfoques emergentes de la administración,3.0,6.0,7.0,5.0,2.0,3.0,A veces,Sí,A veces
DOCTORADO,I,1,408,D11002,"Revolledo Novoa, Álvaro Arturo",Seminario en epistemología y ética para la investigación,10.0,10.0,10.0,10.0,10.0,10.0,Sí,Sí,Sí
DOCTORADO,I,1,408,D11002,"Quispe Guizado, Robert Michell",Metodología de investigación cualitativa I,10.0,10.0,10.0,10.0,10.0,10.0,Sí,Sí,Sí
DOCTORADO,I,1,408,D11002,"Pacheco Martinez, Guillermo David",Seminario: enfoques emergentes de la administración,6.0,9.0,8.0,6.0,7.0,7.0,Sí,Sí,Sí
DOCTORADO,I,1,408,D11003,"Revolledo Novoa, Álvaro Arturo",Seminario en epistemología y ética para la investigación,7.0,10.0,7.0,8.0,7.0,7.0,Sí,Sí,Sí
DOCTORADO,I,1,408,D11003,"Quispe Guizado, Robert Michell",Metodología de investigación cualitativa I,8.0,8.0,7.0,8.0,7.0,7.0,Sí,Sí,Sí
DOCTORADO,I,1,408,D11003,"Pacheco Martinez, Guillermo David",Seminario: enfoques emergentes de la administración,3.0,8.0,7.0,8.0,3.0,7.0,A veces,Sí,Sí
DOCTORADO,I,1,408,D11004,"Revolledo Novoa, Álvaro Arturo",Seminario en epistemología y ética para la investigación,9.0,8.0,8.0,8.0,8.0,9.0,Sí,Sí,Sí
DOCTORADO,I,1,408,D11004,"Quispe Guizado, Robert Michell",Metodología de investigación cualitativa I,9.0,8.0,8.0,8.0,8.0,9.0,Sí,Sí,Sí
DOCTORADO,I,1,408,D11004,"Pacheco Martinez, Guillermo David",Seminario: enfoques emergentes de la administración,8.0,8.0,8.0,8.0,8.0,8.0,Sí,Sí,Sí
DOCTORADO,I,1,408,D11005,"Revolledo Novoa, Álvaro Arturo",Seminario en epistemología y ética para la investigación,8.0,8.0,8.0,8.0,8.0,8.0,Sí,Sí,Sí
DOCTORADO,I,1,408,D11005,"Quispe Guizado, Robert Michell",Metodología de investigación cualitativa I,7.0,8.0,8.0,8.0,8.0,8.0,Sí,Sí,Sí
DOCTORADO,I,1,408,D11005,"Pacheco Martinez, Guillermo David",Seminario: enfoques emergentes de la administración,2.0,6.0,5.0,3.0,1.0,2.0,A veces,Sí,Sí
DOCTORADO,I,1,408,D11006,"Revolledo Novoa, Álvaro Arturo",Seminario en epistemología y ética para la investigación,6.0,8.0,6.0,7.0,6.0,7.0,Sí,Sí,Sí
DOCTORADO,I,1,408,D11006,"Quispe Guizado, Robert Michell",Metodología de investigación cualitativa I,6.0,9.0,8.0,8.0,7.0,8.0,Sí,Sí,Sí
DOCTORADO,I,1,408,D11006,"Pacheco Martinez, Guillermo David",Seminario: enfoques emergentes de la administración,6.0,6.0,6.0,7.0,6.0,7.0,Sí,Sí,Sí
DOCTORADO,I,1,408,D11007,"Revolledo Novoa, Álvaro Arturo",Seminario en epistemología y ética para la investigación,9.0,9.0,9.0,10.0,9.0,9.0,Sí,Sí,Sí
DOCTORADO,I,1,408,D11007,"Quispe Guizado, Robert Michell",Metodología de investigación cualitativa I,9.0,9.0,9.0,9.0,8.0,9.0,Sí,Sí,Sí
DOCTORADO,I,1,408,D11007,"Pacheco Martinez, Guillermo David",Seminario: enfoques emergentes de la administración,6.0,5.0,6.0,5.0,5.0,5.0,Sí,A veces,Sí
DOCTORADO,I,1,408,D11008,"Revolledo Novoa, Álvaro Arturo",Seminario en epistemología y ética para la investigación,10.0,10.0,10.0,10.0,10.0,10.0,Sí,Sí,Sí
DOCTORADO,I,1,408,D11008,"Quispe Guizado, Robert Michell",Metodología de investigación cualitativa I,8.0,9.0,9.0,10.0,9.0,9.0,Sí,Sí,Sí
DOCTORADO,I,1,408,D11008,"Pacheco Martinez, Guillermo David",Seminario: enfoques emergentes de la administración,6.0,10.0,7.0,8.0,5.0,5.0,Sí,Sí,Sí
DOCTORADO,I,1,408,D11009,"Revolledo Novoa, Álvaro Arturo",Seminario en epistemología y ética para la investigación,10.0,10.0,10.0,10.0,10.0,10.0,Sí,Sí,Sí
DOCTORADO,I,1,408,D11009,"Quispe Guizado, Robert Michell",Metodología de investigación cualitativa I,9.0,8.0,9.0,9.0,9.0,9.0,Sí,Sí,Sí
DOCTORADO,I,1,408,D11009,"Pacheco Martinez, Guillermo David",Seminario: enfoques emergentes de la administración,8.0,10.0,9.0,8.0,7.0,8.0,A veces,Sí,Sí
DOCTORADO,I,1,408,D11010,"Revolledo Novoa, Álvaro Arturo",Seminario en epistemología y ética para la investigación,10.0,10.0,10.0,9.0,9.0,10.0,Sí,Sí,Sí
DOCTORADO,I,1,408,D11010,"Quispe Guizado, Robert Michell",Metodología de investigación cualitativa I,10.0,10.0,10.0,10.0,9.0,10.0,Sí,Sí,Sí
DOCTORADO,I,1,408,D11010,"Pacheco Martinez, Guillermo David",Seminario: enfoques emergentes de la administración,6.0,8.0,8.0,9.0,5.0,5.0,Sí,Sí,Sí
DOCTORADO,I,1,408,D11011,"Revolledo Novoa, Álvaro Arturo",Seminario en epistemología y ética para la investigación,10.0,10.0,10.0,10.0,10.0,10.0,Sí,Sí,Sí
DOCTORADO,I,1,408,D11011,"Quispe Guizado, Robert Michell",Metodología de investigación cualitativa I,10.0,10.0,10.0,10.0,10.0,10.0,Sí,Sí,Sí
DOCTORADO,I,1,408,D11011,"Pacheco Martinez, Guillermo David",Seminario: enfoques emergentes de la administración,8.0,10.0,10.0,8.0,8.0,8.0,Sí,Sí,Sí
DOCTORADO,I,1,408,D11012,"Revolledo Novoa, Álvaro Arturo",Seminario en epistemología y ética para la investigación,5.0,10.0,7.0,7.0,4.0,5.0,A veces,A veces,No
DOCTORADO,I,1,408,D11012,"Quispe Guizado, Robert Michell",Metodología de investigación cualitativa I,5.0,10.0,7.0,7.0,4.0,5.0,Sí,A veces,No
DOCTORADO,I,1,408,D11012,"Pacheco Martinez, Guillermo David",Seminario: enfoques emergentes de la administración,1.0,5.0,7.0,5.0,1.0,1.0,No,A veces,No
DOCTORADO,I,1,408,D11013,"Revolledo Novoa, Álvaro Arturo",Seminario en epistemología y ética para la investigación,9.0,10.0,9.0,10.0,8.0,9.0,Sí,Sí,Sí
DOCTORADO,I,1,408,D11013,"Quispe Guizado, Robert Michell",Metodología de investigación cualitativa I,9.0,9.0,10.0,10.0,8.0,9.0,Sí,Sí,Sí
DOCTORADO,I,1,408,D11013,"Pacheco Martinez, Guillermo David",Seminario: enfoques emergentes de la administración,3.0,5.0,7.0,3.0,2.0,1.0,A veces,Sí,Sí
DOCTORADO,I,1,408,D11014,"Revolledo Novoa, Álvaro Arturo",Seminario en epistemología y ética para la investigación,10.0,10.0,10.0,10.0,10.0,10.0,Sí,Sí,Sí
DOCTORADO,I,1,408,D11014,"Quispe Guizado, Robert Michell",Metodología de investigación cualitativa I,10.0,10.0,10.0,10.0,10.0,10.0,Sí,Sí,Sí
DOCTORADO,I,1,408,D11014,"Pacheco Martinez, Guillermo David",Seminario: enfoques emergentes de la administración,1.0,4.0,4.0,4.0,1.0,1.0,Sí,Sí,Sí
DOCTORADO,I,1,408,D11015,"Revolledo Novoa, Álvaro Arturo",Seminario en epistemología y ética para la investigación,8.0,8.0,10.0,9.0,8.0,9.0,Sí,Sí,Sí
DOCTORADO,I,1,408,D11015,"Quispe Guizado, Robert Michell",Metodología de investigación cualitativa I,10.0,9.0,10.0,9.0,8.0,9.0,Sí,Sí,Sí
DOCTORADO,I,1,408,D11015,"Pacheco Martinez, Guillermo David",Seminario: enfoques emergentes de la administración,8.0,9.0,9.0,8.0,8.0,8.0,Sí,Sí,Sí
DOCTORADO,I,1,408,D11016,"Revolledo Novoa, Álvaro Arturo",Seminario en epistemología y ética para la investigación,10.0,10.0,9.0,10.0,10.0,9.0,Sí,Sí,Sí
DOCTORADO,I,1,408,D11016,"Quispe Guizado, Robert Michell",Metodología de investigación cualitativa I,8.0,8.0,9.0,10.0,8.0,9.0,Sí,Sí,Sí
DOCTORADO,I,1,408,D11016,"Pacheco Martinez, Guillermo David",Seminario: enfoques emergentes de la administración,4.0,8.0,7.0,7.0,2.0,2.0,A veces,Sí,Sí
DOCTORADO,I,1,408,D11017,"Revolledo Novoa, Álvaro Arturo",Seminario en epistemología y ética para la investigación,9.0,9.0,9.0,9.0,9.0,9.0,Sí,Sí,Sí
DOCTORADO,I,1,408,D11017,"Quispe Guizado, Robert Michell",Metodología de investigación cualitativa I,9.0,9.0,9.0,9.0,9.0,9.0,Sí,Sí,Sí
DOCTORADO,I,1,408,D11017,"Pacheco Martinez, Guillermo David",Seminario: enfoques emergentes de la administración,9.0,9.0,9.0,9.0,9.0,9.0,Sí,Sí,Sí
DOCTORADO,I,1,408,D11018,"Revolledo Novoa, Álvaro Arturo",Seminario en epistemología y ética para la investigación,8.0,9.0,9.0,9.0,8.0,9.0,Sí,Sí,Sí
DOCTORADO,I,1,408,D11018,"Quispe Guizado, Robert Michell",Metodología de investigación cualitativa I,8.0,9.0,9.0,9.0,8.0,9.0,Sí,Sí,Sí
DOCTORADO,I,1,408,D11018,"Pacheco Martinez, Guillermo David",Seminario: enfoques emergentes de la administración,5.0,5.0,5.0,5.0,4.0,5.0,A veces,Sí,Sí
GESTIÓN EMPRESARIAL,IV,1,201,GE41001,"Bancayan Oré, Carlos Armando",Taller de Investigación IV (Informe Final de Tesis),10.0,8.0,8.0,8.0,6.0,8.0,A veces,Sí,A veces
GESTIÓN EMPRESARIAL,IV,1,201,GE41001,"Salas Biondi, Luis Leonidas",Dirección Estratégica,5.0,8.0,5.0,4.0,5.0,5.0,Sí,Sí,No
GESTIÓN EMPRESARIAL,IV,1,201,GE41001,"Chiscul Padilla, Miguel Angel",Negocios Internacionales,10.0,10.0,10.0,10.0,7.0,6.0,Sí,Sí,Sí
GESTIÓN EMPRESARIAL,IV,1,201,GE41001,"Alvarado Tolentino, James Manolo",Finanzas Sostenibles - Electivo,8.0,8.0,8.0,8.0,7.0,5.0,A veces,Sí,No
GESTIÓN EMPRESARIAL,IV,1,201,GE41002,"Bancayan Oré, Carlos Armando",Taller de Investigación IV (Informe Final de Tesis),8.0,8.0,9.0,8.0,8.0,7.0,A veces,Sí,No
GESTIÓN EMPRESARIAL,IV,1,201,GE41002,"Salas Biondi, Luis Leonidas",Dirección Estratégica,9.0,9.0,9.0,9.0,9.0,9.0,Sí,Sí,Sí
GESTIÓN EMPRESARIAL,IV,1,201,GE41002,"Chiscul Padilla, Miguel Angel",Negocios Internacionales,10.0,10.0,10.0,10.0,10.0,10.0,Sí,Sí,Sí
GESTIÓN EMPRESARIAL,IV,1,201,GE41002,"Alvarado Tolentino, James Manolo",Finanzas Sostenibles - Electivo,8.0,7.0,7.0,8.0,7.0,7.0,A veces,Sí,A veces
GESTIÓN EMPRESARIAL,IV,1,201,GE41003,"Bancayan Oré, Carlos Armando",Taller de Investigación IV (Informe Final de Tesis),9.0,9.0,9.0,9.0,9.0,8.0,A veces,Sí,A veces
GESTIÓN EMPRESARIAL,IV,1,201,GE41003,"Salas Biondi, Luis Leonidas",Dirección Estratégica,9.0,9.0,9.0,9.0,9.0,9.0,Sí,Sí,Sí
GESTIÓN EMPRESARIAL,IV,1,201,GE41003,"Chiscul Padilla, Miguel Angel",Negocios Internacionales,10.0,10.0,10.0,10.0,10.0,10.0,Sí,Sí,Sí
GESTIÓN EMPRESARIAL,IV,1,201,GE41003,"Alvarado Tolentino, James Manolo",Finanzas Sostenibles - Electivo,8.0,8.0,8.0,9.0,9.0,9.0,A veces,Sí,A veces
GESTIÓN EMPRESARIAL,IV,1,201,GE41004,"Bancayan Oré, Carlos Armando",Taller de Investigación IV (Informe Final de Tesis),7.0,7.0,7.0,7.0,3.0,4.0,A veces,Sí,Sí
GESTIÓN EMPRESARIAL,IV,1,201,GE41004,"Salas Biondi, Luis Leonidas",Dirección Estratégica,5.0,6.0,5.0,2.0,1.0,2.0,Sí,Sí,Sí
GESTIÓN EMPRESARIAL,IV,1,201,GE41004,"Chiscul Padilla, Miguel Angel",Negocios Internacionales,6.0,6.0,5.0,5.0,6.0,3.0,Sí,Sí,Sí
GESTIÓN EMPRESARIAL,IV,1,201,GE41004,"Tupac Travezaño, Sara Ysabel",Logística Internacional - Electivo,6.0,6.0,5.0,5.0,6.0,3.0,Sí,Sí,Sí
GESTIÓN EMPRESARIAL,IV,1,201,GE41005,"Bancayan Oré, Carlos Armando",Taller de Investigación IV (Informe Final de Tesis),6.0,8.0,7.0,8.0,8.0,6.0,Sí,Sí,Sí
GESTIÓN EMPRESARIAL,IV,1,201,GE41005,"Salas Biondi, Luis Leonidas",Dirección Estratégica,9.0,10.0,10.0,10.0,9.0,9.0,Sí,Sí,Sí
GESTIÓN EMPRESARIAL,IV,1,201,GE41005,"Chiscul Padilla, Miguel Angel",Negocios Internacionales,8.0,8.0,7.0,7.0,7.0,9.0,Sí,Sí,Sí
GESTIÓN EMPRESARIAL,IV,1,201,GE41005,"Castro Perez, Luis Alonso",Empowerment y Coaching Empresarial - Electivo,6.0,8.0,7.0,5.0,5.0,7.0,Sí,Sí,Sí
GESTIÓN EMPRESARIAL,IV,1,201,GE41006,"Bancayan Oré, Carlos Armando",Taller de Investigación IV (Informe Final de Tesis),10.0,10.0,9.0,9.0,9.0,9.0,Sí,Sí,Sí
GESTIÓN EMPRESARIAL,IV,1,201,GE41006,"Salas Biondi, Luis Leonidas",Dirección Estratégica,10.0,10.0,9.0,9.0,9.0,9.0,Sí,Sí,Sí
GESTIÓN EMPRESARIAL,IV,1,201,GE41006,"Chiscul Padilla, Miguel Angel",Negocios Internacionales,10.0,10.0,9.0,9.0,9.0,9.0,Sí,Sí,Sí
GESTIÓN EMPRESARIAL,IV,1,201,GE41006,"Castro Perez, Luis Alonso",Empowerment y Coaching Empresarial - Electivo,8.0,8.0,8.0,8.0,6.0,6.0,Sí,Sí,Sí
GESTIÓN EMPRESARIAL,IV,1,201,GE41007,"Bancayan Oré, Carlos Armando",Taller de Investigación IV (Informe Final de Tesis),9.0,10.0,8.0,8.0,9.0,9.0,Sí,Sí,Sí
GESTIÓN EMPRESARIAL,IV,1,201,GE41007,"Salas Biondi, Luis Leonidas",Dirección Estratégica,10.0,10.0,10.0,9.0,10.0,10.0,Sí,Sí,Sí
GESTIÓN EMPRESARIAL,IV,1,201,GE41007,"Chiscul Padilla, Miguel Angel",Negocios Internacionales,9.0,10.0,9.0,9.0,9.0,9.0,Sí,Sí,Sí
GESTIÓN EMPRESARIAL,IV,1,201,GE41007,"Alvarado Tolentino, James Manolo",Finanzas Sostenibles - Electivo,9.0,9.0,10.0,8.0,9.0,9.0,Sí,Sí,Sí
GESTIÓN EMPRESARIAL,IV,1,201,GE41008,"Bancayan Oré, Carlos Armando",Taller de Investigación IV (Informe Final de Tesis),8.0,8.0,8.0,8.0,8.0,8.0,Sí,Sí,Sí
GESTIÓN EMPRESARIAL,IV,1,201,GE41008,"Salas Biondi, Luis Leonidas",Dirección Estratégica,8.0,8.0,8.0,8.0,8.0,8.0,Sí,Sí,Sí
GESTIÓN EMPRESARIAL,IV,1,201,GE41008,"Chiscul Padilla, Miguel Angel",Negocios Internacionales,8.0,8.0,8.0,8.0,8.0,8.0,Sí,Sí,Sí
GESTIÓN EMPRESARIAL,IV,1,201,GE41008,"Castro Perez, Luis Alonso",Empowerment y Coaching Empresarial - Electivo,8.0,8.0,8.0,8.0,8.0,8.0,Sí,Sí,Sí
GESTIÓN EMPRESARIAL,IV,1,201,GE41009,"Bancayan Oré, Carlos Armando",Taller de Investigación IV (Informe Final de Tesis),10.0,9.0,9.0,7.0,9.0,9.0,Sí,Sí,Sí
GESTIÓN EMPRESARIAL,IV,1,201,GE41009,"Salas Biondi, Luis Leonidas",Dirección Estratégica,10.0,9.0,5.0,5.0,8.0,8.0,Sí,Sí,Sí
GESTIÓN EMPRESARIAL,IV,1,201,GE41009,"Chiscul Padilla, Miguel Angel",Negocios Internacionales,10.0,9.0,9.0,8.0,8.0,8.0,Sí,Sí,Sí
GESTIÓN EMPRESARIAL,IV,1,201,GE41009,"Tupac Travezaño, Sara Ysabel",Logística Internacional - Electivo,10.0,9.0,9.0,8.0,8.0,8.0,Sí,Sí,Sí
GESTIÓN EMPRESARIAL,IV,1,201,GE41010,"Bancayan Oré, Carlos Armando",Taller de Investigación IV (Informe Final de Tesis),9.0,10.0,9.0,8.0,8.0,8.0,Sí,Sí,Sí
GESTIÓN EMPRESARIAL,IV,1,201,GE41010,"Salas Biondi, Luis Leonidas",Dirección Estratégica,10.0,10.0,9.0,9.0,9.0,10.0,Sí,Sí,Sí
GESTIÓN EMPRESARIAL,IV,1,201,GE41010,"Chiscul Padilla, Miguel Angel",Negocios Internacionales,9.0,10.0,9.0,8.0,8.0,9.0,Sí,Sí,Sí
GESTIÓN EMPRESARIAL,IV,1,201,GE41010,"Alvarado Tolentino, James Manolo",Finanzas Sostenibles - Electivo,9.0,9.0,8.0,8.0,8.0,9.0,A veces,Sí,Sí
GESTIÓN EMPRESARIAL,IV,1,201,GE41011,"Bancayan Oré, Carlos Armando",Taller de Investigación IV (Informe Final de Tesis),7.0,7.0,8.0,8.0,8.0,8.0,Sí,Sí,Sí
GESTIÓN EMPRESARIAL,IV,1,201,GE41011,"Salas Biondi, Luis Leonidas",Dirección Estratégica,8.0,8.0,8.0,8.0,8.0,8.0,Sí,Sí,Sí
GESTIÓN EMPRESARIAL,IV,1,201,GE41011,"Chiscul Padilla, Miguel Angel",Negocios Internacionales,9.0,9.0,9.0,9.0,9.0,9.0,Sí,Sí,Sí
GESTIÓN EMPRESARIAL,IV,1,201,GE41011,"Tupac Travezaño, Sara Ysabel",Logística Internacional - Electivo,8.0,8.0,8.0,8.0,8.0,8.0,Sí,Sí,
GESTIÓN EMPRESARIAL,IV,1,201,GE41012,"Bancayan Oré, Carlos Armando",Taller de Investigación IV (Informe Final de Tesis),10.0,10.0,9.0,9.0,9.0,9.0,Sí,Sí,Sí
GESTIÓN EMPRESARIAL,IV,1,201,GE41012,"Salas Biondi, Luis Leonidas",Dirección Estratégica,9.0,10.0,9.0,9.0,8.0,9.0,Sí,Sí,Sí
GESTIÓN EMPRESARIAL,IV,1,201,GE41012,"Chiscul Padilla, Miguel Angel",Negocios Internacionales,9.0,9.0,9.0,9.0,9.0,9.0,Sí,Sí,Sí
GESTIÓN EMPRESARIAL,IV,1,201,GE41012,"Castro Perez, Luis Alonso",Empowerment y Coaching Empresarial - Electivo,8.0,9.0,8.0,8.0,7.0,8.0,Sí,Sí,Sí
GESTIÓN EMPRESARIAL,IV,1,201,GE41013,"Bancayan Oré, Carlos Armando",Taller de Investigación IV (Informe Final de Tesis),10.0,10.0,10.0,10.0,10.0,10.0,Sí,Sí,Sí
GESTIÓN EMPRESARIAL,IV,1,201,GE41013,"Salas Biondi, Luis Leonidas",Dirección Estratégica,10.0,10.0,10.0,10.0,5.0,5.0,Sí,Sí,Sí
GESTIÓN EMPRESARIAL,IV,1,201,GE41013,"Chiscul Padilla, Miguel Angel",Negocios Internacionales,10.0,10.0,8.0,5.0,5.0,8.0,Sí,Sí,Sí
GESTIÓN EMPRESARIAL,IV,1,201,GE41013,"Alvarado Tolentino, James Manolo",Finanzas Sostenibles - Electivo,8.0,10.0,8.0,5.0,5.0,8.0,Sí,Sí,Sí
GESTIÓN EMPRESARIAL,IV,1,201,GE41014,"Bancayan Oré, Carlos Armando",Taller de Investigación IV (Informe Final de Tesis),8.0,9.0,9.0,8.0,8.0,8.0,No,Sí,No
GESTIÓN EMPRESARIAL,IV,1,201,GE41014,"Salas Biondi, Luis Leonidas",Dirección Estratégica,9.0,9.0,9.0,9.0,8.0,8.0,Sí,Sí,Sí
GESTIÓN EMPRESARIAL,IV,1,201,GE41014,"Chiscul Padilla, Miguel Angel",Negocios Internacionales,8.0,9.0,9.0,9.0,8.0,8.0,Sí,Sí,Sí
GESTIÓN EMPRESARIAL,IV,1,201,GE41014,"Alvarado Tolentino, James Manolo",Finanzas Sostenibles - Electivo,8.0,9.0,8.0,8.0,8.0,8.0,No,Sí,Sí
GESTIÓN EMPRESARIAL,IV,1,201,GE41015,"Bancayan Oré, Carlos Armando",Taller de Investigación IV (Informe Final de Tesis),5.0,5.0,5.0,8.0,5.0,8.0,Sí,Sí,Sí
GESTIÓN EMPRESARIAL,IV,1,201,GE41015,"Salas Biondi, Luis Leonidas",Dirección Estratégica,9.0,9.0,7.0,8.0,9.0,7.0,Sí,Sí,Sí
GESTIÓN EMPRESARIAL,IV,1,201,GE41015,"Chiscul Padilla, Miguel Angel",Negocios Internacionales,7.0,7.0,6.0,5.0,7.0,6.0,Sí,Sí,Sí
GESTIÓN EMPRESARIAL,IV,1,201,GE41015,"Tupac Travezaño, Sara Ysabel",Logística Internacional - Electivo,3.0,4.0,3.0,2.0,4.0,3.0,Sí,Sí,Sí
GESTIÓN EMPRESARIAL,IV,1,201,GE41016,"Bancayan Oré, Carlos Armando",Taller de Investigación IV (Informe Final de Tesis),10.0,10.0,10.0,10.0,10.0,10.0,Sí,Sí,Sí
GESTIÓN EMPRESARIAL,IV,1,201,GE41016,"Salas Biondi, Luis Leonidas",Dirección Estratégica,10.0,10.0,10.0,10.0,10.0,10.0,Sí,Sí,Sí
GESTIÓN EMPRESARIAL,IV,1,201,GE41016,"Chiscul Padilla, Miguel Angel",Negocios Internacionales,8.0,8.0,8.0,7.0,8.0,8.0,Sí,Sí,Sí
GESTIÓN EMPRESARIAL,IV,1,201,GE41016,"Tupac Travezaño, Sara Ysabel",Logística Internacional - Electivo,7.0,8.0,8.0,8.0,8.0,8.0,Sí,Sí,Sí
GESTIÓN EMPRESARIAL,IV,1,201,GE41017,"Zamora Ruiz, Karla",Taller de Investigación IV (Informe Final de Tesis),9.0,9.0,9.0,9.0,9.0,9.0,Sí,Sí,Sí
GESTIÓN EMPRESARIAL,IV,1,201,GE41017,"Salas Biondi, Luis Leonidas",Dirección Estratégica,9.0,9.0,9.0,9.0,9.0,9.0,Sí,Sí,Sí
GESTIÓN EMPRESARIAL,IV,1,201,GE41017,"Chiscul Padilla, Miguel Angel",Negocios Internacionales,9.0,9.0,9.0,9.0,9.0,9.0,Sí,Sí,Sí
GESTIÓN EMPRESARIAL,IV,1,201,GE41017,"Bacigalupo Pozo, Juan Alberto",Finanzas Sostenibles - Electivo,9.0,9.0,9.0,9.0,9.0,9.0,Sí,Sí,Sí
GESTIÓN EMPRESARIAL,IV,1,201,GE41018,"Bancayan Oré, Carlos Armando",Taller de Investigación IV (Informe Final de Tesis),10.0,9.0,9.0,8.0,9.0,9.0,Sí,Sí,Sí
GESTIÓN EMPRESARIAL,IV,1,201,GE41018,"Salas Biondi, Luis Leonidas",Dirección Estratégica,8.0,8.0,8.0,7.0,7.0,7.0,Sí,Sí,Sí
GESTIÓN EMPRESARIAL,IV,1,201,GE41018,"Chiscul Padilla, Miguel Angel",Negocios Internacionales,7.0,6.0,6.0,5.0,5.0,5.0,Sí,Sí,Sí
GESTIÓN EMPRESARIAL,IV,1,201,GE41018,"Castro Perez, Luis Alonso",Empowerment y Coaching Empresarial - Electivo,7.0,7.0,7.0,7.0,6.0,6.0,Sí,Sí,Sí
GESTIÓN EMPRESARIAL,IV,1,201,GE41019,"Bancayan Oré, Carlos Armando",Taller de Investigación IV (Informe Final de Tesis),10.0,10.0,10.0,10.0,10.0,10.0,Sí,No,No
GESTIÓN EMPRESARIAL,IV,1,201,GE41019,"Salas Biondi, Luis Leonidas",Dirección Estratégica,10.0,10.0,10.0,10.0,10.0,10.0,Sí,Sí,Sí
GESTIÓN EMPRESARIAL,IV,1,201,GE41019,"Chiscul Padilla, Miguel Angel",Negocios Internacionales,6.0,6.0,6.0,6.0,6.0,6.0,Sí,No,No
GESTIÓN EMPRESARIAL,IV,1,201,GE41019,"Tupac Travezaño, Sara Ysabel",Logística Internacional - Electivo,6.0,6.0,6.0,6.0,6.0,6.0,Sí,Sí,Sí
GESTIÓN EMPRESARIAL,IV,1,201,GE41020,"Bancayan Oré, Carlos Armando",Taller de Investigación IV (Informe Final de Tesis),10.0,10.0,10.0,10.0,10.0,10.0,Sí,Sí,Sí
GESTIÓN EMPRESARIAL,IV,1,201,GE41020,"Salas Biondi, Luis Leonidas",Dirección Estratégica,10.0,10.0,10.0,10.0,10.0,10.0,Sí,Sí,Sí
GESTIÓN EMPRESARIAL,IV,1,201,GE41020,"Chiscul Padilla, Miguel Angel",Negocios Internacionales,10.0,10.0,10.0,10.0,10.0,10.0,Sí,Sí,Sí
GESTIÓN EMPRESARIAL,IV,1,201,GE41020,"Castro Perez, Luis Alonso",Empowerment y Coaching Empresarial - Electivo,10.0,10.0,10.0,10.0,10.0,10.0,Sí,Sí,Sí
GESTIÓN EMPRESARIAL,IV,1,201,GE41021,"Bancayan Oré, Carlos Armando",Taller de Investigación IV (Informe Final de Tesis),9.0,10.0,7.0,9.0,8.0,8.0,Sí,Sí,Sí
GESTIÓN EMPRESARIAL,IV,1,201,GE41021,"Salas Biondi, Luis Leonidas",Dirección Estratégica,9.0,9.0,9.0,9.0,9.0,9.0,Sí,Sí,Sí
GESTIÓN EMPRESARIAL,IV,1,201,GE41021,"Chiscul Padilla, Miguel Angel",Negocios Internacionales,9.0,8.0,9.0,8.0,9.0,8.0,Sí,Sí,Sí
GESTIÓN EMPRESARIAL,IV,1,201,GE41021,"Tupac Travezaño, Sara Ysabel",Logística Internacional - Electivo,8.0,9.0,8.0,9.0,9.0,9.0,Sí,Sí,Sí
GESTIÓN EMPRESARIAL,IV,1,201,GE41022,"Bancayan Oré, Carlos Armando",Taller de Investigación IV (Informe Final de Tesis),10.0,10.0,9.0,8.0,9.0,9.0,Sí,Sí,Sí
GESTIÓN EMPRESARIAL,IV,1,201,GE41022,"Salas Biondi, Luis Leonidas",Dirección Estratégica,10.0,10.0,10.0,9.0,9.0,9.0,Sí,Sí,Sí
GESTIÓN EMPRESARIAL,IV,1,201,GE41022,"Chiscul Padilla, Miguel Angel",Negocios Internacionales,9.0,9.0,9.0,8.0,9.0,9.0,Sí,Sí,Sí
GESTIÓN EMPRESARIAL,IV,1,201,GE41022,"Tupac Travezaño, Sara Ysabel",Logística Internacional - Electivo,9.0,9.0,9.0,8.0,9.0,8.0,Sí,Sí,Sí
GESTIÓN EMPRESARIAL,IV,1,201,GE41023,"Bancayan Oré, Carlos Armando",Taller de Investigación IV (Informe Final de Tesis),10.0,10.0,9.0,8.0,9.0,8.0,Sí,Sí,Sí
GESTIÓN EMPRESARIAL,IV,1,201,GE41023,"Salas Biondi, Luis Leonidas",Dirección Estratégica,9.0,9.0,8.0,8.0,7.0,8.0,Sí,Sí,Sí
GESTIÓN EMPRESARIAL,IV,1,201,GE41023,"Chiscul Padilla, Miguel Angel",Negocios Internacionales,7.0,9.0,7.0,8.0,6.0,7.0,Sí,Sí,Sí
GESTIÓN EMPRESARIAL,IV,1,201,GE41023,"Tupac Travezaño, Sara Ysabel",Logística Internacional - Electivo,8.0,10.0,8.0,8.0,8.0,8.0,Sí,Sí,Sí
GESTIÓN EMPRESARIAL,IV,1,201,GE41023,"Bancayan Oré, Carlos Armando",Taller de Investigación IV (Informe Final de Tesis),9.0,10.0,10.0,9.0,10.0,9.0,Sí,Sí,Sí
GESTIÓN EMPRESARIAL,IV,1,201,GE41023,"Salas Biondi, Luis Leonidas",Dirección Estratégica,8.0,9.0,9.0,9.0,10.0,9.0,Sí,Sí,Sí
GESTIÓN EMPRESARIAL,IV,1,201,GE41023,"Chiscul Padilla, Miguel Angel",Negocios Internacionales,9.0,9.0,9.0,8.0,8.0,8.0,Sí,Sí,Sí
GESTIÓN EMPRESARIAL,IV,1,201,GE41023,"Alvarado Tolentino, James Manolo",Finanzas Sostenibles - Electivo,9.0,9.0,,8.0,8.0,8.0,Sí,Sí,Sí
GESTIÓN EMPRESARIAL,IV,1,201,GE41024,"Bancayan Oré, Carlos Armando",Taller de Investigación IV (Informe Final de Tesis),10.0,10.0,5.0,4.0,5.0,7.0,No,No,No
GESTIÓN EMPRESARIAL,IV,1,201,GE41024,"Salas Biondi, Luis Leonidas",Dirección Estratégica,10.0,10.0,2.0,1.0,1.0,2.0,Sí,Sí,Sí
GESTIÓN EMPRESARIAL,IV,1,201,GE41024,"Chiscul Padilla, Miguel Angel",Negocios Internacionales,10.0,10.0,8.0,9.0,8.0,8.0,Sí,Sí,Sí
GESTIÓN EMPRESARIAL,IV,1,201,GE41024,"Tupac Travezaño, Sara Ysabel",Logística Internacional - Electivo,10.0,10.0,9.0,10.0,10.0,10.0,Sí,Sí,Sí
GESTIÓN EMPRESARIAL,IV,1,201,GE41025,"Bancayan Oré, Carlos Armando",Taller de Investigación IV (Informe Final de Tesis),10.0,10.0,10.0,10.0,10.0,10.0,Sí,Sí,Sí
GESTIÓN EMPRESARIAL,IV,1,201,GE41025,"Salas Biondi, Luis Leonidas",Dirección Estratégica,10.0,10.0,10.0,5.0,10.0,10.0,Sí,Sí,Sí
GESTIÓN EMPRESARIAL,IV,1,201,GE41025,"Chiscul Padilla, Miguel Angel",Negocios Internacionales,10.0,10.0,10.0,10.0,10.0,10.0,Sí,Sí,Sí
GESTIÓN EMPRESARIAL,IV,1,201,GE41025,"Castro Perez, Luis Alonso",Empowerment y Coaching Empresarial - Electivo,10.0,10.0,10.0,10.0,10.0,10.0,Sí,Sí,Sí
GESTIÓN EMPRESARIAL,IV,1,201,GE41026,"Bancayan Oré, Carlos Armando",Taller de Investigación IV (Informe Final de Tesis),9.0,10.0,8.0,8.0,8.0,8.0,Sí,Sí,A veces
GESTIÓN EMPRESARIAL,IV,1,201,GE41026,"Salas Biondi, Luis Leonidas",Dirección Estratégica,9.0,10.0,9.0,9.0,9.0,9.0,Sí,Sí,A veces
GESTIÓN EMPRESARIAL,IV,1,201,GE41026,"Chiscul Padilla, Miguel Angel",Negocios Internacionales,10.0,10.0,9.0,9.0,9.0,9.0,Sí,Sí,A veces
GESTIÓN EMPRESARIAL,IV,1,201,GE41026,"Castro Perez, Luis Alonso",Empowerment y Coaching Empresarial - Electivo,7.0,7.0,6.0,6.0,6.0,6.0,Sí,Sí,A veces
GESTIÓN EMPRESARIAL,IV,1,201,GE41027,"Bancayan Oré, Carlos Armando",Taller de Investigación IV (Informe Final de Tesis),9.0,10.0,10.0,9.0,10.0,9.0,Sí,Sí,Sí
GESTIÓN EMPRESARIAL,IV,1,201,GE41027,"Salas Biondi, Luis Leonidas",Dirección Estratégica,10.0,10.0,9.0,9.0,9.0,9.0,Sí,Sí,Sí
GESTIÓN EMPRESARIAL,IV,1,201,GE41027,"Chiscul Padilla, Miguel Angel",Negocios Internacionales,9.0,10.0,9.0,9.0,9.0,9.0,Sí,Sí,Sí
GESTIÓN EMPRESARIAL,IV,1,201,GE41027,"Castro Perez, Luis Alonso",Empowerment y Coaching Empresarial - Electivo,9.0,10.0,9.0,9.0,8.0,9.0,Sí,Sí,Sí
GESTIÓN EMPRESARIAL,IV,1,201,GE41029,"Bancayan Oré, Carlos Armando",Taller de Investigación IV (Informe Final de Tesis),8.0,9.0,7.0,6.0,5.0,7.0,Sí,Sí,Sí
GESTIÓN EMPRESARIAL,IV,1,201,GE41029,"Salas Biondi, Luis Leonidas",Dirección Estratégica,8.0,8.0,4.0,4.0,4.0,6.0,Sí,Sí,Sí
GESTIÓN EMPRESARIAL,IV,1,201,GE41029,"Chiscul Padilla, Miguel Angel",Negocios Internacionales,7.0,8.0,4.0,4.0,5.0,6.0,Sí,Sí,Sí
GESTIÓN EMPRESARIAL,IV,1,201,GE41029,"Tupac Travezaño, Sara Ysabel",Logística Internacional - Electivo,5.0,7.0,4.0,4.0,4.0,6.0,Sí,Sí,Sí
GESTIÓN EMPRESARIAL,III,2,202,GE32001,"Palmer Torres, Jussara Inez Anaí",Taller de Investigación III -Fundamentos de Estadistica,10.0,10.0,9.0,9.0,10.0,9.0,Sí,Sí,Sí
GESTIÓN EMPRESARIAL,III,2,202,GE32001,"García Chumioque, Florisa Graciela",Sistemas de Información Gerencial,10.0,10.0,9.0,9.0,10.0,10.0,Sí,Sí,Sí
GESTIÓN EMPRESARIAL,III,2,202,GE32001,"Podestá Cuadros, Sergio Fernando",Responsabilidad Social Empresarial,10.0,10.0,10.0,10.0,10.0,10.0,Sí,Sí,Sí
GESTIÓN EMPRESARIAL,III,2,202,GE32001,"Bacigalupo Pozo, Juan Alberto",Finanzas Sostenibles - Electivo,,,,,,,,,
GESTIÓN EMPRESARIAL,III,2,202,GE32001,"Fiestas Pflucker, Jorge Adalberto",Empowerment y Coaching Empresarial - Electivo,9.0,10.0,9.0,9.0,9.0,9.0,Sí,Sí,Sí
GESTIÓN EMPRESARIAL,III,2,202,GE32002,"Palmer Torres, Jussara Inez Anaí",Taller de Investigación III -Fundamentos de Estadistica,10.0,10.0,10.0,10.0,10.0,10.0,Sí,Sí,Sí
GESTIÓN EMPRESARIAL,III,2,202,GE32002,"García Chumioque, Florisa Graciela",Sistemas de Información Gerencial,9.0,9.0,9.0,9.0,8.0,9.0,Sí,Sí,Sí
GESTIÓN EMPRESARIAL,III,2,202,GE32002,"Podestá Cuadros, Sergio Fernando",Responsabilidad Social Empresarial,9.0,9.0,9.0,9.0,9.0,8.0,Sí,Sí,Sí
GESTIÓN EMPRESARIAL,III,2,202,GE32002,"Bacigalupo Pozo, Juan Alberto",Finanzas Sostenibles - Electivo,,,,,,,,,
GESTIÓN EMPRESARIAL,III,2,202,GE32002,"Fiestas Pflucker, Jorge Adalberto",Empowerment y Coaching Empresarial - Electivo,9.0,9.0,9.0,9.0,9.0,9.0,Sí,Sí,Sí
GESTIÓN EMPRESARIAL,III,2,202,GE32003,"Palmer Torres, Jussara Inez Anaí",Taller de Investigación III -Fundamentos de Estadistica,9.0,10.0,10.0,9.0,8.0,8.0,Sí,Sí,Sí
GESTIÓN EMPRESARIAL,III,2,202,GE32003,"García Chumioque, Florisa Graciela",Sistemas de Información Gerencial,8.0,8.0,9.0,9.0,8.0,,Sí,Sí,Sí
GESTIÓN EMPRESARIAL,III,2,202,GE32003,"Podestá Cuadros, Sergio Fernando",Responsabilidad Social Empresarial,9.0,10.0,10.0,9.0,10.0,9.0,Sí,Sí,Sí
GESTIÓN EMPRESARIAL,III,2,202,GE32003,"Bacigalupo Pozo, Juan Alberto",Finanzas Sostenibles - Electivo,9.0,10.0,9.0,7.0,8.0,8.0,A veces,Sí,Sí
GESTIÓN EMPRESARIAL,III,2,202,GE32003,"Fiestas Pflucker, Jorge Adalberto",Empowerment y Coaching Empresarial - Electivo,,,,,,,,,
GESTIÓN EMPRESARIAL,III,2,202,GE32004,"Palmer Torres, Jussara Inez Anaí",Taller de Investigación III -Fundamentos de Estadistica,7.0,9.0,8.0,6.0,6.0,6.0,Sí,Sí,Sí
GESTIÓN EMPRESARIAL,III,2,202,GE32004,"García Chumioque, Florisa Graciela",Sistemas de Información Gerencial,9.0,9.0,9.0,9.0,10.0,10.0,Sí,Sí,Sí
GESTIÓN EMPRESARIAL,III,2,202,GE32004,"Podestá Cuadros, Sergio Fernando",Responsabilidad Social Empresarial,10.0,10.0,9.0,10.0,9.0,9.0,Sí,Sí,Sí
GESTIÓN EMPRESARIAL,III,2,202,GE32004,"Bacigalupo Pozo, Juan Alberto",Finanzas Sostenibles - Electivo,,,,,,,,,
GESTIÓN EMPRESARIAL,III,2,202,GE32004,"Fiestas Pflucker, Jorge Adalberto",Empowerment y Coaching Empresarial - Electivo,9.0,10.0,9.0,9.0,9.0,9.0,Sí,Sí,Sí
GESTIÓN EMPRESARIAL,III,2,202,GE32005,"Palmer Torres, Jussara Inez Anaí",Taller de Investigación III -Fundamentos de Estadistica,8.0,9.0,9.0,7.0,7.0,7.0,Sí,Sí,Sí
GESTIÓN EMPRESARIAL,III,2,202,GE32005,"García Chumioque, Florisa Graciela",Sistemas de Información Gerencial,7.0,7.0,6.0,6.0,5.0,5.0,Sí,Sí,Sí
GESTIÓN EMPRESARIAL,III,2,202,GE32005,"Podestá Cuadros, Sergio Fernando",Responsabilidad Social Empresarial,8.0,8.0,8.0,8.0,8.0,8.0,Sí,Sí,Sí
GESTIÓN EMPRESARIAL,III,2,202,GE32005,"Bacigalupo Pozo, Juan Alberto",Finanzas Sostenibles - Electivo,,,,,,,,,
GESTIÓN EMPRESARIAL,III,2,202,GE32005,"Fiestas Pflucker, Jorge Adalberto",Empowerment y Coaching Empresarial - Electivo,6.0,6.0,6.0,6.0,6.0,6.0,Sí,Sí,Sí
GESTIÓN EMPRESARIAL,III,2,202,GE32006,"Palmer Torres, Jussara Inez Anaí",Taller de Investigación III -Fundamentos de Estadistica,9.0,10.0,9.0,9.0,9.0,9.0,Sí,Sí,Sí
GESTIÓN EMPRESARIAL,III,2,202,GE32006,"García Chumioque, Florisa Graciela",Sistemas de Información Gerencial,9.0,9.0,10.0,9.0,10.0,9.0,Sí,Sí,Sí
GESTIÓN EMPRESARIAL,III,2,202,GE32006,"Podestá Cuadros, Sergio Fernando",Responsabilidad Social Empresarial,9.0,10.0,10.0,10.0,9.0,10.0,Sí,Sí,Sí
GESTIÓN EMPRESARIAL,III,2,202,GE32006,"Bacigalupo Pozo, Juan Alberto",Finanzas Sostenibles - Electivo,,,,,,,,,
GESTIÓN EMPRESARIAL,III,2,202,GE32006,"Fiestas Pflucker, Jorge Adalberto",Empowerment y Coaching Empresarial - Electivo,8.0,9.0,9.0,9.0,8.0,8.0,Sí,Sí,Sí
GESTIÓN EMPRESARIAL,III,2,202,GE32007,"Palmer Torres, Jussara Inez Anaí",Taller de Investigación III -Fundamentos de Estadistica,7.0,9.0,8.0,7.0,7.0,7.0,Sí,Sí,Sí
GESTIÓN EMPRESARIAL,III,2,202,GE32007,"García Chumioque, Florisa Graciela",Sistemas de Información Gerencial,7.0,8.0,8.0,7.0,6.0,6.0,Sí,Sí,Sí
GESTIÓN EMPRESARIAL,III,2,202,GE32007,"Podestá Cuadros, Sergio Fernando",Responsabilidad Social Empresarial,9.0,9.0,8.0,8.0,8.0,8.0,Sí,Sí,Sí
GESTIÓN EMPRESARIAL,III,2,202,GE32007,"Bacigalupo Pozo, Juan Alberto",Finanzas Sostenibles - Electivo,,,,,,,,,
GESTIÓN EMPRESARIAL,III,2,202,GE32007,"Fiestas Pflucker, Jorge Adalberto",Empowerment y Coaching Empresarial - Electivo,8.0,8.0,8.0,7.0,8.0,8.0,Sí,Sí,Sí
GESTIÓN EMPRESARIAL,III,2,202,GE32009,"Palmer Torres, Jussara Inez Anaí",Taller de Investigación III -Fundamentos de Estadistica,10.0,10.0,10.0,10.0,10.0,10.0,Sí,Sí,Sí
GESTIÓN EMPRESARIAL,III,2,202,GE32009,"García Chumioque, Florisa Graciela",Sistemas de Información Gerencial,10.0,10.0,10.0,10.0,10.0,10.0,Sí,Sí,Sí
GESTIÓN EMPRESARIAL,III,2,202,GE32009,"Podestá Cuadros, Sergio Fernando",Responsabilidad Social Empresarial,10.0,10.0,10.0,10.0,10.0,10.0,Sí,Sí,Sí
GESTIÓN EMPRESARIAL,III,2,202,GE32009,"Bacigalupo Pozo, Juan Alberto",Finanzas Sostenibles - Electivo,10.0,10.0,10.0,10.0,10.0,10.0,,,
GESTIÓN EMPRESARIAL,III,2,202,GE32009,"Fiestas Pflucker, Jorge Adalberto",Empowerment y Coaching Empresarial - Electivo,10.0,10.0,10.0,10.0,10.0,10.0,Sí,Sí,Sí
GESTIÓN EMPRESARIAL,III,2,202,GE32017,"Palmer Torres, Jussara Inez Anaí",Taller de Investigación III -Fundamentos de Estadistica,8.0,8.0,9.0,10.0,9.0,8.0,Sí,Sí,Sí
GESTIÓN EMPRESARIAL,III,2,202,GE32017,"García Chumioque, Florisa Graciela",Sistemas de Información Gerencial,8.0,8.0,9.0,10.0,9.0,8.0,Sí,Sí,Sí
GESTIÓN EMPRESARIAL,III,2,202,GE32017,"Podestá Cuadros, Sergio Fernando",Responsabilidad Social Empresarial,8.0,8.0,9.0,10.0,9.0,8.0,Sí,Sí,Sí
GESTIÓN EMPRESARIAL,III,2,202,GE32017,"Bacigalupo Pozo, Juan Alberto",Finanzas Sostenibles - Electivo,8.0,8.0,9.0,10.0,9.0,9.0,Sí,Sí,Sí
GESTIÓN EMPRESARIAL,III,2,202,GE32017,"Fiestas Pflucker, Jorge Adalberto",Empowerment y Coaching Empresarial - Electivo,8.0,8.0,9.0,10.0,9.0,9.0,Sí,Sí,Sí
GESTIÓN EMPRESARIAL,III,2,202,GE32010,"Palmer Torres, Jussara Inez Anaí",Taller de Investigación III -Fundamentos de Estadistica,10.0,10.0,10.0,10.0,7.0,9.0,Sí,Sí,Sí
GESTIÓN EMPRESARIAL,III,2,202,GE32010,"García Chumioque, Florisa Graciela",Sistemas de Información Gerencial,10.0,10.0,10.0,10.0,10.0,10.0,Sí,Sí,Sí
GESTIÓN EMPRESARIAL,III,2,202,GE32010,"Bacigalupo Pozo, Juan Alberto",Finanzas Sostenibles - Electivo,,,,,,,,,
GESTIÓN EMPRESARIAL,III,2,202,GE32010,"Bacigalupo Pozo, Juan Alberto",Finanzas Sostenibles - Electivo,,,,10.0,10.0,,,,
GESTIÓN EMPRESARIAL,III,2,202,GE32010,"Fiestas Pflucker, Jorge Adalberto",Empowerment y Coaching Empresarial - Electivo,10.0,10.0,10.0,10.0,10.0,10.0,Sí,Sí,Sí
GESTIÓN EMPRESARIAL,III,2,202,GE32016,"Palmer Torres, Jussara Inez Anaí",Taller de Investigación III -Fundamentos de Estadistica,9.0,10.0,10.0,9.0,10.0,8.0,Sí,Sí,Sí
GESTIÓN EMPRESARIAL,III,2,202,GE32016,"García Chumioque, Florisa Graciela",Sistemas de Información Gerencial,7.0,6.0,7.0,7.0,7.0,6.0,Sí,Sí,Sí
GESTIÓN EMPRESARIAL,III,2,202,GE32016,"Podestá Cuadros, Sergio Fernando",Responsabilidad Social Empresarial,10.0,10.0,10.0,10.0,10.0,10.0,Sí,Sí,Sí
GESTIÓN EMPRESARIAL,III,2,202,GE32016,"Bacigalupo Pozo, Juan Alberto",Finanzas Sostenibles - Electivo,,,,,,,,,
GESTIÓN EMPRESARIAL,III,2,202,GE32016,"Fiestas Pflucker, Jorge Adalberto",Empowerment y Coaching Empresarial - Electivo,2.0,4.0,2.0,2.0,2.0,1.0,Sí,Sí,Sí
GESTIÓN EMPRESARIAL,III,2,202,GE32008,"Palmer Torres, Jussara Inez Anaí",Taller de Investigación III -Fundamentos de Estadistica,10.0,10.0,10.0,10.0,10.0,10.0,Sí,Sí,Sí
GESTIÓN EMPRESARIAL,III,2,202,GE32008,"García Chumioque, Florisa Graciela",Sistemas de Información Gerencial,10.0,9.0,9.0,9.0,9.0,9.0,,,
GESTIÓN EMPRESARIAL,III,2,202,GE32008,"Podestá Cuadros, Sergio Fernando",Responsabilidad Social Empresarial,9.0,10.0,9.0,10.0,10.0,9.0,,,
GESTIÓN EMPRESARIAL,III,2,202,GE32008,"Bacigalupo Pozo, Juan Alberto",Finanzas Sostenibles - Electivo,,,,,,,,,
GESTIÓN EMPRESARIAL,III,2,202,GE32008,"Fiestas Pflucker, Jorge Adalberto",Empowerment y Coaching Empresarial - Electivo,10.0,10.0,10.0,10.0,10.0,10.0,,,
GESTIÓN EMPRESARIAL,III,2,202,GE32018,"Palmer Torres, Jussara Inez Anaí",Taller de Investigación III -Fundamentos de Estadistica,7.0,7.0,7.0,7.0,6.0,6.0,Sí,Sí,Sí
GESTIÓN EMPRESARIAL,III,2,202,GE32018,"García Chumioque, Florisa Graciela",Sistemas de Información Gerencial,8.0,8.0,8.0,8.0,8.0,8.0,Sí,Sí,Sí
GESTIÓN EMPRESARIAL,III,2,202,GE32018,"Podestá Cuadros, Sergio Fernando",Responsabilidad Social Empresarial,7.0,7.0,8.0,7.0,8.0,7.0,Sí,Sí,Sí
GESTIÓN EMPRESARIAL,III,2,202,GE32018,"Bacigalupo Pozo, Juan Alberto",Finanzas Sostenibles - Electivo,,,,,,,,,
GESTIÓN EMPRESARIAL,III,2,202,GE32018,"Fiestas Pflucker, Jorge Adalberto",Empowerment y Coaching Empresarial - Electivo,7.0,7.0,7.0,7.0,7.0,7.0,Sí,Sí,Sí
GESTIÓN EMPRESARIAL,III,2,202,GE32011,"Palmer Torres, Jussara Inez Anaí",Taller de Investigación III -Fundamentos de Estadistica,8.0,9.0,8.0,8.0,8.0,8.0,Sí,Sí,Sí
GESTIÓN EMPRESARIAL,III,2,202,GE32011,"García Chumioque, Florisa Graciela",Sistemas de Información Gerencial,7.0,7.0,6.0,7.0,7.0,6.0,Sí,Sí,Sí
GESTIÓN EMPRESARIAL,III,2,202,GE32011,"Podestá Cuadros, Sergio Fernando",Responsabilidad Social Empresarial,8.0,8.0,8.0,8.0,8.0,8.0,Sí,Sí,Sí
GESTIÓN EMPRESARIAL,III,2,202,GE32011,"Bacigalupo Pozo, Juan Alberto",Finanzas Sostenibles - Electivo,,,,,,,,,
GESTIÓN EMPRESARIAL,III,2,202,GE32011,"Fiestas Pflucker, Jorge Adalberto",Empowerment y Coaching Empresarial - Electivo,6.0,6.0,6.0,6.0,6.0,6.0,Sí,Sí,Sí
GESTIÓN EMPRESARIAL,III,2,202,GE32013,"Palmer Torres, Jussara Inez Anaí",Taller de Investigación III -Fundamentos de Estadistica,8.0,8.0,8.0,9.0,9.0,8.0,Sí,Sí,Sí
GESTIÓN EMPRESARIAL,III,2,202,GE32013,"García Chumioque, Florisa Graciela",Sistemas de Información Gerencial,9.0,8.0,9.0,8.0,8.0,9.0,Sí,Sí,Sí
GESTIÓN EMPRESARIAL,III,2,202,GE32013,"Podestá Cuadros, Sergio Fernando",Responsabilidad Social Empresarial,9.0,8.0,9.0,8.0,8.0,8.0,Sí,Sí,Sí
GESTIÓN EMPRESARIAL,III,2,202,GE32013,"Bacigalupo Pozo, Juan Alberto",Finanzas Sostenibles - Electivo,,,,,,,,,
GESTIÓN EMPRESARIAL,III,2,202,GE32013,"Fiestas Pflucker, Jorge Adalberto",Empowerment y Coaching Empresarial - Electivo,7.0,7.0,7.0,7.0,8.0,7.0,Sí,Sí,Sí
GESTIÓN EMPRESARIAL,III,2,202,GE32012,"Palmer Torres, Jussara Inez Anaí",Taller de Investigación III -Fundamentos de Estadistica,5.0,7.0,7.0,5.0,3.0,3.0,Sí,Sí,Sí
GESTIÓN EMPRESARIAL,III,2,202,GE32012,"García Chumioque, Florisa Graciela",Sistemas de Información Gerencial,10.0,10.0,10.0,10.0,10.0,10.0,Sí,Sí,Sí
GESTIÓN EMPRESARIAL,III,2,202,GE32012,"Podestá Cuadros, Sergio Fernando",Responsabilidad Social Empresarial,10.0,10.0,10.0,8.0,5.0,8.0,Sí,A veces,No
GESTIÓN EMPRESARIAL,III,2,202,GE32012,"Bacigalupo Pozo, Juan Alberto",Finanzas Sostenibles - Electivo,,,,,,,,,
GESTIÓN EMPRESARIAL,III,2,202,GE32012,"Fiestas Pflucker, Jorge Adalberto",Empowerment y Coaching Empresarial - Electivo,7.0,8.0,8.0,8.0,8.0,8.0,Sí,Sí,Sí
GESTIÓN EMPRESARIAL,III,2,202,GE32019,"Palmer Torres, Jussara Inez Anaí",Taller de Investigación III -Fundamentos de Estadistica,8.0,8.0,8.0,8.0,7.0,8.0,Sí,Sí,Sí
GESTIÓN EMPRESARIAL,III,2,202,GE32019,"García Chumioque, Florisa Graciela",Sistemas de Información Gerencial,8.0,8.0,8.0,8.0,8.0,8.0,Sí,Sí,Sí
GESTIÓN EMPRESARIAL,III,2,202,GE32019,"Podestá Cuadros, Sergio Fernando",Responsabilidad Social Empresarial,8.0,8.0,7.0,8.0,7.0,7.0,Sí,A veces,A veces
GESTIÓN EMPRESARIAL,III,2,202,GE32019,"Bacigalupo Pozo, Juan Alberto",Finanzas Sostenibles - Electivo,,,,,,,,,
GESTIÓN EMPRESARIAL,III,2,202,GE32019,"Fiestas Pflucker, Jorge Adalberto",Empowerment y Coaching Empresarial - Electivo,8.0,8.0,7.0,8.0,7.0,7.0,Sí,A veces,A veces
GESTIÓN EMPRESARIAL,III,2,202,GE32014,"Palmer Torres, Jussara Inez Anaí",Taller de Investigación III -Fundamentos de Estadistica,10.0,10.0,10.0,10.0,9.0,10.0,,Sí,Sí
GESTIÓN EMPRESARIAL,III,2,202,GE32014,"García Chumioque, Florisa Graciela",Sistemas de Información Gerencial,9.0,10.0,10.0,10.0,9.0,10.0,Sí,Sí,Sí
GESTIÓN EMPRESARIAL,III,2,202,GE32014,"Podestá Cuadros, Sergio Fernando",Responsabilidad Social Empresarial,10.0,10.0,10.0,10.0,10.0,10.0,Sí,Sí,Sí
GESTIÓN EMPRESARIAL,III,2,202,GE32014,"Bacigalupo Pozo, Juan Alberto",Finanzas Sostenibles - Electivo,,,,,,,,,
GESTIÓN EMPRESARIAL,III,2,202,GE32014,"Fiestas Pflucker, Jorge Adalberto",Empowerment y Coaching Empresarial - Electivo,8.0,9.0,8.0,9.0,8.0,9.0,Sí,Sí,Sí
GESTIÓN EMPRESARIAL,III,2,202,GE32024,"Palmer Torres, Jussara Inez Anaí",Taller de Investigación III -Fundamentos de Estadistica,8.0,10.0,10.0,10.0,10.0,10.0,,,
GESTIÓN EMPRESARIAL,III,2,202,GE32024,"García Chumioque, Florisa Graciela",Sistemas de Información Gerencial,8.0,8.0,7.0,8.0,8.0,8.0,,,
GESTIÓN EMPRESARIAL,III,2,202,GE32024,"Podestá Cuadros, Sergio Fernando",Responsabilidad Social Empresarial,10.0,10.0,10.0,10.0,10.0,10.0,,,
GESTIÓN EMPRESARIAL,III,2,202,GE32024,"Bacigalupo Pozo, Juan Alberto",Finanzas Sostenibles - Electivo,,,,,,,,,
GESTIÓN EMPRESARIAL,III,2,202,GE32024,"Fiestas Pflucker, Jorge Adalberto",Empowerment y Coaching Empresarial - Electivo,7.0,7.0,7.0,6.0,6.0,6.0,,,
GESTIÓN EMPRESARIAL,III,2,202,GE32020,"Palmer Torres, Jussara Inez Anaí",Taller de Investigación III -Fundamentos de Estadistica,8.0,10.0,8.0,9.0,8.0,8.0,Sí,Sí,Sí
GESTIÓN EMPRESARIAL,III,2,202,GE32020,"García Chumioque, Florisa Graciela",Sistemas de Información Gerencial,9.0,9.0,9.0,9.0,10.0,9.0,Sí,Sí,Sí
GESTIÓN EMPRESARIAL,III,2,202,GE32020,"Podestá Cuadros, Sergio Fernando",Responsabilidad Social Empresarial,9.0,10.0,10.0,10.0,10.0,10.0,Sí,Sí,Sí
GESTIÓN EMPRESARIAL,III,2,202,GE32020,"Bacigalupo Pozo, Juan Alberto",Finanzas Sostenibles - Electivo,,,,,,,,,
GESTIÓN EMPRESARIAL,III,2,202,GE32020,"Fiestas Pflucker, Jorge Adalberto",Empowerment y Coaching Empresarial - Electivo,8.0,9.0,9.0,9.0,10.0,9.0,Sí,Sí,A veces
GESTIÓN EMPRESARIAL,III,2,202,GE32015,"Palmer Torres, Jussara Inez Anaí",Taller de Investigación III -Fundamentos de Estadistica,8.0,8.0,7.0,8.0,8.0,8.0,Sí,Sí,Sí
GESTIÓN EMPRESARIAL,III,2,202,GE32015,"García Chumioque, Florisa Graciela",Sistemas de Información Gerencial,9.0,9.0,8.0,9.0,10.0,9.0,Sí,Sí,Sí
GESTIÓN EMPRESARIAL,III,2,202,GE32015,"Podestá Cuadros, Sergio Fernando",Responsabilidad Social Empresarial,10.0,10.0,10.0,10.0,10.0,9.0,Sí,Sí,Sí
GESTIÓN EMPRESARIAL,III,2,202,GE32015,"Bacigalupo Pozo, Juan Alberto",Finanzas Sostenibles - Electivo,,,,,,,,,
GESTIÓN EMPRESARIAL,III,2,202,GE32015,"Fiestas Pflucker, Jorge Adalberto",Empowerment y Coaching Empresarial - Electivo,9.0,9.0,9.0,9.0,8.0,9.0,Sí,Sí,Sí
GESTIÓN EMPRESARIAL,III,2,202,GE32025,"Palmer Torres, Jussara Inez Anaí",Taller de Investigación III -Fundamentos de Estadistica,6.0,8.0,5.0,6.0,5.0,6.0,Sí,Sí,Sí
GESTIÓN EMPRESARIAL,III,2,202,GE32025,"García Chumioque, Florisa Graciela",Sistemas de Información Gerencial,8.0,9.0,8.0,8.0,9.0,9.0,Sí,Sí,Sí
GESTIÓN EMPRESARIAL,III,2,202,GE32025,"Podestá Cuadros, Sergio Fernando",Responsabilidad Social Empresarial,9.0,9.0,9.0,9.0,9.0,9.0,Sí,Sí,Sí
GESTIÓN EMPRESARIAL,III,2,202,GE32025,"Bacigalupo Pozo, Juan Alberto",Finanzas Sostenibles - Electivo,,,,,,,,,
GESTIÓN EMPRESARIAL,III,2,202,GE32025,"Fiestas Pflucker, Jorge Adalberto",Empowerment y Coaching Empresarial - Electivo,3.0,6.0,4.0,3.0,3.0,3.0,A veces,Sí,Sí
GESTIÓN EMPRESARIAL,III,2,202,GE32021,"Palmer Torres, Jussara Inez Anaí",Taller de Investigación III -Fundamentos de Estadistica,10.0,10.0,10.0,5.0,2.0,1.0,Sí,Sí,Sí
GESTIÓN EMPRESARIAL,III,2,202,GE32021,"García Chumioque, Florisa Graciela",Sistemas de Información Gerencial,10.0,10.0,10.0,5.0,10.0,7.0,Sí,Sí,Sí
GESTIÓN EMPRESARIAL,III,2,202,GE32021,"Podestá Cuadros, Sergio Fernando",Responsabilidad Social Empresarial,10.0,10.0,10.0,3.0,3.0,1.0,Sí,Sí,Sí
GESTIÓN EMPRESARIAL,III,2,202,GE32021,"Bacigalupo Pozo, Juan Alberto",Finanzas Sostenibles - Electivo,,,,,,,,,
GESTIÓN EMPRESARIAL,III,2,202,GE32021,"Fiestas Pflucker, Jorge Adalberto",Empowerment y Coaching Empresarial - Electivo,10.0,10.0,10.0,5.0,10.0,7.0,Sí,Sí,Sí
GESTIÓN EMPRESARIAL,III,2,202,GE32026,"Palmer Torres, Jussara Inez Anaí",Taller de Investigación III -Fundamentos de Estadistica,9.0,10.0,9.0,10.0,9.0,10.0,Sí,Sí,Sí
GESTIÓN EMPRESARIAL,III,2,202,GE32026,"García Chumioque, Florisa Graciela",Sistemas de Información Gerencial,9.0,9.0,9.0,9.0,9.0,9.0,Sí,Sí,Sí
GESTIÓN EMPRESARIAL,III,2,202,GE32026,"Podestá Cuadros, Sergio Fernando",Responsabilidad Social Empresarial,9.0,9.0,9.0,9.0,9.0,9.0,Sí,Sí,Sí
GESTIÓN EMPRESARIAL,III,2,202,GE32026,"Bacigalupo Pozo, Juan Alberto",Finanzas Sostenibles - Electivo,,,,,,,,,
GESTIÓN EMPRESARIAL,III,2,202,GE32026,"Fiestas Pflucker, Jorge Adalberto",Empowerment y Coaching Empresarial - Electivo,8.0,8.0,8.0,8.0,8.0,8.0,Sí,Sí,Sí
GESTIÓN EMPRESARIAL,III,2,202,GE32022,"Palmer Torres, Jussara Inez Anaí",Taller de Investigación III -Fundamentos de Estadistica,9.0,9.0,9.0,9.0,9.0,9.0,Sí,Sí,Sí
GESTIÓN EMPRESARIAL,III,2,202,GE32022,"García Chumioque, Florisa Graciela",Sistemas de Información Gerencial,9.0,9.0,9.0,9.0,9.0,9.0,Sí,Sí,Sí
GESTIÓN EMPRESARIAL,III,2,202,GE32022,"Podestá Cuadros, Sergio Fernando",Responsabilidad Social Empresarial,9.0,9.0,10.0,9.0,10.0,10.0,Sí,Sí,Sí
GESTIÓN EMPRESARIAL,III,2,202,GE32022,"Bacigalupo Pozo, Juan Alberto",Finanzas Sostenibles - Electivo,,,,,,,,,
GESTIÓN EMPRESARIAL,III,2,202,GE32022,"Fiestas Pflucker, Jorge Adalberto",Empowerment y Coaching Empresarial - Electivo,9.0,9.0,9.0,9.0,9.0,9.0,Sí,Sí,Sí
GESTIÓN EMPRESARIAL,III,2,202,GE32027,"Palmer Torres, Jussara Inez Anaí",Taller de Investigación III -Fundamentos de Estadistica,10.0,10.0,10.0,10.0,10.0,10.0,Sí,Sí,Sí
GESTIÓN EMPRESARIAL,III,2,202,GE32027,"García Chumioque, Florisa Graciela",Sistemas de Información Gerencial,7.0,7.0,9.0,10.0,8.0,7.0,Sí,Sí,Sí
GESTIÓN EMPRESARIAL,III,2,202,GE32027,"Podestá Cuadros, Sergio Fernando",Responsabilidad Social Empresarial,10.0,10.0,10.0,10.0,10.0,10.0,Sí,Sí,Sí
GESTIÓN EMPRESARIAL,III,2,202,GE32027,"Bacigalupo Pozo, Juan Alberto",Finanzas Sostenibles - Electivo,,,,,,,,,
GESTIÓN EMPRESARIAL,III,2,202,GE32027,"Fiestas Pflucker, Jorge Adalberto",Empowerment y Coaching Empresarial - Electivo,7.0,7.0,8.0,10.0,8.0,7.0,Sí,Sí,Sí
GESTIÓN EMPRESARIAL,III,2,202,GE32023,"Palmer Torres, Jussara Inez Anaí",Taller de Investigación III -Fundamentos de Estadistica,8.0,8.0,8.0,8.0,8.0,8.0,Sí,Sí,Sí
GESTIÓN EMPRESARIAL,III,2,202,GE32023,"García Chumioque, Florisa Graciela",Sistemas de Información Gerencial,8.0,8.0,8.0,8.0,8.0,8.0,Sí,Sí,Sí
GESTIÓN EMPRESARIAL,III,2,202,GE32023,"Podestá Cuadros, Sergio Fernando",Responsabilidad Social Empresarial,8.0,8.0,8.0,8.0,8.0,8.0,Sí,Sí,Sí
GESTIÓN EMPRESARIAL,III,2,202,GE32023,"Bacigalupo Pozo, Juan Alberto",Finanzas Sostenibles - Electivo,,,,,,,,,
GESTIÓN EMPRESARIAL,III,2,202,GE32023,"Fiestas Pflucker, Jorge Adalberto",Empowerment y Coaching Empresarial - Electivo,8.0,8.0,8.0,8.0,8.0,8.0,Sí,Sí,Sí
GESTIÓN EMPRESARIAL,III,2,202,GE32028,"Palmer Torres, Jussara Inez Anaí",Taller de Investigación III -Fundamentos de Estadistica,9.0,10.0,9.0,9.0,9.0,8.0,Sí,Sí,Sí
GESTIÓN EMPRESARIAL,III,2,202,GE32028,"García Chumioque, Florisa Graciela",Sistemas de Información Gerencial,7.0,8.0,7.0,7.0,7.0,7.0,Sí,Sí,Sí
GESTIÓN EMPRESARIAL,III,2,202,GE32028,"Podestá Cuadros, Sergio Fernando",Responsabilidad Social Empresarial,9.0,10.0,9.0,9.0,9.0,9.0,Sí,Sí,Sí
GESTIÓN EMPRESARIAL,III,2,202,GE32028,"Bacigalupo Pozo, Juan Alberto",Finanzas Sostenibles - Electivo,,,,,,,,,
GESTIÓN EMPRESARIAL,III,2,202,GE32028,"Fiestas Pflucker, Jorge Adalberto",Empowerment y Coaching Empresarial - Electivo,5.0,5.0,4.0,4.0,3.0,3.0,Sí,Sí,A veces
GESTIÓN EMPRESARIAL,III,1,205,GE31001,"Vicente Armas, Edgar",Taller de Investigación III -Fundamentos de Estadistica,8.0,8.0,7.0,8.0,7.0,6.0,A veces,Sí,Sí
GESTIÓN EMPRESARIAL,III,1,205,GE31001,"Roncal Bardales, Brian Paul",Sistemas de Información Gerencial,9.0,8.0,9.0,8.0,7.0,8.0,Sí,Sí,Sí
GESTIÓN EMPRESARIAL,III,1,205,GE31001,"Gomez Reátegui, Jorge Fernando",Responsabilidad Social Empresarial,9.0,8.0,7.0,6.0,8.0,7.0,Sí,Sí,Sí
GESTIÓN EMPRESARIAL,III,1,205,GE31001,"Alvarado Tolentino, James Manolo",Finanzas Sostenibles - Electivo,9.0,8.0,8.0,7.0,7.0,9.0,Sí,Sí,Sí
GESTIÓN EMPRESARIAL,III,1,205,GE31002,"Vicente Armas, Edgar",Taller de Investigación III -Fundamentos de Estadistica,10.0,10.0,8.0,8.0,10.0,10.0,Sí,Sí,Sí
GESTIÓN EMPRESARIAL,III,1,205,GE31002,"Roncal Bardales, Brian Paul",Sistemas de Información Gerencial,10.0,10.0,10.0,10.0,10.0,10.0,Sí,Sí,Sí
GESTIÓN EMPRESARIAL,III,1,205,GE31002,"Gomez Reátegui, Jorge Fernando",Responsabilidad Social Empresarial,10.0,10.0,10.0,10.0,10.0,10.0,Sí,Sí,Sí
GESTIÓN EMPRESARIAL,III,1,205,GE31002,"Tupac Travezaño, Sara Ysabel",Logística Internacional - Electivo,8.0,10.0,8.0,8.0,8.0,8.0,Sí,Sí,Sí
GESTIÓN EMPRESARIAL,III,1,205,GE31003,"Vicente Armas, Edgar",Taller de Investigación III -Fundamentos de Estadistica,8.0,9.0,9.0,9.0,8.0,9.0,Sí,Sí,Sí
GESTIÓN EMPRESARIAL,III,1,205,GE31003,"Roncal Bardales, Brian Paul",Sistemas de Información Gerencial,8.0,8.0,8.0,8.0,8.0,8.0,Sí,Sí,Sí
GESTIÓN EMPRESARIAL,III,1,205,GE31003,"Gomez Reátegui, Jorge Fernando",Responsabilidad Social Empresarial,9.0,10.0,10.0,10.0,10.0,10.0,Sí,Sí,Sí
GESTIÓN EMPRESARIAL,III,1,205,GE31003,"Alvarado Tolentino, James Manolo",Finanzas Sostenibles - Electivo,8.0,8.0,9.0,9.0,9.0,9.0,Sí,Sí,Sí
GESTIÓN EMPRESARIAL,III,1,205,GE31004,"Vicente Armas, Edgar",Taller de Investigación III -Fundamentos de Estadistica,7.0,10.0,8.0,8.0,7.0,9.0,Sí,Sí,Sí
GESTIÓN EMPRESARIAL,III,1,205,GE31004,"Roncal Bardales, Brian Paul",Sistemas de Información Gerencial,10.0,10.0,9.0,9.0,9.0,9.0,Sí,Sí,Sí
GESTIÓN EMPRESARIAL,III,1,205,GE31004,"Gomez Reátegui, Jorge Fernando",Responsabilidad Social Empresarial,8.0,9.0,8.0,8.0,7.0,7.0,Sí,Sí,Sí
GESTIÓN EMPRESARIAL,III,1,205,GE31004,"Tupac Travezaño, Sara Ysabel",Logística Internacional - Electivo,5.0,5.0,4.0,5.0,4.0,5.0,Sí,Sí,Sí
GESTIÓN EMPRESARIAL,III,1,205,GE31005,"Vicente Armas, Edgar",Taller de Investigación III -Fundamentos de Estadistica,8.0,8.0,8.0,8.0,8.0,8.0,Sí,Sí,Sí
GESTIÓN EMPRESARIAL,III,1,205,GE31005,"Roncal Bardales, Brian Paul",Sistemas de Información Gerencial,8.0,8.0,8.0,8.0,8.0,8.0,Sí,Sí,Sí
GESTIÓN EMPRESARIAL,III,1,205,GE31005,"Gomez Reátegui, Jorge Fernando",Responsabilidad Social Empresarial,9.0,9.0,9.0,9.0,9.0,9.0,Sí,Sí,Sí
GESTIÓN EMPRESARIAL,III,1,205,GE31005,"Alvarado Tolentino, James Manolo",Finanzas Sostenibles - Electivo,8.0,8.0,8.0,8.0,8.0,8.0,Sí,Sí,Sí
GESTIÓN EMPRESARIAL,III,1,205,GE31006,"Vicente Armas, Edgar",Taller de Investigación III -Fundamentos de Estadistica,7.0,8.0,7.0,7.0,6.0,7.0,Sí,Sí,Sí
GESTIÓN EMPRESARIAL,III,1,205,GE31006,"Roncal Bardales, Brian Paul",Sistemas de Información Gerencial,7.0,8.0,8.0,7.0,7.0,7.0,Sí,Sí,Sí
GESTIÓN EMPRESARIAL,III,1,205,GE31006,"Gomez Reátegui, Jorge Fernando",Responsabilidad Social Empresarial,9.0,10.0,8.0,7.0,8.0,8.0,Sí,Sí,Sí
GESTIÓN EMPRESARIAL,III,1,205,GE31006,"Alvarado Tolentino, James Manolo",Finanzas Sostenibles - Electivo,7.0,9.0,8.0,8.0,7.0,8.0,Sí,Sí,Sí
GESTIÓN EMPRESARIAL,III,1,205,GE31007,"Vicente Armas, Edgar",Taller de Investigación III -Fundamentos de Estadistica,10.0,10.0,9.0,8.0,9.0,8.0,Sí,Sí,Sí
GESTIÓN EMPRESARIAL,III,1,205,GE31007,"Roncal Bardales, Brian Paul",Sistemas de Información Gerencial,10.0,10.0,8.0,8.0,8.0,8.0,No,Sí,Sí
GESTIÓN EMPRESARIAL,III,1,205,GE31007,"Gomez Reátegui, Jorge Fernando",Responsabilidad Social Empresarial,10.0,10.0,9.0,8.0,9.0,8.0,Sí,Sí,Sí
GESTIÓN EMPRESARIAL,III,1,205,GE31007,"Alvarado Tolentino, James Manolo",Finanzas Sostenibles - Electivo,10.0,10.0,9.0,8.0,8.0,8.0,Sí,Sí,Sí
GESTIÓN EMPRESARIAL,III,1,205,GE31008,"Vicente Armas, Edgar",Taller de Investigación III -Fundamentos de Estadistica,10.0,10.0,9.0,10.0,10.0,10.0,Sí,Sí,Sí
GESTIÓN EMPRESARIAL,III,1,205,GE31008,"Roncal Bardales, Brian Paul",Sistemas de Información Gerencial,8.0,8.0,8.0,8.0,8.0,8.0,Sí,Sí,Sí
GESTIÓN EMPRESARIAL,III,1,205,GE31008,"Gomez Reátegui, Jorge Fernando",Responsabilidad Social Empresarial,9.0,9.0,9.0,9.0,9.0,9.0,Sí,Sí,Sí
GESTIÓN EMPRESARIAL,III,1,205,GE31008,"Alvarado Tolentino, James Manolo",Finanzas Sostenibles - Electivo,8.0,8.0,8.0,8.0,8.0,8.0,Sí,Sí,Sí
GESTIÓN EMPRESARIAL,III,1,205,GE31009,"Vicente Armas, Edgar",Taller de Investigación III -Fundamentos de Estadistica,6.0,7.0,6.0,6.0,7.0,6.0,Sí,Sí,Sí
GESTIÓN EMPRESARIAL,III,1,205,GE31009,"Roncal Bardales, Brian Paul",Sistemas de Información Gerencial,7.0,7.0,6.0,7.0,7.0,6.0,Sí,Sí,Sí
GESTIÓN EMPRESARIAL,III,1,205,GE31009,"Gomez Reátegui, Jorge Fernando",Responsabilidad Social Empresarial,8.0,8.0,9.0,8.0,8.0,10.0,Sí,Sí,Sí
GESTIÓN EMPRESARIAL,III,1,205,GE31009,"Tupac Travezaño, Sara Ysabel",Logística Internacional - Electivo,3.0,2.0,3.0,2.0,2.0,3.0,Sí,Sí,Sí
GESTIÓN EMPRESARIAL,III,1,205,GE31010,"Vicente Armas, Edgar",Taller de Investigación III -Fundamentos de Estadistica,6.0,6.0,6.0,6.0,6.0,6.0,Sí,Sí,Sí
GESTIÓN EMPRESARIAL,III,1,205,GE31010,"Roncal Bardales, Brian Paul",Sistemas de Información Gerencial,7.0,7.0,7.0,7.0,7.0,7.0,Sí,Sí,Sí
GESTIÓN EMPRESARIAL,III,1,205,GE31010,"Gomez Reátegui, Jorge Fernando",Responsabilidad Social Empresarial,7.0,7.0,7.0,7.0,7.0,7.0,Sí,Sí,Sí
GESTIÓN EMPRESARIAL,III,1,205,GE31010,"Alvarado Tolentino, James Manolo",Finanzas Sostenibles - Electivo,8.0,8.0,8.0,8.0,8.0,8.0,Sí,Sí,Sí
GESTIÓN EMPRESARIAL,III,1,205,GE31011,"Vega Denegri, Patricia Elvira",Taller de Investigación II-Desarrollo del Proyecto de Investigación,9.0,9.0,9.0,9.0,9.0,9.0,Sí,Sí,Sí
GESTIÓN EMPRESARIAL,III,1,205,GE31011,"Roncal Bardales, Brian Paul",Sistemas de Información Gerencial,6.0,8.0,8.0,8.0,8.0,7.0,Sí,Sí,Sí
GESTIÓN EMPRESARIAL,III,1,205,GE31011,"Gomez Reátegui, Jorge Fernando",Responsabilidad Social Empresarial,6.0,8.0,8.0,7.0,6.0,5.0,Sí,Sí,Sí
GESTIÓN EMPRESARIAL,III,1,205,GE31011,"Tupac Travezaño, Sara Ysabel",Logística Internacional - Electivo,3.0,6.0,7.0,7.0,2.0,3.0,Sí,Sí,Sí
GESTIÓN EMPRESARIAL,III,1,205,GE31012,"Vicente Armas, Edgar",Taller de Investigación III -Fundamentos de Estadistica,8.0,8.0,8.0,7.0,7.0,7.0,Sí,Sí,Sí
GESTIÓN EMPRESARIAL,III,1,205,GE31012,"Roncal Bardales, Brian Paul",Sistemas de Información Gerencial,8.0,9.0,8.0,7.0,7.0,8.0,A veces,A veces,Sí
GESTIÓN EMPRESARIAL,III,1,205,GE31012,"Gomez Reátegui, Jorge Fernando",Responsabilidad Social Empresarial,8.0,9.0,9.0,9.0,8.0,8.0,Sí,Sí,Sí
GESTIÓN EMPRESARIAL,III,1,205,GE31012,"Tupac Travezaño, Sara Ysabel",Logística Internacional - Electivo,5.0,5.0,5.0,6.0,5.0,5.0,,,
GESTIÓN EMPRESARIAL,III,1,205,GE31013,"Vicente Armas, Edgar",Taller de Investigación III -Fundamentos de Estadistica,8.0,8.0,8.0,8.0,7.0,7.0,Sí,Sí,Sí
GESTIÓN EMPRESARIAL,III,1,205,GE31013,"Roncal Bardales, Brian Paul",Sistemas de Información Gerencial,8.0,8.0,8.0,8.0,8.0,8.0,Sí,Sí,Sí
GESTIÓN EMPRESARIAL,III,1,205,GE31013,"Gomez Reátegui, Jorge Fernando",Responsabilidad Social Empresarial,8.0,8.0,8.0,8.0,8.0,8.0,Sí,Sí,Sí
GESTIÓN EMPRESARIAL,III,1,205,GE31013,"Alvarado Tolentino, James Manolo",Finanzas Sostenibles - Electivo,8.0,8.0,8.0,8.0,8.0,8.0,Sí,Sí,Sí
GESTIÓN EMPRESARIAL,III,1,205,GE31014,"Vicente Armas, Edgar",Taller de Investigación III -Fundamentos de Estadistica,5.0,5.0,5.0,4.0,4.0,4.0,Sí,Sí,Sí
GESTIÓN EMPRESARIAL,III,1,205,GE31014,"Roncal Bardales, Brian Paul",Sistemas de Información Gerencial,9.0,9.0,9.0,9.0,9.0,9.0,Sí,Sí,Sí
GESTIÓN EMPRESARIAL,III,1,205,GE31014,"Gomez Reátegui, Jorge Fernando",Responsabilidad Social Empresarial,9.0,9.0,9.0,9.0,9.0,,Sí,Sí,Sí
GESTIÓN EMPRESARIAL,III,1,205,GE31014,"Tupac Travezaño, Sara Ysabel",Logística Internacional - Electivo,3.0,5.0,3.0,3.0,2.0,3.0,Sí,Sí,Sí
GESTIÓN EMPRESARIAL,III,1,205,GE31015,"Vicente Armas, Edgar",Taller de Investigación III -Fundamentos de Estadistica,5.0,10.0,8.0,7.0,7.0,5.0,Sí,Sí,Sí
GESTIÓN EMPRESARIAL,III,1,205,GE31015,"Roncal Bardales, Brian Paul",Sistemas de Información Gerencial,8.0,10.0,9.0,9.0,9.0,8.0,Sí,Sí,Sí
GESTIÓN EMPRESARIAL,III,1,205,GE31015,"Podestá Cuadros, Sergio Fernando",Responsabilidad Social Empresarial,9.0,8.0,7.0,8.0,9.0,7.0,Sí,Sí,Sí
GESTIÓN EMPRESARIAL,III,1,205,GE31015,"Tupac Travezaño, Sara Ysabel",Logística Internacional - Electivo,5.0,8.0,6.0,5.0,3.0,3.0,Sí,Sí,Sí
GESTIÓN EMPRESARIAL,III,1,205,GE31016,"Vicente Armas, Edgar",Taller de Investigación III -Fundamentos de Estadistica,9.0,10.0,9.0,9.0,9.0,9.0,Sí,Sí,Sí
GESTIÓN EMPRESARIAL,III,1,205,GE31016,"Roncal Bardales, Brian Paul",Sistemas de Información Gerencial,10.0,10.0,9.0,10.0,10.0,9.0,Sí,Sí,Sí
GESTIÓN EMPRESARIAL,III,1,205,GE31016,"Gomez Reátegui, Jorge Fernando",Responsabilidad Social Empresarial,10.0,10.0,9.0,10.0,10.0,9.0,Sí,Sí,Sí
GESTIÓN EMPRESARIAL,III,1,205,GE31016,"Alvarado Tolentino, James Manolo",Finanzas Sostenibles - Electivo,10.0,10.0,9.0,10.0,10.0,9.0,Sí,Sí,Sí
GESTIÓN EMPRESARIAL,III,1,205,GE31017,"Palmer Torres, Jussara Inez Anaí",Taller de Investigación III -Fundamentos de Estadistica,6.0,9.0,5.0,6.0,7.0,7.0,Sí,Sí,Sí
GESTIÓN EMPRESARIAL,III,1,205,GE31017,"García Chumioque, Florisa Graciela",Sistemas de Información Gerencial,7.0,8.0,8.0,8.0,8.0,8.0,Sí,Sí,Sí
GESTIÓN EMPRESARIAL,III,1,205,GE31017,"Gomez Reátegui, Jorge Fernando",Responsabilidad Social Empresarial,8.0,10.0,10.0,9.0,9.0,9.0,Sí,Sí,Sí
GESTIÓN EMPRESARIAL,III,1,205,GE31017,"Tupac Travezaño, Sara Ysabel",Logística Internacional - Electivo,2.0,5.0,3.0,4.0,5.0,4.0,Sí,Sí,Sí
GESTIÓN EMPRESARIAL,III,1,205,GE31018,"Vicente Armas, Edgar",Taller de Investigación III -Fundamentos de Estadistica,5.0,7.0,4.0,4.0,2.0,5.0,A veces,Sí,Sí
GESTIÓN EMPRESARIAL,III,1,205,GE31018,"Roncal Bardales, Brian Paul",Sistemas de Información Gerencial,7.0,7.0,6.0,6.0,2.0,6.0,Sí,Sí,Sí
GESTIÓN EMPRESARIAL,III,1,205,GE31018,"Gomez Reátegui, Jorge Fernando",Responsabilidad Social Empresarial,8.0,8.0,6.0,6.0,7.0,7.0,Sí,Sí,Sí
GESTIÓN EMPRESARIAL,III,1,205,GE31018,"Alvarado Tolentino, James Manolo",Finanzas Sostenibles - Electivo,9.0,9.0,9.0,9.0,7.0,7.0,Sí,Sí,Sí
GESTIÓN EMPRESARIAL,III,1,205,GE31019,"Vicente Armas, Edgar",Taller de Investigación III -Fundamentos de Estadistica,10.0,10.0,10.0,10.0,9.0,10.0,Sí,Sí,Sí
GESTIÓN EMPRESARIAL,III,1,205,GE31019,"Roncal Bardales, Brian Paul",Sistemas de Información Gerencial,10.0,10.0,10.0,10.0,10.0,10.0,Sí,Sí,Sí
GESTIÓN EMPRESARIAL,III,1,205,GE31019,"Gomez Reátegui, Jorge Fernando",Responsabilidad Social Empresarial,10.0,10.0,10.0,10.0,10.0,10.0,Sí,Sí,Sí
GESTIÓN EMPRESARIAL,III,1,205,GE31019,"Fiestas Pflucker, Jorge Adalberto",Empowerment y Coaching Empresarial - Electivo,10.0,10.0,10.0,10.0,10.0,10.0,Sí,Sí,Sí
GESTIÓN EMPRESARIAL,III,1,205,GE31020,"Vega Denegri, Patricia Elvira",Taller de Investigación II-Desarrollo del Proyecto de Investigación,10.0,10.0,10.0,9.0,9.0,10.0,Sí,Sí,Sí
GESTIÓN EMPRESARIAL,III,1,205,GE31020,"Roncal Bardales, Brian Paul",Sistemas de Información Gerencial,10.0,10.0,10.0,10.0,10.0,10.0,Sí,Sí,Sí
GESTIÓN EMPRESARIAL,III,1,205,GE31020,"Gomez Reátegui, Jorge Fernando",Responsabilidad Social Empresarial,10.0,10.0,10.0,10.0,10.0,,Sí,Sí,Sí
GESTIÓN EMPRESARIAL,III,1,205,GE31020,"Fiestas Pflucker, Jorge Adalberto",Empowerment y Coaching Empresarial - Electivo,9.0,9.0,9.0,9.0,9.0,9.0,Sí,Sí,Sí
GESTIÓN EMPRESARIAL,III,1,205,GE31021,"Vicente Armas, Edgar",Taller de Investigación III -Fundamentos de Estadistica,10.0,10.0,10.0,10.0,10.0,10.0,Sí,Sí,Sí
GESTIÓN EMPRESARIAL,III,1,205,GE31021,"Roncal Bardales, Brian Paul",Sistemas de Información Gerencial,10.0,10.0,10.0,10.0,10.0,10.0,Sí,Sí,Sí
GESTIÓN EMPRESARIAL,III,1,205,GE31021,"Gomez Reátegui, Jorge Fernando",Responsabilidad Social Empresarial,10.0,10.0,10.0,10.0,10.0,10.0,Sí,Sí,Sí
GESTIÓN EMPRESARIAL,III,1,205,GE31021,"Fiestas Pflucker, Jorge Adalberto",Empowerment y Coaching Empresarial - Electivo,10.0,10.0,10.0,10.0,10.0,10.0,Sí,Sí,Sí
GESTIÓN EMPRESARIAL,III,1,205,GE31022,"Vicente Armas, Edgar",Taller de Investigación III -Fundamentos de Estadistica,5.0,7.0,6.0,7.0,5.0,6.0,Sí,Sí,Sí
GESTIÓN EMPRESARIAL,III,1,205,GE31022,"Roncal Bardales, Brian Paul",Sistemas de Información Gerencial,8.0,8.0,7.0,8.0,7.0,7.0,Sí,Sí,Sí
GESTIÓN EMPRESARIAL,III,1,205,GE31022,"Gomez Reátegui, Jorge Fernando",Responsabilidad Social Empresarial,9.0,9.0,8.0,8.0,7.0,6.0,Sí,Sí,Sí
GESTIÓN EMPRESARIAL,III,1,205,GE31022,"Alvarado Tolentino, James Manolo",Finanzas Sostenibles - Electivo,9.0,9.0,8.0,9.0,9.0,9.0,Sí,Sí,Sí
GESTIÓN EMPRESARIAL,III,1,205,GE31023,"Vicente Armas, Edgar",Taller de Investigación III -Fundamentos de Estadistica,10.0,10.0,9.0,8.0,9.0,9.0,Sí,Sí,Sí
GESTIÓN EMPRESARIAL,III,1,205,GE31023,"Roncal Bardales, Brian Paul",Sistemas de Información Gerencial,8.0,10.0,9.0,8.0,9.0,9.0,Sí,Sí,Sí
GESTIÓN EMPRESARIAL,III,1,205,GE31023,"Gomez Reátegui, Jorge Fernando",Responsabilidad Social Empresarial,9.0,10.0,9.0,8.0,9.0,9.0,Sí,Sí,Sí
GESTIÓN EMPRESARIAL,III,1,205,GE31023,"Alvarado Tolentino, James Manolo",Finanzas Sostenibles - Electivo,9.0,10.0,9.0,8.0,9.0,9.0,Sí,Sí,Sí
GESTIÓN EMPRESARIAL,III,1,205,GE31024,"Vicente Armas, Edgar",Taller de Investigación III -Fundamentos de Estadistica,4.0,6.0,5.0,5.0,4.0,4.0,Sí,A veces,A veces
GESTIÓN EMPRESARIAL,III,1,205,GE31024,"Roncal Bardales, Brian Paul",Sistemas de Información Gerencial,7.0,9.0,8.0,8.0,8.0,8.0,Sí,Sí,Sí
GESTIÓN EMPRESARIAL,III,1,205,GE31024,"Gomez Reátegui, Jorge Fernando",Responsabilidad Social Empresarial,9.0,8.0,9.0,8.0,9.0,9.0,Sí,Sí,Sí
GESTIÓN EMPRESARIAL,III,1,205,GE31024,"Tupac Travezaño, Sara Ysabel",Logística Internacional - Electivo,4.0,5.0,4.0,4.0,4.0,4.0,A veces,A veces,A veces
GESTIÓN EMPRESARIAL,III,1,205,GE31025,"Vicente Armas, Edgar",Taller de Investigación III -Fundamentos de Estadistica,9.0,10.0,9.0,10.0,9.0,10.0,Sí,Sí,Sí
GESTIÓN EMPRESARIAL,III,1,205,GE31025,"Roncal Bardales, Brian Paul",Sistemas de Información Gerencial,10.0,10.0,10.0,10.0,10.0,10.0,Sí,Sí,Sí
GESTIÓN EMPRESARIAL,III,1,205,GE31025,"Gomez Reátegui, Jorge Fernando",Responsabilidad Social Empresarial,10.0,10.0,9.0,9.0,9.0,9.0,Sí,Sí,Sí
GESTIÓN EMPRESARIAL,III,1,205,GE31025,"Alvarado Tolentino, James Manolo",Finanzas Sostenibles - Electivo,9.0,10.0,9.0,9.0,9.0,9.0,Sí,Sí,Sí
GESTIÓN EMPRESARIAL,III,1,205,GE31026,"Vicente Armas, Edgar",Taller de Investigación III -Fundamentos de Estadistica,8.0,9.0,9.0,10.0,8.0,8.0,Sí,Sí,Sí
GESTIÓN EMPRESARIAL,III,1,205,GE31026,"Roncal Bardales, Brian Paul",Sistemas de Información Gerencial,10.0,10.0,10.0,10.0,9.0,9.0,Sí,Sí,Sí
GESTIÓN EMPRESARIAL,III,1,205,GE31026,"Gomez Reátegui, Jorge Fernando",Responsabilidad Social Empresarial,10.0,10.0,10.0,10.0,9.0,10.0,Sí,Sí,Sí
GESTIÓN EMPRESARIAL,III,1,205,GE31026,"Tupac Travezaño, Sara Ysabel",Logística Internacional - Electivo,5.0,6.0,5.0,5.0,4.0,3.0,Sí,Sí,Sí
GESTIÓN EMPRESARIAL,III,1,205,GE31027,"Vicente Armas, Edgar",Taller de Investigación III -Fundamentos de Estadistica,8.0,10.0,8.0,8.0,8.0,9.0,Sí,Sí,Sí
GESTIÓN EMPRESARIAL,III,1,205,GE31027,"Roncal Bardales, Brian Paul",Sistemas de Información Gerencial,10.0,10.0,8.0,8.0,9.0,8.0,Sí,Sí,Sí
GESTIÓN EMPRESARIAL,III,1,205,GE31027,"Gomez Reátegui, Jorge Fernando",Responsabilidad Social Empresarial,9.0,10.0,8.0,8.0,8.0,8.0,Sí,Sí,Sí
GESTIÓN EMPRESARIAL,III,1,205,GE31027,"Alvarado Tolentino, James Manolo",Finanzas Sostenibles - Electivo,7.0,10.0,8.0,6.0,6.0,8.0,Sí,Sí,Sí
GESTIÓN EMPRESARIAL,III,1,205,GE31028,"Vicente Armas, Edgar",Taller de Investigación III -Fundamentos de Estadistica,9.0,9.0,9.0,9.0,9.0,9.0,A veces,Sí,Sí
GESTIÓN EMPRESARIAL,III,1,205,GE31028,"Roncal Bardales, Brian Paul",Sistemas de Información Gerencial,9.0,10.0,9.0,9.0,9.0,9.0,Sí,Sí,Sí
GESTIÓN EMPRESARIAL,III,1,205,GE31028,"Gomez Reátegui, Jorge Fernando",Responsabilidad Social Empresarial,9.0,9.0,10.0,10.0,10.0,10.0,Sí,Sí,Sí
GESTIÓN EMPRESARIAL,III,1,205,GE31028,"Alvarado Tolentino, James Manolo",Finanzas Sostenibles - Electivo,9.0,9.0,9.0,9.0,9.0,9.0,Sí,Sí,Sí
GESTIÓN EMPRESARIAL,III,1,205,GE31029,"Vicente Armas, Edgar",Taller de Investigación III -Fundamentos de Estadistica,8.0,9.0,8.0,8.0,8.0,8.0,Sí,Sí,Sí
GESTIÓN EMPRESARIAL,III,1,205,GE31029,"García Chumioque, Florisa Graciela",Sistemas de Información Gerencial,8.0,9.0,6.0,8.0,8.0,9.0,Sí,Sí,Sí
GESTIÓN EMPRESARIAL,III,1,205,GE31029,"Gomez Reátegui, Jorge Fernando",Responsabilidad Social Empresarial,8.0,9.0,8.0,8.0,8.0,8.0,Sí,Sí,Sí
GESTIÓN EMPRESARIAL,III,1,205,GE31029,"Tupac Travezaño, Sara Ysabel",Logística Internacional - Electivo,7.0,9.0,6.0,8.0,8.0,7.0,Sí,Sí,Sí
GESTIÓN EMPRESARIAL,III,1,205,GE31030,"Vicente Armas, Edgar",Taller de Investigación III -Fundamentos de Estadistica,8.0,9.0,9.0,9.0,9.0,9.0,Sí,Sí,Sí
GESTIÓN EMPRESARIAL,III,1,205,GE31030,"Roncal Bardales, Brian Paul",Sistemas de Información Gerencial,8.0,9.0,9.0,9.0,9.0,9.0,Sí,Sí,Sí
GESTIÓN EMPRESARIAL,III,1,205,GE31030,"Gomez Reátegui, Jorge Fernando",Responsabilidad Social Empresarial,8.0,9.0,9.0,9.0,9.0,9.0,Sí,Sí,Sí
GESTIÓN EMPRESARIAL,III,1,205,GE31030,"Tupac Travezaño, Sara Ysabel",Logística Internacional - Electivo,8.0,8.0,8.0,8.0,8.0,8.0,Sí,Sí,Sí
GESTIÓN EMPRESARIAL,III,1,205,GE31031,"Vicente Armas, Edgar",Taller de Investigación III -Fundamentos de Estadistica,9.0,10.0,8.0,9.0,10.0,9.0,Sí,Sí,Sí
GESTIÓN EMPRESARIAL,III,1,205,GE31031,"Roncal Bardales, Brian Paul",Sistemas de Información Gerencial,9.0,9.0,10.0,9.0,10.0,9.0,Sí,Sí,Sí
GESTIÓN EMPRESARIAL,III,1,205,GE31031,"Gomez Reátegui, Jorge Fernando",Responsabilidad Social Empresarial,7.0,8.0,7.0,8.0,8.0,7.0,Sí,Sí,Sí
GESTIÓN EMPRESARIAL,III,1,205,GE31031,"Tupac Travezaño, Sara Ysabel",Logística Internacional - Electivo,10.0,10.0,9.0,9.0,10.0,9.0,Sí,Sí,Sí
GESTIÓN EMPRESARIAL,III,1,205,GE31032,"Vicente Armas, Edgar",Taller de Investigación III -Fundamentos de Estadistica,9.0,9.0,9.0,9.0,8.0,8.0,Sí,Sí,Sí
GESTIÓN EMPRESARIAL,III,1,205,GE31032,"Roncal Bardales, Brian Paul",Sistemas de Información Gerencial,9.0,9.0,8.0,8.0,8.0,8.0,Sí,Sí,Sí
GESTIÓN EMPRESARIAL,III,1,205,GE31032,"Gomez Reátegui, Jorge Fernando",Responsabilidad Social Empresarial,7.0,7.0,7.0,7.0,7.0,7.0,Sí,Sí,Sí
GESTIÓN EMPRESARIAL,III,1,205,GE31032,"Alvarado Tolentino, James Manolo",Finanzas Sostenibles - Electivo,8.0,9.0,8.0,9.0,9.0,9.0,Sí,Sí,Sí
GESTIÓN EMPRESARIAL,IV,2,206,GE42001,"Zamora Ruiz, Karla",Taller de Investigación IV (Informe Final de Tesis),9.0,8.0,9.0,8.0,9.0,8.0,Sí,Sí,Sí
GESTIÓN EMPRESARIAL,IV,2,206,GE42001,"Rivarola Ganoza, Ivan Javier",Dirección Estratégica,8.0,8.0,7.0,8.0,8.0,9.0,Sí,Sí,Sí
GESTIÓN EMPRESARIAL,IV,2,206,GE42001,"Oyarse Cruz, Javier Gustavo",Negocios Internacionales,9.0,8.0,8.0,8.0,9.0,9.0,Sí,Sí,Sí
GESTIÓN EMPRESARIAL,IV,2,206,GE42001,"Castro Perez, Luis Alonso",Empowerment y Coaching Empresarial - Electivo,7.0,9.0,8.0,8.0,8.0,8.0,Sí,Sí,Sí
GESTIÓN EMPRESARIAL,IV,2,206,GE42002,"Zamora Ruiz, Karla",Taller de Investigación IV (Informe Final de Tesis),4.0,6.0,6.0,8.0,7.0,6.0,Sí,Sí,Sí
GESTIÓN EMPRESARIAL,IV,2,206,GE42002,"Rivarola Ganoza, Ivan Javier",Dirección Estratégica,8.0,7.0,7.0,7.0,6.0,7.0,Sí,Sí,Sí
GESTIÓN EMPRESARIAL,IV,2,206,GE42002,"Oyarse Cruz, Javier Gustavo",Negocios Internacionales,8.0,7.0,7.0,7.0,6.0,7.0,Sí,Sí,Sí
GESTIÓN EMPRESARIAL,IV,2,206,GE42002,"Castro Perez, Luis Alonso",Empowerment y Coaching Empresarial - Electivo,7.0,7.0,7.0,7.0,6.0,6.0,Sí,Sí,Sí
GESTIÓN EMPRESARIAL,IV,2,206,GE42003,"Zamora Ruiz, Karla",Taller de Investigación IV (Informe Final de Tesis),8.0,7.0,8.0,8.0,7.0,9.0,Sí,Sí,Sí
GESTIÓN EMPRESARIAL,IV,2,206,GE42003,"Rivarola Ganoza, Ivan Javier",Dirección Estratégica,8.0,9.0,7.0,9.0,9.0,9.0,Sí,Sí,Sí
GESTIÓN EMPRESARIAL,IV,2,206,GE42003,"Oyarse Cruz, Javier Gustavo",Negocios Internacionales,8.0,8.0,7.0,9.0,8.0,9.0,Sí,Sí,Sí
GESTIÓN EMPRESARIAL,IV,2,206,GE42003,"Castro Perez, Luis Alonso",Empowerment y Coaching Empresarial - Electivo,7.0,7.0,8.0,8.0,8.0,8.0,Sí,Sí,Sí
GESTIÓN EMPRESARIAL,IV,2,206,GE42004,"Zamora Ruiz, Karla",Taller de Investigación IV (Informe Final de Tesis),10.0,10.0,10.0,10.0,10.0,10.0,Sí,Sí,Sí
GESTIÓN EMPRESARIAL,IV,2,206,GE42004,"Rivarola Ganoza, Ivan Javier",Dirección Estratégica,8.0,9.0,10.0,10.0,9.0,9.0,Sí,Sí,Sí
GESTIÓN EMPRESARIAL,IV,2,206,GE42004,"Oyarse Cruz, Javier Gustavo",Negocios Internacionales,8.0,10.0,10.0,10.0,9.0,9.0,Sí,Sí,Sí
GESTIÓN EMPRESARIAL,IV,2,206,GE42004,"Castro Perez, Luis Alonso",Empowerment y Coaching Empresarial - Electivo,8.0,9.0,10.0,10.0,9.0,9.0,Sí,Sí,Sí
GESTIÓN EMPRESARIAL,IV,2,206,GE42005,"Zamora Ruiz, Karla",Taller de Investigación IV (Informe Final de Tesis),8.0,10.0,9.0,10.0,9.0,9.0,Sí,Sí,Sí
GESTIÓN EMPRESARIAL,IV,2,206,GE42005,"Rivarola Ganoza, Ivan Javier",Dirección Estratégica,8.0,9.0,9.0,10.0,9.0,9.0,Sí,Sí,Sí
GESTIÓN EMPRESARIAL,IV,2,206,GE42005,"Oyarse Cruz, Javier Gustavo",Negocios Internacionales,8.0,8.0,9.0,8.0,8.0,8.0,Sí,Sí,Sí
GESTIÓN EMPRESARIAL,IV,2,206,GE42005,"Castro Perez, Luis Alonso",Empowerment y Coaching Empresarial - Electivo,9.0,8.0,9.0,9.0,9.0,8.0,Sí,Sí,Sí
GESTIÓN EMPRESARIAL,IV,2,206,GE42006,"Zamora Ruiz, Karla",Taller de Investigación IV (Informe Final de Tesis),8.0,7.0,7.0,8.0,7.0,8.0,Sí,Sí,Sí
GESTIÓN EMPRESARIAL,IV,2,206,GE42006,"Rivarola Ganoza, Ivan Javier",Dirección Estratégica,10.0,10.0,10.0,10.0,10.0,10.0,Sí,Sí,Sí
GESTIÓN EMPRESARIAL,IV,2,206,GE42006,"Oyarse Cruz, Javier Gustavo",Negocios Internacionales,10.0,10.0,10.0,10.0,10.0,10.0,Sí,Sí,Sí
GESTIÓN EMPRESARIAL,IV,2,206,GE42006,"Castro Perez, Luis Alonso",Empowerment y Coaching Empresarial - Electivo,10.0,10.0,10.0,10.0,10.0,10.0,Sí,Sí,Sí
GESTIÓN EMPRESARIAL,IV,2,206,GE42007,"Zamora Ruiz, Karla",Taller de Investigación IV (Informe Final de Tesis),10.0,10.0,10.0,10.0,10.0,10.0,Sí,Sí,Sí
GESTIÓN EMPRESARIAL,IV,2,206,GE42007,"Rivarola Ganoza, Ivan Javier",Dirección Estratégica,,,,,,,,,
GESTIÓN EMPRESARIAL,IV,2,206,GE42007,"Oyarse Cruz, Javier Gustavo",Negocios Internacionales,,,,,,,,,
GESTIÓN EMPRESARIAL,IV,2,206,GE42007,"Castro Perez, Luis Alonso",Empowerment y Coaching Empresarial - Electivo,,,,,,,,,
GESTIÓN EMPRESARIAL,IV,2,206,GE42008,"Zamora Ruiz, Karla",Taller de Investigación IV (Informe Final de Tesis),10.0,10.0,10.0,10.0,10.0,10.0,Sí,Sí,Sí
GESTIÓN EMPRESARIAL,IV,2,206,GE42008,"Rivarola Ganoza, Ivan Javier",Dirección Estratégica,9.0,9.0,9.0,9.0,9.0,9.0,Sí,Sí,Sí
GESTIÓN EMPRESARIAL,IV,2,206,GE42008,"Oyarse Cruz, Javier Gustavo",Negocios Internacionales,10.0,10.0,10.0,10.0,10.0,10.0,Sí,Sí,Sí
GESTIÓN EMPRESARIAL,IV,2,206,GE42008,"Castro Perez, Luis Alonso",Empowerment y Coaching Empresarial - Electivo,8.0,8.0,8.0,8.0,8.0,8.0,Sí,Sí,Sí
GESTIÓN EMPRESARIAL,IV,2,206,GE42009,"Zamora Ruiz, Karla",Taller de Investigación IV (Informe Final de Tesis),10.0,10.0,10.0,10.0,10.0,10.0,Sí,Sí,Sí
GESTIÓN EMPRESARIAL,IV,2,206,GE42009,"Rivarola Ganoza, Ivan Javier",Dirección Estratégica,,,,,,,,,
GESTIÓN EMPRESARIAL,IV,2,206,GE42009,"Oyarse Cruz, Javier Gustavo",Negocios Internacionales,,,,,,,,,
GESTIÓN EMPRESARIAL,IV,2,206,GE42009,"Castro Perez, Luis Alonso",Empowerment y Coaching Empresarial - Electivo,,,,,,,,,
GESTIÓN EMPRESARIAL,IV,2,206,GE42010,"Zamora Ruiz, Karla",Taller de Investigación IV (Informe Final de Tesis),10.0,10.0,10.0,10.0,10.0,10.0,Sí,Sí,Sí
GESTIÓN EMPRESARIAL,IV,2,206,GE42010,"Rivarola Ganoza, Ivan Javier",Dirección Estratégica,,,,,,,,,
GESTIÓN EMPRESARIAL,IV,2,206,GE42010,"Oyarse Cruz, Javier Gustavo",Negocios Internacionales,,,,,,,,,
GESTIÓN EMPRESARIAL,IV,2,206,GE42010,"Castro Perez, Luis Alonso",Empowerment y Coaching Empresarial - Electivo,10.0,10.0,10.0,10.0,10.0,10.0,Sí,Sí,Sí
GESTIÓN EMPRESARIAL,IV,2,206,GE42011,"Zamora Ruiz, Karla",Taller de Investigación IV (Informe Final de Tesis),7.0,6.0,7.0,6.0,7.0,7.0,Sí,Sí,Sí
GESTIÓN EMPRESARIAL,IV,2,206,GE42011,"Rivarola Ganoza, Ivan Javier",Dirección Estratégica,8.0,8.0,8.0,9.0,8.0,8.0,Sí,Sí,Sí
GESTIÓN EMPRESARIAL,IV,2,206,GE42011,"Oyarse Cruz, Javier Gustavo",Negocios Internacionales,8.0,9.0,8.0,9.0,10.0,9.0,Sí,Sí,Sí
GESTIÓN EMPRESARIAL,IV,2,206,GE42011,"Castro Perez, Luis Alonso",Empowerment y Coaching Empresarial - Electivo,,,,,,,,,
GESTIÓN EMPRESARIAL,IV,2,206,GE42012,"Zamora Ruiz, Karla",Taller de Investigación IV (Informe Final de Tesis),10.0,10.0,10.0,10.0,10.0,10.0,Sí,Sí,Sí
GESTIÓN EMPRESARIAL,IV,2,206,GE42012,"Rivarola Ganoza, Ivan Javier",Dirección Estratégica,9.0,9.0,10.0,10.0,10.0,10.0,Sí,Sí,Sí
GESTIÓN EMPRESARIAL,IV,2,206,GE42012,"Oyarse Cruz, Javier Gustavo",Negocios Internacionales,10.0,10.0,10.0,10.0,10.0,10.0,Sí,Sí,Sí
GESTIÓN EMPRESARIAL,IV,2,206,GE42012,"Castro Perez, Luis Alonso",Empowerment y Coaching Empresarial - Electivo,8.0,9.0,8.0,8.0,8.0,7.0,Sí,Sí,Sí
GESTIÓN EMPRESARIAL,IV,2,206,GE42013,"Zamora Ruiz, Karla",Taller de Investigación IV (Informe Final de Tesis),10.0,10.0,10.0,10.0,10.0,10.0,Sí,Sí,Sí
GESTIÓN EMPRESARIAL,IV,2,206,GE42013,"Rivarola Ganoza, Ivan Javier",Dirección Estratégica,9.0,9.0,9.0,9.0,9.0,9.0,Sí,Sí,Sí
GESTIÓN EMPRESARIAL,IV,2,206,GE42013,"Oyarse Cruz, Javier Gustavo",Negocios Internacionales,10.0,10.0,10.0,10.0,10.0,10.0,Sí,Sí,Sí
GESTIÓN EMPRESARIAL,IV,2,206,GE42013,"Castro Perez, Luis Alonso",Empowerment y Coaching Empresarial - Electivo,9.0,9.0,9.0,9.0,9.0,9.0,Sí,Sí,Sí
GESTIÓN EMPRESARIAL,IV,2,206,GE42014,"Zamora Ruiz, Karla",Taller de Investigación IV (Informe Final de Tesis),9.0,9.0,8.0,9.0,8.0,8.0,Sí,Sí,Sí
GESTIÓN EMPRESARIAL,IV,2,206,GE42014,"Rivarola Ganoza, Ivan Javier",Dirección Estratégica,8.0,9.0,8.0,9.0,9.0,9.0,Sí,Sí,Sí
GESTIÓN EMPRESARIAL,IV,2,206,GE42014,"Oyarse Cruz, Javier Gustavo",Negocios Internacionales,10.0,10.0,10.0,10.0,10.0,10.0,Sí,Sí,Sí
GESTIÓN EMPRESARIAL,IV,2,206,GE42014,"Castro Perez, Luis Alonso",Empowerment y Coaching Empresarial - Electivo,10.0,10.0,9.0,10.0,10.0,10.0,Sí,Sí,Sí
GESTIÓN EMPRESARIAL,IV,2,206,GE42015,"Zamora Ruiz, Karla",Taller de Investigación IV (Informe Final de Tesis),8.0,8.0,8.0,8.0,8.0,8.0,Sí,Sí,Sí
GESTIÓN EMPRESARIAL,IV,2,206,GE42015,"Rivarola Ganoza, Ivan Javier",Dirección Estratégica,8.0,8.0,8.0,8.0,8.0,8.0,Sí,Sí,Sí
GESTIÓN EMPRESARIAL,IV,2,206,GE42015,"Oyarse Cruz, Javier Gustavo",Negocios Internacionales,8.0,8.0,8.0,8.0,8.0,8.0,Sí,Sí,Sí
GESTIÓN EMPRESARIAL,IV,2,206,GE42015,"Castro Perez, Luis Alonso",Empowerment y Coaching Empresarial - Electivo,7.0,7.0,7.0,7.0,7.0,7.0,Sí,Sí,Sí
GESTIÓN EMPRESARIAL,IV,2,206,GE42016,"Zamora Ruiz, Karla",Taller de Investigación IV (Informe Final de Tesis),9.0,9.0,9.0,8.0,8.0,7.0,Sí,Sí,Sí
GESTIÓN EMPRESARIAL,IV,2,206,GE42016,"Rivarola Ganoza, Ivan Javier",Dirección Estratégica,9.0,9.0,9.0,9.0,9.0,9.0,Sí,Sí,Sí
GESTIÓN EMPRESARIAL,IV,2,206,GE42016,"Oyarse Cruz, Javier Gustavo",Negocios Internacionales,9.0,9.0,9.0,9.0,9.0,9.0,Sí,Sí,Sí
GESTIÓN EMPRESARIAL,IV,2,206,GE42016,"Castro Perez, Luis Alonso",Empowerment y Coaching Empresarial - Electivo,6.0,6.0,6.0,6.0,6.0,6.0,Sí,Sí,Sí
GESTIÓN EMPRESARIAL,IV,2,206,GE42017,"Zamora Ruiz, Karla",Taller de Investigación IV (Informe Final de Tesis),9.0,10.0,10.0,7.0,5.0,7.0,Sí,Sí,Sí
GESTIÓN EMPRESARIAL,IV,2,206,GE42017,"Rivarola Ganoza, Ivan Javier",Dirección Estratégica,10.0,10.0,10.0,10.0,10.0,10.0,Sí,Sí,Sí
GESTIÓN EMPRESARIAL,IV,2,206,GE42017,"Oyarse Cruz, Javier Gustavo",Negocios Internacionales,10.0,10.0,10.0,10.0,7.0,7.0,Sí,Sí,Sí
GESTIÓN EMPRESARIAL,IV,2,206,GE42017,"Castro Perez, Luis Alonso",Empowerment y Coaching Empresarial - Electivo,,,,,,,,,
GESTIÓN EMPRESARIAL,IV,2,206,GE42018,"Zamora Ruiz, Karla",Taller de Investigación IV (Informe Final de Tesis),7.0,8.0,8.0,8.0,8.0,8.0,Sí,Sí,Sí
GESTIÓN EMPRESARIAL,IV,2,206,GE42018,"Rivarola Ganoza, Ivan Javier",Dirección Estratégica,10.0,10.0,10.0,10.0,10.0,10.0,Sí,Sí,Sí
GESTIÓN EMPRESARIAL,IV,2,206,GE42018,"Oyarse Cruz, Javier Gustavo",Negocios Internacionales,10.0,10.0,10.0,10.0,10.0,10.0,Sí,Sí,Sí
GESTIÓN EMPRESARIAL,IV,2,206,GE42018,"Castro Perez, Luis Alonso",Empowerment y Coaching Empresarial - Electivo,8.0,10.0,8.0,10.0,8.0,8.0,Sí,Sí,Sí
GESTIÓN EMPRESARIAL,IV,2,206,GE42019,"Zamora Ruiz, Karla",Taller de Investigación IV (Informe Final de Tesis),10.0,10.0,10.0,10.0,10.0,10.0,Sí,Sí,Sí
GESTIÓN EMPRESARIAL,IV,2,206,GE42019,"Rivarola Ganoza, Ivan Javier",Dirección Estratégica,10.0,10.0,10.0,10.0,10.0,10.0,Sí,Sí,Sí
GESTIÓN EMPRESARIAL,IV,2,206,GE42019,"Oyarse Cruz, Javier Gustavo",Negocios Internacionales,10.0,10.0,10.0,10.0,10.0,10.0,Sí,Sí,Sí
GESTIÓN EMPRESARIAL,IV,2,206,GE42019,"Castro Perez, Luis Alonso",Empowerment y Coaching Empresarial - Electivo,10.0,10.0,10.0,10.0,10.0,10.0,Sí,Sí,Sí
GESTIÓN EMPRESARIAL,III,3,308,GE33001,"Vargas Salazar, Ivonne Yanete",Responsabilidad Social Empresarial,10.0,10.0,10.0,10.0,10.0,10.0,Sí,Sí,Sí
GESTIÓN EMPRESARIAL,III,3,308,GE33001,"Saavedra Zegarra, Luis",Sistemas de Información Gerencial,10.0,10.0,10.0,10.0,10.0,10.0,Sí,Sí,Sí
GESTIÓN EMPRESARIAL,III,3,308,GE33001,"Alvarado Tolentino, James Manolo",Finanzas Sostenibles - Electivo,,,,,,,,,
GESTIÓN EMPRESARIAL,III,3,308,GE33001,"Soto Montalva, Rocio del Carmen",Empowerment y Coaching Empresarial - Electivo,10.0,10.0,10.0,10.0,10.0,10.0,Sí,Sí,Sí
GESTIÓN EMPRESARIAL,III,3,308,GE33001,"Castillo Maza, Juan Victoriano",Taller de Investigación III -Fundamentos de Estadistica,10.0,10.0,10.0,10.0,10.0,10.0,Sí,Sí,Sí
GESTIÓN EMPRESARIAL,III,3,308,GE33002,"Vargas Salazar, Ivonne Yanete",Responsabilidad Social Empresarial,8.0,9.0,9.0,10.0,8.0,9.0,Sí,Sí,Sí
GESTIÓN EMPRESARIAL,III,3,308,GE33002,"Saavedra Zegarra, Luis",Sistemas de Información Gerencial,7.0,10.0,10.0,8.0,7.0,10.0,Sí,Sí,Sí
GESTIÓN EMPRESARIAL,III,3,308,GE33002,"Alvarado Tolentino, James Manolo",Finanzas Sostenibles - Electivo,8.0,10.0,10.0,8.0,8.0,8.0,Sí,Sí,Sí
GESTIÓN EMPRESARIAL,III,3,308,GE33002,"Soto Montalva, Rocio del Carmen",Empowerment y Coaching Empresarial - Electivo,,,,,,,,,
GESTIÓN EMPRESARIAL,III,3,308,GE33002,"Castillo Maza, Juan Victoriano",Taller de Investigación III -Fundamentos de Estadistica,8.0,10.0,8.0,10.0,8.0,10.0,Sí,Sí,Sí
GESTIÓN EMPRESARIAL,III,3,308,GE33003,"Vargas Salazar, Ivonne Yanete",Responsabilidad Social Empresarial,10.0,10.0,10.0,10.0,10.0,10.0,Sí,Sí,Sí
GESTIÓN EMPRESARIAL,III,3,308,GE33003,"Saavedra Zegarra, Luis",Sistemas de Información Gerencial,10.0,10.0,10.0,10.0,10.0,10.0,Sí,Sí,Sí
GESTIÓN EMPRESARIAL,III,3,308,GE33003,"Alvarado Tolentino, James Manolo",Finanzas Sostenibles - Electivo,,,,,,,,,
GESTIÓN EMPRESARIAL,III,3,308,GE33003,"Soto Montalva, Rocio del Carmen",Empowerment y Coaching Empresarial - Electivo,10.0,10.0,10.0,10.0,10.0,10.0,Sí,Sí,Sí
GESTIÓN EMPRESARIAL,III,3,308,GE33003,"Castillo Maza, Juan Victoriano",Taller de Investigación III -Fundamentos de Estadistica,10.0,10.0,9.0,9.0,9.0,9.0,Sí,Sí,Sí
GESTIÓN EMPRESARIAL,III,3,308,GE33004,"Vargas Salazar, Ivonne Yanete",Responsabilidad Social Empresarial,9.0,10.0,10.0,9.0,10.0,10.0,Sí,Sí,Sí
GESTIÓN EMPRESARIAL,III,3,308,GE33004,"Saavedra Zegarra, Luis",Sistemas de Información Gerencial,9.0,9.0,9.0,9.0,9.0,9.0,Sí,Sí,Sí
GESTIÓN EMPRESARIAL,III,3,308,GE33004,"Alvarado Tolentino, James Manolo",Finanzas Sostenibles - Electivo,9.0,9.0,9.0,9.0,9.0,9.0,Sí,Sí,Sí
GESTIÓN EMPRESARIAL,III,3,308,GE33004,"Soto Montalva, Rocio del Carmen",Empowerment y Coaching Empresarial - Electivo,,,,,,,,,
GESTIÓN EMPRESARIAL,III,3,308,GE33004,"Castillo Maza, Juan Victoriano",Taller de Investigación III -Fundamentos de Estadistica,,,,,,,,,
GESTIÓN EMPRESARIAL,III,3,308,GE33005,"Vargas Salazar, Ivonne Yanete",Responsabilidad Social Empresarial,8.0,9.0,7.0,7.0,8.0,8.0,Sí,Sí,No
GESTIÓN EMPRESARIAL,III,3,308,GE33005,"Saavedra Zegarra, Luis",Sistemas de Información Gerencial,8.0,6.0,5.0,6.0,5.0,4.0,Sí,Sí,No
GESTIÓN EMPRESARIAL,III,3,308,GE33005,"Alvarado Tolentino, James Manolo",Finanzas Sostenibles - Electivo,7.0,7.0,8.0,8.0,7.0,6.0,A veces,Sí,No
GESTIÓN EMPRESARIAL,III,3,308,GE33005,"Soto Montalva, Rocio del Carmen",Empowerment y Coaching Empresarial - Electivo,,,,,,,,,
GESTIÓN EMPRESARIAL,III,3,308,GE33005,"Castillo Maza, Juan Victoriano",Taller de Investigación III -Fundamentos de Estadistica,10.0,10.0,10.0,10.0,10.0,10.0,,,
GESTIÓN EMPRESARIAL,III,3,308,GE33006,"Vargas Salazar, Ivonne Yanete",Responsabilidad Social Empresarial,10.0,10.0,10.0,10.0,10.0,10.0,Sí,Sí,A veces
GESTIÓN EMPRESARIAL,III,3,308,GE33006,"Saavedra Zegarra, Luis",Sistemas de Información Gerencial,10.0,10.0,10.0,10.0,10.0,10.0,Sí,Sí,A veces
GESTIÓN EMPRESARIAL,III,3,308,GE33006,"Alvarado Tolentino, James Manolo",Finanzas Sostenibles - Electivo,,,,,,,,,
GESTIÓN EMPRESARIAL,III,3,308,GE33006,"Soto Montalva, Rocio del Carmen",Empowerment y Coaching Empresarial - Electivo,,,,,,,,,
GESTIÓN EMPRESARIAL,III,3,308,GE33006,"Castillo Maza, Juan Victoriano",Taller de Investigación III -Fundamentos de Estadistica,10.0,10.0,10.0,10.0,10.0,10.0,Sí,Sí,A veces
GESTIÓN EMPRESARIAL,III,3,308,GE33007,"Vargas Salazar, Ivonne Yanete",Responsabilidad Social Empresarial,6.0,6.0,7.0,6.0,7.0,6.0,Sí,No,Sí
GESTIÓN EMPRESARIAL,III,3,308,GE33007,"Saavedra Zegarra, Luis",Sistemas de Información Gerencial,6.0,6.0,5.0,6.0,7.0,5.0,Sí,No,Sí
GESTIÓN EMPRESARIAL,III,3,308,GE33007,"Alvarado Tolentino, James Manolo",Finanzas Sostenibles - Electivo,5.0,6.0,6.0,6.0,5.0,3.0,Sí,No,Sí
GESTIÓN EMPRESARIAL,III,3,308,GE33007,"Soto Montalva, Rocio del Carmen",Empowerment y Coaching Empresarial - Electivo,,,,,,,,,
GESTIÓN EMPRESARIAL,III,3,308,GE33007,"Castillo Maza, Juan Victoriano",Taller de Investigación III -Fundamentos de Estadistica,6.0,7.0,6.0,7.0,6.0,4.0,,,
GESTIÓN EMPRESARIAL,III,3,308,GE33008,"Vargas Salazar, Ivonne Yanete",Responsabilidad Social Empresarial,7.0,8.0,2.0,2.0,2.0,4.0,Sí,Sí,Sí
GESTIÓN EMPRESARIAL,III,3,308,GE33008,"Saavedra Zegarra, Luis",Sistemas de Información Gerencial,9.0,9.0,1.0,8.0,1.0,1.0,Sí,Sí,Sí
GESTIÓN EMPRESARIAL,III,3,308,GE33008,"Alvarado Tolentino, James Manolo",Finanzas Sostenibles - Electivo,,,,,,,,,
GESTIÓN EMPRESARIAL,III,3,308,GE33008,"Soto Montalva, Rocio del Carmen",Empowerment y Coaching Empresarial - Electivo,10.0,10.0,10.0,10.0,10.0,10.0,Sí,Sí,Sí
GESTIÓN EMPRESARIAL,III,3,308,GE33008,"Castillo Maza, Juan Victoriano",Taller de Investigación III -Fundamentos de Estadistica,10.0,10.0,10.0,10.0,10.0,10.0,Sí,Sí,Sí
GESTIÓN EMPRESARIAL,III,3,308,GE33009,"Vargas Salazar, Ivonne Yanete",Responsabilidad Social Empresarial,9.0,9.0,9.0,9.0,8.0,9.0,Sí,Sí,Sí
GESTIÓN EMPRESARIAL,III,3,308,GE33009,"Saavedra Zegarra, Luis",Sistemas de Información Gerencial,9.0,9.0,8.0,9.0,9.0,8.0,Sí,Sí,Sí
GESTIÓN EMPRESARIAL,III,3,308,GE33009,"Alvarado Tolentino, James Manolo",Finanzas Sostenibles - Electivo,,,,,,,,,
GESTIÓN EMPRESARIAL,III,3,308,GE33009,"Soto Montalva, Rocio del Carmen",Empowerment y Coaching Empresarial - Electivo,9.0,9.0,9.0,9.0,9.0,9.0,Sí,Sí,Sí
GESTIÓN EMPRESARIAL,III,3,308,GE33009,"Castillo Maza, Juan Victoriano",Taller de Investigación III -Fundamentos de Estadistica,9.0,10.0,9.0,9.0,9.0,9.0,Sí,Sí,Sí
GESTIÓN EMPRESARIAL,III,3,308,GE33010,"Vargas Salazar, Ivonne Yanete",Responsabilidad Social Empresarial,8.0,8.0,8.0,8.0,7.0,9.0,Sí,Sí,Sí
GESTIÓN EMPRESARIAL,III,3,308,GE33010,"Saavedra Zegarra, Luis",Sistemas de Información Gerencial,,,,,,,,,
GESTIÓN EMPRESARIAL,III,3,308,GE33010,"Alvarado Tolentino, James Manolo",Finanzas Sostenibles - Electivo,,,,,,,,,
GESTIÓN EMPRESARIAL,III,3,308,GE33010,"Soto Montalva, Rocio del Carmen",Empowerment y Coaching Empresarial - Electivo,,,,,,,,,
GESTIÓN EMPRESARIAL,III,3,308,GE33010,"Castillo Maza, Juan Victoriano",Taller de Investigación III -Fundamentos de Estadistica,8.0,8.0,8.0,8.0,7.0,9.0,Sí,Sí,Sí
GESTIÓN EMPRESARIAL,III,3,308,GE33011,"Vargas Salazar, Ivonne Yanete",Responsabilidad Social Empresarial,10.0,10.0,10.0,9.0,8.0,9.0,Sí,Sí,Sí
GESTIÓN EMPRESARIAL,III,3,308,GE33011,"Saavedra Zegarra, Luis",Sistemas de Información Gerencial,10.0,10.0,10.0,9.0,8.0,8.0,Sí,Sí,Sí
GESTIÓN EMPRESARIAL,III,3,308,GE33011,"Alvarado Tolentino, James Manolo",Finanzas Sostenibles - Electivo,10.0,10.0,10.0,10.0,10.0,10.0,Sí,Sí,Sí
GESTIÓN EMPRESARIAL,III,3,308,GE33011,"Soto Montalva, Rocio del Carmen",Empowerment y Coaching Empresarial - Electivo,,,,,,,,,
GESTIÓN EMPRESARIAL,III,3,308,GE33011,"Castillo Maza, Juan Victoriano",Taller de Investigación III -Fundamentos de Estadistica,10.0,10.0,10.0,10.0,10.0,10.0,Sí,Sí,Sí
GESTIÓN EMPRESARIAL,III,3,308,GE33012,"Vargas Salazar, Ivonne Yanete",Responsabilidad Social Empresarial,10.0,10.0,10.0,10.0,10.0,10.0,Sí,Sí,Sí
GESTIÓN EMPRESARIAL,III,3,308,GE33012,"Saavedra Zegarra, Luis",Sistemas de Información Gerencial,10.0,10.0,10.0,10.0,10.0,10.0,Sí,Sí,Sí
GESTIÓN EMPRESARIAL,III,3,308,GE33012,"Alvarado Tolentino, James Manolo",Finanzas Sostenibles - Electivo,,,,,,,,,
GESTIÓN EMPRESARIAL,III,3,308,GE33012,"Soto Montalva, Rocio del Carmen",Empowerment y Coaching Empresarial - Electivo,10.0,10.0,10.0,10.0,10.0,10.0,Sí,Sí,Sí
GESTIÓN EMPRESARIAL,III,3,308,GE33012,"Castillo Maza, Juan Victoriano",Taller de Investigación III -Fundamentos de Estadistica,10.0,10.0,10.0,10.0,10.0,10.0,Sí,Sí,Sí
GESTIÓN EMPRESARIAL,III,3,308,GE33013,"Vargas Salazar, Ivonne Yanete",Responsabilidad Social Empresarial,9.0,10.0,9.0,9.0,9.0,9.0,Sí,Sí,Sí
GESTIÓN EMPRESARIAL,III,3,308,GE33013,"Saavedra Zegarra, Luis",Sistemas de Información Gerencial,9.0,9.0,8.0,8.0,8.0,8.0,Sí,Sí,Sí
GESTIÓN EMPRESARIAL,III,3,308,GE33013,"Alvarado Tolentino, James Manolo",Finanzas Sostenibles - Electivo,9.0,10.0,9.0,9.0,9.0,9.0,Sí,Sí,Sí
GESTIÓN EMPRESARIAL,III,3,308,GE33013,"Soto Montalva, Rocio del Carmen",Empowerment y Coaching Empresarial - Electivo,,,,,,,,,
GESTIÓN EMPRESARIAL,III,3,308,GE33013,"Castillo Maza, Juan Victoriano",Taller de Investigación III -Fundamentos de Estadistica,9.0,10.0,9.0,10.0,9.0,9.0,Sí,Sí,Sí
GESTIÓN EMPRESARIAL,III,3,308,GE33014,"Vargas Salazar, Ivonne Yanete",Responsabilidad Social Empresarial,9.0,9.0,10.0,10.0,9.0,9.0,Sí,Sí,Sí
GESTIÓN EMPRESARIAL,III,3,308,GE33014,"Saavedra Zegarra, Luis",Sistemas de Información Gerencial,10.0,10.0,9.0,9.0,10.0,10.0,Sí,Sí,Sí
GESTIÓN EMPRESARIAL,III,3,308,GE33014,"Alvarado Tolentino, James Manolo",Finanzas Sostenibles - Electivo,8.0,9.0,8.0,9.0,9.0,8.0,Sí,Sí,Sí
GESTIÓN EMPRESARIAL,III,3,308,GE33014,"Soto Montalva, Rocio del Carmen",Empowerment y Coaching Empresarial - Electivo,,,,,,,,,
GESTIÓN EMPRESARIAL,III,3,308,GE33014,"Castillo Maza, Juan Victoriano",Taller de Investigación III -Fundamentos de Estadistica,9.0,9.0,8.0,8.0,9.0,9.0,Sí,Sí,Sí
GESTIÓN EMPRESARIAL,III,3,308,GE33015,"Vargas Salazar, Ivonne Yanete",Responsabilidad Social Empresarial,9.0,10.0,10.0,10.0,9.0,9.0,Sí,Sí,Sí
GESTIÓN EMPRESARIAL,III,3,308,GE33015,"Saavedra Zegarra, Luis",Sistemas de Información Gerencial,10.0,10.0,10.0,10.0,10.0,10.0,Sí,Sí,Sí
GESTIÓN EMPRESARIAL,III,3,308,GE33015,"Alvarado Tolentino, James Manolo",Finanzas Sostenibles - Electivo,8.0,9.0,8.0,8.0,7.0,8.0,A veces,Sí,Sí
GESTIÓN EMPRESARIAL,III,3,308,GE33015,"Soto Montalva, Rocio del Carmen",Empowerment y Coaching Empresarial - Electivo,,,,,,,,,
GESTIÓN EMPRESARIAL,III,3,308,GE33015,"Castillo Maza, Juan Victoriano",Taller de Investigación III -Fundamentos de Estadistica,10.0,10.0,9.0,9.0,9.0,9.0,Sí,Sí,Sí
GESTIÓN EMPRESARIAL,III,3,308,GE33016,"Vargas Salazar, Ivonne Yanete",Responsabilidad Social Empresarial,10.0,10.0,10.0,10.0,9.0,9.0,Sí,Sí,Sí
GESTIÓN EMPRESARIAL,III,3,308,GE33016,"Saavedra Zegarra, Luis",Sistemas de Información Gerencial,10.0,10.0,10.0,9.0,9.0,9.0,Sí,Sí,Sí
GESTIÓN EMPRESARIAL,III,3,308,GE33016,"Alvarado Tolentino, James Manolo",Finanzas Sostenibles - Electivo,10.0,10.0,10.0,9.0,9.0,9.0,A veces,Sí,No
GESTIÓN EMPRESARIAL,III,3,308,GE33016,"Soto Montalva, Rocio del Carmen",Empowerment y Coaching Empresarial - Electivo,,,,,,,,,
GESTIÓN EMPRESARIAL,III,3,308,GE33016,"Castillo Maza, Juan Victoriano",Taller de Investigación III -Fundamentos de Estadistica,10.0,10.0,10.0,9.0,10.0,9.0,Sí,Sí,Sí
GESTIÓN EMPRESARIAL,III,3,308,GE33017,"Vargas Salazar, Ivonne Yanete",Responsabilidad Social Empresarial,10.0,10.0,10.0,10.0,10.0,10.0,Sí,Sí,Sí
GESTIÓN EMPRESARIAL,III,3,308,GE33017,"Saavedra Zegarra, Luis",Sistemas de Información Gerencial,10.0,10.0,10.0,10.0,10.0,10.0,Sí,Sí,Sí
GESTIÓN EMPRESARIAL,III,3,308,GE33017,"Alvarado Tolentino, James Manolo",Finanzas Sostenibles - Electivo,10.0,10.0,10.0,10.0,9.0,9.0,Sí,Sí,Sí
GESTIÓN EMPRESARIAL,III,3,308,GE33017,"Soto Montalva, Rocio del Carmen",Empowerment y Coaching Empresarial - Electivo,,,,,,,,,
GESTIÓN EMPRESARIAL,III,3,308,GE33017,"Castillo Maza, Juan Victoriano",Taller de Investigación III -Fundamentos de Estadistica,10.0,10.0,10.0,10.0,10.0,10.0,Sí,Sí,Sí
GESTIÓN EMPRESARIAL,III,3,308,GE33018,"Vargas Salazar, Ivonne Yanete",Responsabilidad Social Empresarial,9.0,10.0,10.0,9.0,9.0,9.0,Sí,Sí,No
GESTIÓN EMPRESARIAL,III,3,308,GE33018,"Saavedra Zegarra, Luis",Sistemas de Información Gerencial,9.0,10.0,9.0,10.0,8.0,8.0,Sí,Sí,Sí
GESTIÓN EMPRESARIAL,III,3,308,GE33018,"Alvarado Tolentino, James Manolo",Finanzas Sostenibles - Electivo,,,,,,,,,
GESTIÓN EMPRESARIAL,III,3,308,GE33018,"Soto Montalva, Rocio del Carmen",Empowerment y Coaching Empresarial - Electivo,,,,,,,,,
GESTIÓN EMPRESARIAL,III,3,308,GE33018,"Castillo Maza, Juan Victoriano",Taller de Investigación III -Fundamentos de Estadistica,10.0,10.0,10.0,10.0,10.0,9.0,Sí,Sí,Sí
GESTIÓN EMPRESARIAL,III,3,308,GE33019,"Vargas Salazar, Ivonne Yanete",Responsabilidad Social Empresarial,8.0,10.0,10.0,10.0,10.0,10.0,Sí,Sí,Sí
GESTIÓN EMPRESARIAL,III,3,308,GE33019,"Saavedra Zegarra, Luis",Sistemas de Información Gerencial,8.0,10.0,10.0,8.0,8.0,9.0,Sí,Sí,Sí
GESTIÓN EMPRESARIAL,III,3,308,GE33019,"Alvarado Tolentino, James Manolo",Finanzas Sostenibles - Electivo,9.0,10.0,10.0,9.0,10.0,10.0,Sí,Sí,Sí
GESTIÓN EMPRESARIAL,III,3,308,GE33019,"Soto Montalva, Rocio del Carmen",Empowerment y Coaching Empresarial - Electivo,,,,,,,,,
GESTIÓN EMPRESARIAL,III,3,308,GE33019,"Castillo Maza, Juan Victoriano",Taller de Investigación III -Fundamentos de Estadistica,9.0,10.0,10.0,9.0,10.0,10.0,Sí,Sí,Sí
GESTIÓN EMPRESARIAL,III,3,308,GE33020,"Vargas Salazar, Ivonne Yanete",Responsabilidad Social Empresarial,10.0,10.0,10.0,10.0,10.0,10.0,Sí,Sí,Sí
GESTIÓN EMPRESARIAL,III,3,308,GE33020,"Saavedra Zegarra, Luis",Sistemas de Información Gerencial,10.0,10.0,9.0,9.0,10.0,10.0,Sí,Sí,Sí
GESTIÓN EMPRESARIAL,III,3,308,GE33020,"Alvarado Tolentino, James Manolo",Finanzas Sostenibles - Electivo,9.0,10.0,9.0,10.0,9.0,9.0,Sí,Sí,Sí
GESTIÓN EMPRESARIAL,III,3,308,GE33020,"Soto Montalva, Rocio del Carmen",Empowerment y Coaching Empresarial - Electivo,,,,,,,,,
GESTIÓN EMPRESARIAL,III,3,308,GE33020,"Castillo Maza, Juan Victoriano",Taller de Investigación III -Fundamentos de Estadistica,10.0,10.0,9.0,10.0,9.0,10.0,Sí,Sí,Sí
GESTIÓN EMPRESARIAL,IV,3,402,GE43001,"Quiñones Balaguer, María Andrea",Dirección Estratégica,10.0,10.0,10.0,10.0,10.0,10.0,Sí,Sí,Sí
GESTIÓN EMPRESARIAL,IV,3,402,GE43001,"Muñoz Marticorena, William Amadeo",Negocios Internacionales,10.0,10.0,10.0,10.0,10.0,10.0,Sí,Sí,Sí
GESTIÓN EMPRESARIAL,IV,3,402,GE43001,"Mesias Mendoza, Rocio del Pilar",Logística Internacional - Electivo,10.0,10.0,10.0,10.0,10.0,10.0,Sí,Sí,Sí
GESTIÓN EMPRESARIAL,IV,3,402,GE43001,"Esponda Versace, Laura",Taller de Investigación IV (Informe Final de Tesis),10.0,10.0,10.0,10.0,10.0,10.0,Sí,Sí,Sí
GESTIÓN EMPRESARIAL,IV,3,402,GE43002,"Quiñones Balaguer, María Andrea",Dirección Estratégica,10.0,10.0,10.0,10.0,10.0,10.0,Sí,Sí,Sí
GESTIÓN EMPRESARIAL,IV,3,402,GE43002,"Muñoz Marticorena, William Amadeo",Negocios Internacionales,10.0,10.0,10.0,10.0,10.0,10.0,Sí,Sí,Sí
GESTIÓN EMPRESARIAL,IV,3,402,GE43002,"Mesias Mendoza, Rocio del Pilar",Logística Internacional - Electivo,10.0,10.0,10.0,10.0,10.0,10.0,Sí,Sí,No
GESTIÓN EMPRESARIAL,IV,3,402,GE43002,"Esponda Versace, Laura",Taller de Investigación IV (Informe Final de Tesis),10.0,10.0,10.0,10.0,10.0,10.0,Sí,Sí,Sí
GESTIÓN EMPRESARIAL,IV,3,402,GE43003,"Quiñones Balaguer, María Andrea",Dirección Estratégica,9.0,9.0,9.0,9.0,9.0,9.0,Sí,Sí,Sí
GESTIÓN EMPRESARIAL,IV,3,402,GE43003,"Muñoz Marticorena, William Amadeo",Negocios Internacionales,8.0,9.0,9.0,9.0,9.0,9.0,Sí,Sí,Sí
GESTIÓN EMPRESARIAL,IV,3,402,GE43003,"Mesias Mendoza, Rocio del Pilar",Logística Internacional - Electivo,7.0,9.0,8.0,9.0,7.0,7.0,Sí,Sí,Sí
GESTIÓN EMPRESARIAL,IV,3,402,GE43003,"Esponda Versace, Laura",Taller de Investigación IV (Informe Final de Tesis),7.0,9.0,8.0,9.0,7.0,7.0,Sí,Sí,Sí
GESTIÓN EMPRESARIAL,IV,3,402,GE43004,"Quiñones Balaguer, María Andrea",Dirección Estratégica,10.0,10.0,10.0,10.0,10.0,10.0,Sí,Sí,Sí
GESTIÓN EMPRESARIAL,IV,3,402,GE43004,"Muñoz Marticorena, William Amadeo",Negocios Internacionales,9.0,10.0,10.0,10.0,9.0,10.0,Sí,Sí,Sí
GESTIÓN EMPRESARIAL,IV,3,402,GE43004,"Mesias Mendoza, Rocio del Pilar",Logística Internacional - Electivo,10.0,10.0,10.0,10.0,10.0,10.0,Sí,Sí,Sí
GESTIÓN EMPRESARIAL,IV,3,402,GE43004,"Esponda Versace, Laura",Taller de Investigación IV (Informe Final de Tesis),9.0,10.0,10.0,10.0,9.0,9.0,Sí,Sí,Sí
GESTIÓN EMPRESARIAL,IV,3,402,GE43005,"Quiñones Balaguer, María Andrea",Dirección Estratégica,7.0,6.0,6.0,6.0,5.0,4.0,,,
GESTIÓN EMPRESARIAL,IV,3,402,GE43005,"Muñoz Marticorena, William Amadeo",Negocios Internacionales,9.0,9.0,9.0,9.0,8.0,8.0,Sí,Sí,Sí
GESTIÓN EMPRESARIAL,IV,3,402,GE43005,"Mesias Mendoza, Rocio del Pilar",Logística Internacional - Electivo,9.0,9.0,9.0,9.0,9.0,8.0,Sí,Sí,Sí
GESTIÓN EMPRESARIAL,IV,3,402,GE43005,"Esponda Versace, Laura",Taller de Investigación IV (Informe Final de Tesis),6.0,8.0,7.0,7.0,7.0,6.0,Sí,Sí,Sí
GESTIÓN EMPRESARIAL,IV,3,402,GE43006,"Quiñones Balaguer, María Andrea",Dirección Estratégica,9.0,9.0,9.0,9.0,9.0,9.0,Sí,Sí,Sí
GESTIÓN EMPRESARIAL,IV,3,402,GE43006,"Muñoz Marticorena, William Amadeo",Negocios Internacionales,9.0,9.0,9.0,9.0,9.0,9.0,Sí,Sí,Sí
GESTIÓN EMPRESARIAL,IV,3,402,GE43006,"Mesias Mendoza, Rocio del Pilar",Logística Internacional - Electivo,9.0,9.0,9.0,9.0,9.0,9.0,Sí,Sí,Sí
GESTIÓN EMPRESARIAL,IV,3,402,GE43006,"Esponda Versace, Laura",Taller de Investigación IV (Informe Final de Tesis),9.0,9.0,9.0,9.0,9.0,9.0,Sí,Sí,Sí
GESTIÓN EMPRESARIAL,IV,3,402,GE43007,"Quiñones Balaguer, María Andrea",Dirección Estratégica,10.0,10.0,10.0,10.0,10.0,10.0,Sí,Sí,Sí
GESTIÓN EMPRESARIAL,IV,3,402,GE43007,"Muñoz Marticorena, William Amadeo",Negocios Internacionales,10.0,10.0,10.0,10.0,10.0,10.0,Sí,Sí,Sí
GESTIÓN EMPRESARIAL,IV,3,402,GE43007,"Mesias Mendoza, Rocio del Pilar",Logística Internacional - Electivo,10.0,10.0,9.0,10.0,9.0,10.0,Sí,Sí,Sí
GESTIÓN EMPRESARIAL,IV,3,402,GE43007,"Esponda Versace, Laura",Taller de Investigación IV (Informe Final de Tesis),10.0,10.0,10.0,10.0,10.0,10.0,Sí,Sí,Sí
GESTIÓN EMPRESARIAL,IV,3,402,GE43008,"Quiñones Balaguer, María Andrea",Dirección Estratégica,10.0,10.0,10.0,10.0,10.0,10.0,Sí,Sí,Sí
GESTIÓN EMPRESARIAL,IV,3,402,GE43008,"Muñoz Marticorena, William Amadeo",Negocios Internacionales,10.0,10.0,10.0,10.0,10.0,10.0,Sí,Sí,Sí
GESTIÓN EMPRESARIAL,IV,3,402,GE43008,"Mesias Mendoza, Rocio del Pilar",Logística Internacional - Electivo,10.0,10.0,10.0,10.0,10.0,10.0,Sí,Sí,Sí
GESTIÓN EMPRESARIAL,IV,3,402,GE43008,"Esponda Versace, Laura",Taller de Investigación IV (Informe Final de Tesis),10.0,10.0,10.0,10.0,10.0,10.0,Sí,Sí,Sí
GESTIÓN EMPRESARIAL,IV,3,402,GE43009,"Quiñones Balaguer, María Andrea",Dirección Estratégica,9.0,10.0,9.0,10.0,9.0,9.0,Sí,Sí,Sí
GESTIÓN EMPRESARIAL,IV,3,402,GE43009,"Muñoz Marticorena, William Amadeo",Negocios Internacionales,9.0,9.0,8.0,9.0,8.0,8.0,Sí,Sí,Sí
GESTIÓN EMPRESARIAL,IV,3,402,GE43009,"Mesias Mendoza, Rocio del Pilar",Logística Internacional - Electivo,9.0,10.0,9.0,9.0,8.0,8.0,Sí,Sí,No
GESTIÓN EMPRESARIAL,IV,3,402,GE43009,"Esponda Versace, Laura",Taller de Investigación IV (Informe Final de Tesis),10.0,10.0,10.0,10.0,10.0,10.0,Sí,Sí,A veces
GESTIÓN EMPRESARIAL,IV,3,402,GE43010,"Quiñones Balaguer, María Andrea",Dirección Estratégica,8.0,8.0,8.0,8.0,8.0,8.0,A veces,Sí,Sí
GESTIÓN EMPRESARIAL,IV,3,402,GE43010,"Muñoz Marticorena, William Amadeo",Negocios Internacionales,8.0,8.0,8.0,8.0,8.0,8.0,Sí,Sí,Sí
GESTIÓN EMPRESARIAL,IV,3,402,GE43010,"Mesias Mendoza, Rocio del Pilar",Logística Internacional - Electivo,8.0,8.0,8.0,8.0,9.0,8.0,Sí,Sí,Sí
GESTIÓN EMPRESARIAL,IV,3,402,GE43010,"Esponda Versace, Laura",Taller de Investigación IV (Informe Final de Tesis),8.0,8.0,8.0,8.0,10.0,8.0,Sí,Sí,Sí
GESTIÓN EMPRESARIAL,IV,3,402,GE43011,"Quiñones Balaguer, María Andrea",Dirección Estratégica,10.0,10.0,10.0,10.0,10.0,10.0,Sí,Sí,Sí
GESTIÓN EMPRESARIAL,IV,3,402,GE43011,"Muñoz Marticorena, William Amadeo",Negocios Internacionales,,,,,,,,,
GESTIÓN EMPRESARIAL,IV,3,402,GE43011,"Mesias Mendoza, Rocio del Pilar",Logística Internacional - Electivo,,,,,,,,,
GESTIÓN EMPRESARIAL,IV,3,402,GE43011,"Esponda Versace, Laura",Taller de Investigación IV (Informe Final de Tesis),,,,,,,,,
GESTIÓN EMPRESARIAL,IV,3,402,GE43012,"Quiñones Balaguer, María Andrea",Dirección Estratégica,9.0,9.0,9.0,9.0,9.0,9.0,Sí,Sí,Sí
GESTIÓN EMPRESARIAL,IV,3,402,GE43012,"Muñoz Marticorena, William Amadeo",Negocios Internacionales,9.0,9.0,9.0,9.0,9.0,9.0,Sí,Sí,Sí
GESTIÓN EMPRESARIAL,IV,3,402,GE43012,"Mesias Mendoza, Rocio del Pilar",Logística Internacional - Electivo,8.0,9.0,8.0,8.0,8.0,8.0,Sí,Sí,Sí
GESTIÓN EMPRESARIAL,IV,3,402,GE43012,"Esponda Versace, Laura",Taller de Investigación IV (Informe Final de Tesis),9.0,9.0,9.0,9.0,9.0,9.0,Sí,Sí,Sí
GESTIÓN EMPRESARIAL,IV,3,402,GE43013,"Quiñones Balaguer, María Andrea",Dirección Estratégica,10.0,10.0,10.0,10.0,10.0,10.0,Sí,Sí,Sí
GESTIÓN EMPRESARIAL,IV,3,402,GE43013,"Muñoz Marticorena, William Amadeo",Negocios Internacionales,9.0,10.0,10.0,10.0,9.0,9.0,Sí,Sí,Sí
GESTIÓN EMPRESARIAL,IV,3,402,GE43013,"Mesias Mendoza, Rocio del Pilar",Logística Internacional - Electivo,,,,,,,,,
GESTIÓN EMPRESARIAL,IV,3,402,GE43013,"Esponda Versace, Laura",Taller de Investigación IV (Informe Final de Tesis),10.0,10.0,10.0,10.0,10.0,10.0,Sí,Sí,Sí
GESTIÓN EMPRESARIAL,IV,3,402,GE43014,"Quiñones Balaguer, María Andrea",Dirección Estratégica,10.0,10.0,10.0,10.0,10.0,10.0,Sí,Sí,Sí
GESTIÓN EMPRESARIAL,IV,3,402,GE43014,"Muñoz Marticorena, William Amadeo",Negocios Internacionales,10.0,10.0,10.0,10.0,10.0,10.0,Sí,Sí,Sí
GESTIÓN EMPRESARIAL,IV,3,402,GE43014,"Mesias Mendoza, Rocio del Pilar",Logística Internacional - Electivo,10.0,10.0,10.0,10.0,10.0,10.0,Sí,Sí,Sí
GESTIÓN EMPRESARIAL,IV,3,402,GE43014,"Esponda Versace, Laura",Taller de Investigación IV (Informe Final de Tesis),,,,,,,,,
GESTIÓN EMPRESARIAL,IV,3,402,GE43015,"Quiñones Balaguer, María Andrea",Dirección Estratégica,10.0,10.0,10.0,10.0,10.0,10.0,Sí,Sí,Sí
GESTIÓN EMPRESARIAL,IV,3,402,GE43015,"Muñoz Marticorena, William Amadeo",Negocios Internacionales,10.0,10.0,10.0,9.0,10.0,10.0,Sí,Sí,Sí
GESTIÓN EMPRESARIAL,IV,3,402,GE43015,"Mesias Mendoza, Rocio del Pilar",Logística Internacional - Electivo,10.0,10.0,10.0,10.0,10.0,10.0,Sí,Sí,Sí
GESTIÓN EMPRESARIAL,IV,3,402,GE43015,"Esponda Versace, Laura",Taller de Investigación IV (Informe Final de Tesis),10.0,10.0,10.0,10.0,10.0,10.0,Sí,Sí,Sí
GESTIÓN EMPRESARIAL,IV,3,402,GE43016,"Quiñones Balaguer, María Andrea",Dirección Estratégica,10.0,10.0,10.0,10.0,10.0,10.0,Sí,Sí,Sí
GESTIÓN EMPRESARIAL,IV,3,402,GE43016,"Muñoz Marticorena, William Amadeo",Negocios Internacionales,9.0,9.0,9.0,9.0,10.0,10.0,Sí,Sí,Sí
GESTIÓN EMPRESARIAL,IV,3,402,GE43016,"Mesias Mendoza, Rocio del Pilar",Logística Internacional - Electivo,9.0,10.0,10.0,10.0,9.0,10.0,Sí,Sí,Sí
GESTIÓN EMPRESARIAL,IV,3,402,GE43016,"Esponda Versace, Laura",Taller de Investigación IV (Informe Final de Tesis),9.0,10.0,10.0,10.0,10.0,10.0,Sí,Sí,Sí
GESTIÓN EMPRESARIAL,IV,3,402,GE43017,"Quiñones Balaguer, María Andrea",Dirección Estratégica,9.0,9.0,9.0,10.0,10.0,10.0,Sí,Sí,Sí
GESTIÓN EMPRESARIAL,IV,3,402,GE43017,"Muñoz Marticorena, William Amadeo",Negocios Internacionales,9.0,9.0,9.0,10.0,10.0,10.0,Sí,Sí,Sí
GESTIÓN EMPRESARIAL,IV,3,402,GE43017,"Mesias Mendoza, Rocio del Pilar",Logística Internacional - Electivo,9.0,9.0,9.0,10.0,10.0,10.0,Sí,Sí,Sí
GESTIÓN EMPRESARIAL,IV,3,402,GE43017,"Esponda Versace, Laura",Taller de Investigación IV (Informe Final de Tesis),9.0,9.0,9.0,10.0,10.0,10.0,Sí,Sí,Sí
GESTIÓN EMPRESARIAL,IV,3,402,GE43018,"Quiñones Balaguer, María Andrea",Dirección Estratégica,10.0,10.0,10.0,10.0,10.0,10.0,Sí,Sí,Sí
GESTIÓN EMPRESARIAL,IV,3,402,GE43018,"Muñoz Marticorena, William Amadeo",Negocios Internacionales,10.0,10.0,9.0,10.0,9.0,10.0,Sí,Sí,Sí
GESTIÓN EMPRESARIAL,IV,3,402,GE43018,"Mesias Mendoza, Rocio del Pilar",Logística Internacional - Electivo,10.0,10.0,10.0,10.0,10.0,10.0,Sí,Sí,Sí
GESTIÓN EMPRESARIAL,IV,3,402,GE43018,"Esponda Versace, Laura",Taller de Investigación IV (Informe Final de Tesis),10.0,10.0,10.0,10.0,9.0,10.0,Sí,Sí,A veces
GESTIÓN EMPRESARIAL,IV,3,402,GE43019,"Quiñones Balaguer, María Andrea",Dirección Estratégica,10.0,10.0,10.0,10.0,10.0,10.0,Sí,Sí,Sí
GESTIÓN EMPRESARIAL,IV,3,402,GE43019,"Muñoz Marticorena, William Amadeo",Negocios Internacionales,8.0,7.0,7.0,7.0,8.0,7.0,Sí,Sí,Sí
GESTIÓN EMPRESARIAL,IV,3,402,GE43019,"Mesias Mendoza, Rocio del Pilar",Logística Internacional - Electivo,9.0,9.0,9.0,9.0,9.0,9.0,Sí,Sí,Sí
GESTIÓN EMPRESARIAL,IV,3,402,GE43019,"Esponda Versace, Laura",Taller de Investigación IV (Informe Final de Tesis),9.0,10.0,9.0,10.0,9.0,10.0,Sí,Sí,Sí
GESTIÓN EMPRESARIAL,IV,3,402,GE43020,"Quiñones Balaguer, María Andrea",Dirección Estratégica,10.0,10.0,10.0,10.0,10.0,10.0,Sí,Sí,Sí
GESTIÓN EMPRESARIAL,IV,3,402,GE43020,"Muñoz Marticorena, William Amadeo",Negocios Internacionales,9.0,10.0,10.0,10.0,10.0,9.0,Sí,Sí,Sí
GESTIÓN EMPRESARIAL,IV,3,402,GE43020,"Mesias Mendoza, Rocio del Pilar",Logística Internacional - Electivo,9.0,10.0,10.0,10.0,10.0,10.0,Sí,Sí,Sí
GESTIÓN EMPRESARIAL,IV,3,402,GE43020,"Esponda Versace, Laura",Taller de Investigación IV (Informe Final de Tesis),10.0,10.0,10.0,10.0,10.0,10.0,Sí,No,No
GESTIÓN PÚBLICA,IV,4,101,GP4401,"Chávez Ramirez, Edith Delia",Seminario: Política Fiscal y Administración Tributaria,10.0,10.0,10.0,10.0,10.0,10.0,Sí,Sí,Sí
GESTIÓN PÚBLICA,IV,4,101,GP4401,Ríos Barrientos Mario Cesar,"Seminario: Sistema Nacional de Control, Ética y Anticorrupción - (ELE)",10.0,10.0,10.0,10.0,10.0,10.0,Sí,Sí,Sí
GESTIÓN PÚBLICA,IV,4,101,GP4401,"Vigo Gálvez, María de las Mercedes Elizabeth",Taller de Investigación IV (Informe Final de Tesis),10.0,10.0,10.0,10.0,10.0,10.0,Sí,Sí,Sí
GESTIÓN PÚBLICA,IV,4,101,GP4401,"Torres Castillo, Anibal",Seminario: Descentralización y Desarrollo Territorial,10.0,10.0,10.0,10.0,10.0,10.0,Sí,Sí,Sí
GESTIÓN PÚBLICA,IV,4,101,GP44002,"Chávez Ramirez, Edith Delia",Seminario: Política Fiscal y Administración Tributaria,8.0,9.0,9.0,10.0,9.0,10.0,Sí,Sí,Sí
GESTIÓN PÚBLICA,IV,4,101,GP44002,Ríos Barrientos Mario Cesar,"Seminario: Sistema Nacional de Control, Ética y Anticorrupción - (ELE)",,,,,,,,,
GESTIÓN PÚBLICA,IV,4,101,GP44002,"Vigo Gálvez, María de las Mercedes Elizabeth",Taller de Investigación IV (Informe Final de Tesis),,,,,,,,,
GESTIÓN PÚBLICA,IV,4,101,GP44002,"Torres Castillo, Anibal",Seminario: Descentralización y Desarrollo Territorial,,,,,,,,,
GESTIÓN PÚBLICA,IV,4,101,GP44003,"Chávez Ramirez, Edith Delia",Seminario: Política Fiscal y Administración Tributaria,9.0,9.0,9.0,9.0,9.0,9.0,Sí,Sí,Sí
GESTIÓN PÚBLICA,IV,4,101,GP44003,Ríos Barrientos Mario Cesar,"Seminario: Sistema Nacional de Control, Ética y Anticorrupción - (ELE)",,,,,,,,,
GESTIÓN PÚBLICA,IV,4,101,GP44003,"Vigo Gálvez, María de las Mercedes Elizabeth",Taller de Investigación IV (Informe Final de Tesis),9.0,9.0,9.0,9.0,9.0,9.0,Sí,Sí,Sí
GESTIÓN PÚBLICA,IV,4,101,GP44003,"Torres Castillo, Anibal",Seminario: Descentralización y Desarrollo Territorial,9.0,9.0,9.0,9.0,9.0,9.0,Sí,Sí,Sí
GESTIÓN PÚBLICA,IV,4,101,GP44004,"Chávez Ramirez, Edith Delia",Seminario: Política Fiscal y Administración Tributaria,8.0,8.0,8.0,8.0,8.0,8.0,Sí,Sí,Sí
GESTIÓN PÚBLICA,IV,4,101,GP44004,Ríos Barrientos Mario Cesar,"Seminario: Sistema Nacional de Control, Ética y Anticorrupción - (ELE)",,,,,,,,,
GESTIÓN PÚBLICA,IV,4,101,GP44004,"Vigo Gálvez, María de las Mercedes Elizabeth",Taller de Investigación IV (Informe Final de Tesis),9.0,9.0,9.0,9.0,9.0,9.0,Sí,Sí,Sí
GESTIÓN PÚBLICA,IV,4,101,GP44004,"Torres Castillo, Anibal",Seminario: Descentralización y Desarrollo Territorial,9.0,9.0,9.0,9.0,9.0,9.0,Sí,Sí,Sí
GESTIÓN PÚBLICA,IV,4,101,GP44005,"Chávez Ramirez, Edith Delia",Seminario: Política Fiscal y Administración Tributaria,8.0,7.0,8.0,7.0,6.0,7.0,Sí,Sí,Sí
GESTIÓN PÚBLICA,IV,4,101,GP44005,"Roncal Villanueva, Victor Augusto",Seminario: Gestión por Procesos en la Administración Pública - (ELE),8.0,8.0,9.0,8.0,7.0,8.0,Sí,Sí,Sí
GESTIÓN PÚBLICA,IV,4,101,GP44005,"Vigo Gálvez, María de las Mercedes Elizabeth",Taller de Investigación IV (Informe Final de Tesis),10.0,10.0,8.0,8.0,8.0,9.0,Sí,Sí,Sí
GESTIÓN PÚBLICA,IV,4,101,GP44005,"Torres Castillo, Anibal",Seminario: Descentralización y Desarrollo Territorial,8.0,8.0,9.0,9.0,7.0,8.0,Sí,Sí,Sí
GESTIÓN PÚBLICA,IV,4,101,GP44006,"Chávez Ramirez, Edith Delia",Seminario: Política Fiscal y Administración Tributaria,8.0,10.0,8.0,10.0,7.0,9.0,Sí,Sí,Sí
GESTIÓN PÚBLICA,IV,4,101,GP44006,Ríos Barrientos Mario Cesar,"Seminario: Sistema Nacional de Control, Ética y Anticorrupción - (ELE)",6.0,5.0,6.0,5.0,6.0,5.0,Sí,Sí,Sí
GESTIÓN PÚBLICA,IV,4,101,GP44006,"Vigo Gálvez, María de las Mercedes Elizabeth",Taller de Investigación IV (Informe Final de Tesis),9.0,10.0,9.0,10.0,10.0,10.0,Sí,Sí,Sí
GESTIÓN PÚBLICA,IV,4,101,GP44006,"Torres Castillo, Anibal",Seminario: Descentralización y Desarrollo Territorial,10.0,9.0,10.0,10.0,9.0,10.0,Sí,Sí,Sí
GESTIÓN PÚBLICA,IV,4,101,GP44007,"Chávez Ramirez, Edith Delia",Seminario: Política Fiscal y Administración Tributaria,10.0,10.0,10.0,10.0,10.0,10.0,Sí,Sí,Sí
GESTIÓN PÚBLICA,IV,4,101,GP44007,Ríos Barrientos Mario Cesar,"Seminario: Sistema Nacional de Control, Ética y Anticorrupción - (ELE)",,,,,,,Sí,,
GESTIÓN PÚBLICA,IV,4,101,GP44007,"Vigo Gálvez, María de las Mercedes Elizabeth",Taller de Investigación IV (Informe Final de Tesis),10.0,10.0,10.0,10.0,10.0,10.0,Sí,Sí,Sí
GESTIÓN PÚBLICA,IV,4,101,GP44007,"Torres Castillo, Anibal",Seminario: Descentralización y Desarrollo Territorial,10.0,10.0,10.0,10.0,10.0,10.0,Sí,Sí,Sí
GESTIÓN PÚBLICA,IV,4,101,GP44008,"Chávez Ramirez, Edith Delia",Seminario: Política Fiscal y Administración Tributaria,10.0,10.0,10.0,10.0,10.0,10.0,Sí,Sí,Sí
GESTIÓN PÚBLICA,IV,4,101,GP44008,Ríos Barrientos Mario Cesar,"Seminario: Sistema Nacional de Control, Ética y Anticorrupción - (ELE)",10.0,10.0,10.0,10.0,10.0,10.0,Sí,Sí,Sí
GESTIÓN PÚBLICA,IV,4,101,GP44008,"Vigo Gálvez, María de las Mercedes Elizabeth",Taller de Investigación IV (Informe Final de Tesis),8.0,8.0,8.0,8.0,8.0,8.0,Sí,A veces,A veces
GESTIÓN PÚBLICA,IV,4,101,GP44008,"Torres Castillo, Anibal",Seminario: Descentralización y Desarrollo Territorial,10.0,10.0,9.0,9.0,9.0,9.0,Sí,Sí,Sí
GESTIÓN PÚBLICA,IV,4,101,GP44009,"Chávez Ramirez, Edith Delia",Seminario: Política Fiscal y Administración Tributaria,7.0,7.0,7.0,7.0,7.0,7.0,Sí,Sí,Sí
GESTIÓN PÚBLICA,IV,4,101,GP44009,"Roncal Villanueva, Victor Augusto",Seminario: Gestión por Procesos en la Administración Pública - (ELE),7.0,7.0,7.0,7.0,7.0,7.0,,,
GESTIÓN PÚBLICA,IV,4,101,GP44009,"Vigo Gálvez, María de las Mercedes Elizabeth",Taller de Investigación IV (Informe Final de Tesis),7.0,7.0,7.0,7.0,7.0,7.0,Sí,Sí,Sí
GESTIÓN PÚBLICA,IV,4,101,GP44009,"Torres Castillo, Anibal",Seminario: Descentralización y Desarrollo Territorial,7.0,7.0,7.0,7.0,7.0,7.0,Sí,Sí,Sí
GESTIÓN PÚBLICA,IV,4,101,GP44010,"Chávez Ramirez, Edith Delia",Seminario: Política Fiscal y Administración Tributaria,8.0,8.0,8.0,8.0,5.0,8.0,Sí,Sí,Sí
GESTIÓN PÚBLICA,IV,4,101,GP44010,Ríos Barrientos Mario Cesar,"Seminario: Sistema Nacional de Control, Ética y Anticorrupción - (ELE)",8.0,8.0,8.0,9.0,9.0,10.0,Sí,Sí,Sí
GESTIÓN PÚBLICA,IV,4,101,GP44010,"Vigo Gálvez, María de las Mercedes Elizabeth",Taller de Investigación IV (Informe Final de Tesis),10.0,9.0,10.0,10.0,9.0,9.0,Sí,Sí,Sí
GESTIÓN PÚBLICA,IV,4,101,GP44010,"Torres Castillo, Anibal",Seminario: Descentralización y Desarrollo Territorial,10.0,10.0,9.0,9.0,10.0,10.0,Sí,Sí,Sí
GESTIÓN PÚBLICA,IV,4,101,GP44011,"Chávez Ramirez, Edith Delia",Seminario: Política Fiscal y Administración Tributaria,9.0,9.0,10.0,9.0,9.0,9.0,Sí,Sí,Sí
GESTIÓN PÚBLICA,IV,4,101,GP44011,"Roncal Villanueva, Victor Augusto",Seminario: Gestión por Procesos en la Administración Pública - (ELE),8.0,8.0,8.0,8.0,8.0,8.0,Sí,Sí,Sí
GESTIÓN PÚBLICA,IV,4,101,GP44011,"Vigo Gálvez, María de las Mercedes Elizabeth",Taller de Investigación IV (Informe Final de Tesis),9.0,9.0,9.0,9.0,8.0,8.0,Sí,Sí,Sí
GESTIÓN PÚBLICA,IV,4,101,GP44011,"Torres Castillo, Anibal",Seminario: Descentralización y Desarrollo Territorial,9.0,10.0,10.0,10.0,10.0,10.0,Sí,Sí,Sí
GESTIÓN PÚBLICA,IV,4,101,GP44012,"Chávez Ramirez, Edith Delia",Seminario: Política Fiscal y Administración Tributaria,10.0,10.0,10.0,10.0,10.0,10.0,Sí,Sí,Sí
GESTIÓN PÚBLICA,IV,4,101,GP44012,Ríos Barrientos Mario Cesar,"Seminario: Sistema Nacional de Control, Ética y Anticorrupción - (ELE)",,,,,,,,,
GESTIÓN PÚBLICA,IV,4,101,GP44012,"Vigo Gálvez, María de las Mercedes Elizabeth",Taller de Investigación IV (Informe Final de Tesis),8.0,10.0,9.0,8.0,8.0,9.0,Sí,Sí,Sí
GESTIÓN PÚBLICA,IV,4,101,GP44012,"Torres Castillo, Anibal",Seminario: Descentralización y Desarrollo Territorial,9.0,9.0,9.0,9.0,9.0,9.0,Sí,Sí,Sí
GESTIÓN PÚBLICA,IV,4,101,GP44013,"Chávez Ramirez, Edith Delia",Seminario: Política Fiscal y Administración Tributaria,10.0,10.0,10.0,10.0,10.0,10.0,Sí,Sí,Sí
GESTIÓN PÚBLICA,IV,4,101,GP44013,"Herrera Collins, Marco Antonio Henry",Seminario: Logistica y Contrataciones Públicas - (ELE),5.0,6.0,6.0,6.0,5.0,5.0,No,Sí,A veces
GESTIÓN PÚBLICA,IV,4,101,GP44013,"Vigo Gálvez, María de las Mercedes Elizabeth",Taller de Investigación IV (Informe Final de Tesis),10.0,9.0,10.0,9.0,9.0,9.0,Sí,Sí,Sí
GESTIÓN PÚBLICA,IV,4,101,GP44013,"Torres Castillo, Anibal",Seminario: Descentralización y Desarrollo Territorial,10.0,10.0,10.0,10.0,10.0,10.0,Sí,Sí,Sí
GESTIÓN PÚBLICA,IV,4,101,GP44014,"Chávez Ramirez, Edith Delia",Seminario: Política Fiscal y Administración Tributaria,10.0,10.0,10.0,10.0,10.0,10.0,Sí,Sí,Sí
GESTIÓN PÚBLICA,IV,4,101,GP44014,Ríos Barrientos Mario Cesar,"Seminario: Sistema Nacional de Control, Ética y Anticorrupción - (ELE)",10.0,10.0,10.0,10.0,10.0,10.0,Sí,Sí,Sí
GESTIÓN PÚBLICA,IV,4,101,GP44014,"Vigo Gálvez, María de las Mercedes Elizabeth",Taller de Investigación IV (Informe Final de Tesis),10.0,10.0,10.0,10.0,7.0,7.0,Sí,Sí,Sí
GESTIÓN PÚBLICA,IV,4,101,GP44014,"Torres Castillo, Anibal",Seminario: Descentralización y Desarrollo Territorial,10.0,10.0,10.0,10.0,10.0,10.0,Sí,Sí,Sí
GESTIÓN PÚBLICA,IV,4,101,GP44015,"Chávez Ramirez, Edith Delia",Seminario: Política Fiscal y Administración Tributaria,9.0,9.0,9.0,9.0,9.0,9.0,Sí,Sí,Sí
GESTIÓN PÚBLICA,IV,4,101,GP44015,Ríos Barrientos Mario Cesar,"Seminario: Sistema Nacional de Control, Ética y Anticorrupción - (ELE)",8.0,8.0,8.0,8.0,8.0,8.0,Sí,Sí,Sí
GESTIÓN PÚBLICA,IV,4,101,GP44015,"Vigo Gálvez, María de las Mercedes Elizabeth",Taller de Investigación IV (Informe Final de Tesis),7.0,7.0,7.0,7.0,7.0,7.0,Sí,Sí,Sí
GESTIÓN PÚBLICA,IV,4,101,GP44015,"Torres Castillo, Anibal",Seminario: Descentralización y Desarrollo Territorial,10.0,10.0,10.0,10.0,10.0,10.0,Sí,Sí,Sí
GESTIÓN PÚBLICA,IV,4,101,GP44016,"Chávez Ramirez, Edith Delia",Seminario: Política Fiscal y Administración Tributaria,10.0,10.0,10.0,10.0,10.0,10.0,Sí,Sí,Sí
GESTIÓN PÚBLICA,IV,4,101,GP44016,Ríos Barrientos Mario Cesar,"Seminario: Sistema Nacional de Control, Ética y Anticorrupción - (ELE)",10.0,10.0,10.0,10.0,10.0,10.0,Sí,Sí,Sí
GESTIÓN PÚBLICA,IV,4,101,GP44016,"Vigo Gálvez, María de las Mercedes Elizabeth",Taller de Investigación IV (Informe Final de Tesis),8.0,8.0,8.0,8.0,8.0,8.0,Sí,Sí,Sí
GESTIÓN PÚBLICA,IV,4,101,GP44016,"Torres Castillo, Anibal",Seminario: Descentralización y Desarrollo Territorial,10.0,10.0,10.0,10.0,10.0,10.0,Sí,Sí,Sí
GESTIÓN PÚBLICA,IV,4,101,GP44017,"Chávez Ramirez, Edith Delia",Seminario: Política Fiscal y Administración Tributaria,9.0,10.0,10.0,10.0,9.0,10.0,Sí,Sí,Sí
GESTIÓN PÚBLICA,IV,4,101,GP44017,Ríos Barrientos Mario Cesar,"Seminario: Sistema Nacional de Control, Ética y Anticorrupción - (ELE)",,,,,,,,,
GESTIÓN PÚBLICA,IV,4,101,GP44017,"Vigo Gálvez, María de las Mercedes Elizabeth",Taller de Investigación IV (Informe Final de Tesis),10.0,10.0,10.0,10.0,10.0,10.0,Sí,Sí,Sí
GESTIÓN PÚBLICA,IV,4,101,GP44017,"Torres Castillo, Anibal",Seminario: Descentralización y Desarrollo Territorial,10.0,10.0,10.0,10.0,10.0,10.0,Sí,Sí,Sí
GESTIÓN PÚBLICA,IV,4,101,GP44018,"Chávez Ramirez, Edith Delia",Seminario: Política Fiscal y Administración Tributaria,9.0,9.0,9.0,10.0,9.0,9.0,Sí,Sí,Sí
GESTIÓN PÚBLICA,IV,4,101,GP44018,Ríos Barrientos Mario Cesar,"Seminario: Sistema Nacional de Control, Ética y Anticorrupción - (ELE)",10.0,9.0,10.0,9.0,9.0,9.0,Sí,Sí,Sí
GESTIÓN PÚBLICA,IV,4,101,GP44018,"Vigo Gálvez, María de las Mercedes Elizabeth",Taller de Investigación IV (Informe Final de Tesis),10.0,10.0,10.0,10.0,10.0,10.0,Sí,Sí,Sí
GESTIÓN PÚBLICA,IV,4,101,GP44018,"Torres Castillo, Anibal",Seminario: Descentralización y Desarrollo Territorial,9.0,9.0,9.0,9.0,9.0,9.0,Sí,Sí,Sí
GESTIÓN PÚBLICA,III,7,201,GP37001,"Dell'erba Ugolini, Italo",Politicas Públicas y Gobernabilidad,6.0,6.0,6.0,6.0,6.0,6.0,Sí,Sí,Sí
GESTIÓN PÚBLICA,III,7,201,GP37001,"Zamora Díaz, Federico Armando",Seminario: Logistica y Contrataciones Públicas - (ELE),8.0,8.0,8.0,8.0,8.0,8.0,Sí,Sí,Sí
GESTIÓN PÚBLICA,III,7,201,GP37001,"Chávez Ramirez, Edith Delia",Taller de Investigación III -Fundamentos de Estadistica,5.0,5.0,5.0,5.0,5.0,5.0,Sí,Sí,Sí
GESTIÓN PÚBLICA,III,7,201,GP37001,"Jaimes de la O, Lita Jessica",Seminario: Inversión Pública,5.0,6.0,5.0,6.0,5.0,5.0,Sí,Sí,Sí
GESTIÓN PÚBLICA,III,7,201,GP37002,"Dell'erba Ugolini, Italo",Politicas Públicas y Gobernabilidad,10.0,10.0,10.0,10.0,10.0,10.0,Sí,Sí,Sí
GESTIÓN PÚBLICA,III,7,201,GP37002,"Bazán Tanchiva, José Antonio",Seminario: Innovación de la Gestión y Calidad de los Servicios Públicos - (ELE),10.0,10.0,10.0,10.0,10.0,10.0,Sí,Sí,Sí
GESTIÓN PÚBLICA,III,7,201,GP37002,"Chávez Ramirez, Edith Delia",Taller de Investigación III -Fundamentos de Estadistica,10.0,10.0,10.0,10.0,10.0,10.0,Sí,Sí,Sí
GESTIÓN PÚBLICA,III,7,201,GP37002,"Jaimes de la O, Lita Jessica",Seminario: Inversión Pública,10.0,10.0,10.0,10.0,10.0,10.0,Sí,Sí,Sí
GESTIÓN PÚBLICA,III,7,201,GP37003,"Dell'erba Ugolini, Italo",Politicas Públicas y Gobernabilidad,10.0,10.0,10.0,10.0,10.0,10.0,Sí,Sí,Sí
GESTIÓN PÚBLICA,III,7,201,GP37003,"Bazán Tanchiva, José Antonio",Seminario: Innovación de la Gestión y Calidad de los Servicios Públicos - (ELE),,,,,,,,,
GESTIÓN PÚBLICA,III,7,201,GP37003,"Chávez Ramirez, Edith Delia",Taller de Investigación III -Fundamentos de Estadistica,10.0,10.0,10.0,10.0,10.0,10.0,Sí,Sí,Sí
GESTIÓN PÚBLICA,III,7,201,GP37003,"Jaimes de la O, Lita Jessica",Seminario: Inversión Pública,9.0,9.0,9.0,9.0,9.0,9.0,Sí,Sí,Sí
GESTIÓN PÚBLICA,III,7,201,GP37004,"Dell'erba Ugolini, Italo",Politicas Públicas y Gobernabilidad,10.0,10.0,10.0,10.0,10.0,10.0,Sí,Sí,Sí
GESTIÓN PÚBLICA,III,7,201,GP37004,"Bazán Tanchiva, José Antonio",Seminario: Innovación de la Gestión y Calidad de los Servicios Públicos - (ELE),,,,,,,,,
GESTIÓN PÚBLICA,III,7,201,GP37004,"Chávez Ramirez, Edith Delia",Taller de Investigación III -Fundamentos de Estadistica,10.0,10.0,10.0,9.0,10.0,9.0,Sí,Sí,Sí
GESTIÓN PÚBLICA,III,7,201,GP37004,"Jaimes de la O, Lita Jessica",Seminario: Inversión Pública,8.0,9.0,9.0,10.0,8.0,7.0,Sí,Sí,Sí
GESTIÓN PÚBLICA,III,7,201,GP37005,"Dell'erba Ugolini, Italo",Politicas Públicas y Gobernabilidad,10.0,10.0,10.0,10.0,10.0,10.0,Sí,Sí,Sí
GESTIÓN PÚBLICA,III,7,201,GP37005,"Bazán Tanchiva, José Antonio",Seminario: Innovación de la Gestión y Calidad de los Servicios Públicos - (ELE),10.0,10.0,10.0,10.0,10.0,10.0,Sí,Sí,Sí
GESTIÓN PÚBLICA,III,7,201,GP37005,"Chávez Ramirez, Edith Delia",Taller de Investigación III -Fundamentos de Estadistica,10.0,10.0,10.0,10.0,10.0,10.0,Sí,Sí,Sí
GESTIÓN PÚBLICA,III,7,201,GP37005,"Jaimes de la O, Lita Jessica",Seminario: Inversión Pública,10.0,10.0,10.0,10.0,10.0,10.0,Sí,Sí,Sí
GESTIÓN PÚBLICA,III,7,201,GP37006,"Dell'erba Ugolini, Italo",Politicas Públicas y Gobernabilidad,10.0,10.0,10.0,10.0,10.0,10.0,Sí,Sí,Sí
GESTIÓN PÚBLICA,III,7,201,GP37006,"Bazán Tanchiva, José Antonio",Seminario: Innovación de la Gestión y Calidad de los Servicios Públicos - (ELE),10.0,10.0,10.0,10.0,10.0,10.0,Sí,Sí,Sí
GESTIÓN PÚBLICA,III,7,201,GP37006,"Chávez Ramirez, Edith Delia",Taller de Investigación III -Fundamentos de Estadistica,10.0,10.0,10.0,10.0,10.0,10.0,Sí,Sí,Sí
GESTIÓN PÚBLICA,III,7,201,GP37006,"Jaimes de la O, Lita Jessica",Seminario: Inversión Pública,10.0,10.0,10.0,10.0,10.0,10.0,Sí,Sí,Sí
GESTIÓN PÚBLICA,III,7,201,GP37007,"Dell'erba Ugolini, Italo",Politicas Públicas y Gobernabilidad,10.0,10.0,10.0,10.0,10.0,10.0,Sí,Sí,Sí
GESTIÓN PÚBLICA,III,7,201,GP37007,"Bazán Tanchiva, José Antonio",Seminario: Innovación de la Gestión y Calidad de los Servicios Públicos - (ELE),,,,,,,,,
GESTIÓN PÚBLICA,III,7,201,GP37007,"Chávez Ramirez, Edith Delia",Taller de Investigación III -Fundamentos de Estadistica,10.0,10.0,10.0,10.0,10.0,10.0,Sí,Sí,Sí
GESTIÓN PÚBLICA,III,7,201,GP37007,"Jaimes de la O, Lita Jessica",Seminario: Inversión Pública,10.0,10.0,10.0,10.0,10.0,10.0,Sí,Sí,Sí
GESTIÓN PÚBLICA,III,7,201,GP37008,"Dell'erba Ugolini, Italo",Politicas Públicas y Gobernabilidad,9.0,9.0,9.0,9.0,9.0,9.0,Sí,Sí,Sí
GESTIÓN PÚBLICA,III,7,201,GP37008,"Bazán Tanchiva, José Antonio",Seminario: Innovación de la Gestión y Calidad de los Servicios Públicos - (ELE),8.0,8.0,9.0,9.0,9.0,9.0,Sí,Sí,Sí
GESTIÓN PÚBLICA,III,7,201,GP37008,"Chávez Ramirez, Edith Delia",Taller de Investigación III -Fundamentos de Estadistica,9.0,8.0,9.0,9.0,9.0,10.0,Sí,Sí,Sí
GESTIÓN PÚBLICA,III,7,201,GP37008,"Jaimes de la O, Lita Jessica",Seminario: Inversión Pública,9.0,8.0,8.0,8.0,8.0,8.0,Sí,Sí,Sí
GESTIÓN PÚBLICA,III,7,201,GP37009,"Dell'erba Ugolini, Italo",Politicas Públicas y Gobernabilidad,7.0,9.0,8.0,9.0,8.0,8.0,Sí,Sí,Sí
GESTIÓN PÚBLICA,III,7,201,GP37009,"Bazán Tanchiva, José Antonio",Seminario: Innovación de la Gestión y Calidad de los Servicios Públicos - (ELE),8.0,9.0,9.0,9.0,8.0,9.0,A veces,Sí,Sí
GESTIÓN PÚBLICA,III,7,201,GP37009,"Chávez Ramirez, Edith Delia",Taller de Investigación III -Fundamentos de Estadistica,9.0,10.0,9.0,9.0,9.0,9.0,Sí,Sí,Sí
GESTIÓN PÚBLICA,III,7,201,GP37009,"Jaimes de la O, Lita Jessica",Seminario: Inversión Pública,9.0,10.0,9.0,9.0,9.0,9.0,Sí,Sí,Sí
GESTIÓN PÚBLICA,III,7,201,GP37010,"Dell'erba Ugolini, Italo",Politicas Públicas y Gobernabilidad,10.0,10.0,10.0,10.0,10.0,10.0,Sí,Sí,Sí
GESTIÓN PÚBLICA,III,7,201,GP37010,"Zamora Díaz, Federico Armando",Seminario: Logistica y Contrataciones Públicas - (ELE),9.0,9.0,9.0,9.0,9.0,9.0,Sí,Sí,Sí
GESTIÓN PÚBLICA,III,7,201,GP37010,"Chávez Ramirez, Edith Delia",Taller de Investigación III -Fundamentos de Estadistica,10.0,10.0,10.0,10.0,10.0,10.0,Sí,Sí,Sí
GESTIÓN PÚBLICA,III,7,201,GP37010,"Jaimes de la O, Lita Jessica",Seminario: Inversión Pública,10.0,10.0,10.0,10.0,10.0,10.0,Sí,Sí,Sí
GESTIÓN PÚBLICA,III,7,201,GP37011,"Dell'erba Ugolini, Italo",Politicas Públicas y Gobernabilidad,9.0,9.0,10.0,10.0,10.0,10.0,Sí,Sí,Sí
GESTIÓN PÚBLICA,III,7,201,GP37011,"Roncal Villanueva, Victor Augusto",Seminario: Gestión por Procesos en la Administración Pública - (ELE),8.0,8.0,8.0,8.0,9.0,9.0,Sí,Sí,Sí
GESTIÓN PÚBLICA,III,7,201,GP37011,"Chávez Ramirez, Edith Delia",Taller de Investigación III -Fundamentos de Estadistica,8.0,8.0,8.0,8.0,9.0,9.0,Sí,Sí,Sí
GESTIÓN PÚBLICA,III,7,201,GP37011,"Jaimes de la O, Lita Jessica",Seminario: Inversión Pública,8.0,8.0,9.0,9.0,9.0,9.0,Sí,Sí,Sí
GESTIÓN PÚBLICA,III,7,201,GP37012,"Dell'erba Ugolini, Italo",Politicas Públicas y Gobernabilidad,10.0,10.0,10.0,10.0,10.0,10.0,Sí,Sí,Sí
GESTIÓN PÚBLICA,III,7,201,GP37012,"Roncal Villanueva, Victor Augusto",Seminario: Gestión por Procesos en la Administración Pública - (ELE),8.0,10.0,9.0,10.0,9.0,10.0,Sí,Sí,Sí
GESTIÓN PÚBLICA,III,7,201,GP37012,"Chávez Ramirez, Edith Delia",Taller de Investigación III -Fundamentos de Estadistica,9.0,9.0,9.0,9.0,9.0,9.0,Sí,Sí,Sí
GESTIÓN PÚBLICA,III,7,201,GP37012,"Jaimes de la O, Lita Jessica",Seminario: Inversión Pública,9.0,9.0,9.0,9.0,9.0,9.0,Sí,Sí,Sí
GESTIÓN PÚBLICA,III,7,201,GP37013,"Dell'erba Ugolini, Italo",Politicas Públicas y Gobernabilidad,10.0,10.0,10.0,10.0,10.0,10.0,Sí,Sí,Sí
GESTIÓN PÚBLICA,III,7,201,GP37013,"Bazán Tanchiva, José Antonio",Seminario: Innovación de la Gestión y Calidad de los Servicios Públicos - (ELE),5.0,7.0,6.0,5.0,4.0,4.0,Sí,Sí,Sí
GESTIÓN PÚBLICA,III,7,201,GP37013,"Chávez Ramirez, Edith Delia",Taller de Investigación III -Fundamentos de Estadistica,10.0,10.0,10.0,10.0,10.0,10.0,Sí,Sí,Sí
GESTIÓN PÚBLICA,III,7,201,GP37013,"Jaimes de la O, Lita Jessica",Seminario: Inversión Pública,3.0,7.0,4.0,2.0,1.0,1.0,Sí,Sí,Sí
GESTIÓN PÚBLICA,III,7,201,GP37014,"Dell'erba Ugolini, Italo",Politicas Públicas y Gobernabilidad,10.0,10.0,10.0,9.0,9.0,10.0,Sí,Sí,Sí
GESTIÓN PÚBLICA,III,7,201,GP37014,"Bazán Tanchiva, José Antonio",Seminario: Innovación de la Gestión y Calidad de los Servicios Públicos - (ELE),8.0,8.0,8.0,7.0,8.0,7.0,Sí,Sí,Sí
GESTIÓN PÚBLICA,III,7,201,GP37014,"Chávez Ramirez, Edith Delia",Taller de Investigación III -Fundamentos de Estadistica,8.0,10.0,9.0,8.0,7.0,7.0,Sí,Sí,Sí
GESTIÓN PÚBLICA,III,7,201,GP37014,"Jaimes de la O, Lita Jessica",Seminario: Inversión Pública,9.0,8.0,9.0,8.0,8.0,7.0,Sí,Sí,Sí
GESTIÓN PÚBLICA,III,7,201,GP37015,"Dell'erba Ugolini, Italo",Politicas Públicas y Gobernabilidad,10.0,10.0,10.0,10.0,10.0,10.0,Sí,Sí,Sí
GESTIÓN PÚBLICA,III,7,201,GP37015,"Bazán Tanchiva, José Antonio",Seminario: Innovación de la Gestión y Calidad de los Servicios Públicos - (ELE),7.0,8.0,8.0,9.0,9.0,8.0,Sí,Sí,Sí
GESTIÓN PÚBLICA,III,7,201,GP37015,"Chávez Ramirez, Edith Delia",Taller de Investigación III -Fundamentos de Estadistica,10.0,10.0,10.0,10.0,10.0,10.0,Sí,Sí,Sí
GESTIÓN PÚBLICA,III,7,201,GP37015,"Jaimes de la O, Lita Jessica",Seminario: Inversión Pública,10.0,10.0,10.0,10.0,10.0,10.0,Sí,Sí,Sí
GESTIÓN PÚBLICA,III,2,203,GP32001,"Palmer Torres, Jussara Inez Anaí",Taller de Investigación III -Fundamentos de Estadistica,10.0,10.0,10.0,10.0,10.0,10.0,Sí,Sí,Sí
GESTIÓN PÚBLICA,III,2,203,GP32001,"Farfán Muñoz, Ivar Rodrigo",Politicas Públicas y Gobernabilidad,9.0,9.0,9.0,9.0,9.0,9.0,Sí,Sí,Sí
GESTIÓN PÚBLICA,III,2,203,GP32001,"Aguilar Vargas, Karen Verónica",Seminario: Innovación de la Gestión y Calidad de los Servicios Públicos - (ELE),8.0,8.0,8.0,8.0,8.0,8.0,Sí,Sí,Sí
GESTIÓN PÚBLICA,III,2,203,GP32001,"Herrera Cabana, Hugo Vicente",Seminario: Inversión Pública,8.0,8.0,8.0,8.0,8.0,8.0,A veces,Sí,Sí
GESTIÓN PÚBLICA,III,2,203,GP32002,"Palmer Torres, Jussara Inez Anaí",Taller de Investigación III -Fundamentos de Estadistica,4.0,5.0,4.0,3.0,3.0,3.0,Sí,Sí,No
GESTIÓN PÚBLICA,III,2,203,GP32002,"Farfán Muñoz, Ivar Rodrigo",Politicas Públicas y Gobernabilidad,10.0,10.0,10.0,10.0,10.0,10.0,Sí,Sí,Sí
GESTIÓN PÚBLICA,III,2,203,GP32002,"Aguilar Vargas, Karen Verónica",Seminario: Innovación de la Gestión y Calidad de los Servicios Públicos - (ELE),,,,,,,,,
GESTIÓN PÚBLICA,III,2,203,GP32002,"Herrera Cabana, Hugo Vicente",Seminario: Inversión Pública,8.0,8.0,8.0,8.0,7.0,7.0,Sí,Sí,Sí
GESTIÓN PÚBLICA,III,2,203,GP32003,"Palmer Torres, Jussara Inez Anaí",Taller de Investigación III -Fundamentos de Estadistica,10.0,10.0,10.0,10.0,10.0,10.0,Sí,Sí,Sí
GESTIÓN PÚBLICA,III,2,203,GP32003,"Farfán Muñoz, Ivar Rodrigo",Politicas Públicas y Gobernabilidad,10.0,10.0,10.0,10.0,10.0,10.0,Sí,Sí,Sí
GESTIÓN PÚBLICA,III,2,203,GP32003,"Aguilar Vargas, Karen Verónica",Seminario: Innovación de la Gestión y Calidad de los Servicios Públicos - (ELE),,,,,,,,,
GESTIÓN PÚBLICA,III,2,203,GP32003,"Herrera Cabana, Hugo Vicente",Seminario: Inversión Pública,10.0,10.0,10.0,10.0,10.0,10.0,Sí,Sí,Sí
GESTIÓN PÚBLICA,III,2,203,GP32004,"Palmer Torres, Jussara Inez Anaí",Taller de Investigación III -Fundamentos de Estadistica,10.0,10.0,10.0,10.0,10.0,10.0,Sí,Sí,Sí
GESTIÓN PÚBLICA,III,2,203,GP32004,"Farfán Muñoz, Ivar Rodrigo",Politicas Públicas y Gobernabilidad,10.0,10.0,10.0,10.0,10.0,10.0,Sí,Sí,Sí
GESTIÓN PÚBLICA,III,2,203,GP32004,"Aguilar Vargas, Karen Verónica",Seminario: Innovación de la Gestión y Calidad de los Servicios Públicos - (ELE),,,,,,,,,
GESTIÓN PÚBLICA,III,2,203,GP32004,"Herrera Cabana, Hugo Vicente",Seminario: Inversión Pública,,,,,,,,,
GESTIÓN PÚBLICA,III,2,203,GP32005,"Palmer Torres, Jussara Inez Anaí",Taller de Investigación III -Fundamentos de Estadistica,10.0,9.0,9.0,9.0,10.0,10.0,Sí,Sí,Sí
GESTIÓN PÚBLICA,III,2,203,GP32005,"Farfán Muñoz, Ivar Rodrigo",Politicas Públicas y Gobernabilidad,10.0,10.0,9.0,10.0,10.0,10.0,Sí,Sí,Sí
GESTIÓN PÚBLICA,III,2,203,GP32005,"Aguilar Vargas, Karen Verónica",Seminario: Innovación de la Gestión y Calidad de los Servicios Públicos - (ELE),10.0,10.0,10.0,9.0,10.0,10.0,Sí,Sí,Sí
GESTIÓN PÚBLICA,III,2,203,GP32005,"Herrera Cabana, Hugo Vicente",Seminario: Inversión Pública,9.0,10.0,10.0,10.0,10.0,10.0,Sí,Sí,Sí
GESTIÓN PÚBLICA,III,2,203,GP32006,"Palmer Torres, Jussara Inez Anaí",Taller de Investigación III -Fundamentos de Estadistica,10.0,10.0,10.0,10.0,10.0,10.0,Sí,Sí,Sí
GESTIÓN PÚBLICA,III,2,203,GP32006,"Farfán Muñoz, Ivar Rodrigo",Politicas Públicas y Gobernabilidad,10.0,10.0,10.0,10.0,10.0,10.0,Sí,Sí,Sí
GESTIÓN PÚBLICA,III,2,203,GP32006,"Herrera Collins, Marco Antonio Henry",Seminario: Logistica y Contrataciones Públicas - (ELE),10.0,10.0,10.0,10.0,10.0,10.0,Sí,Sí,Sí
GESTIÓN PÚBLICA,III,2,203,GP32006,"Herrera Cabana, Hugo Vicente",Seminario: Inversión Pública,10.0,10.0,10.0,10.0,10.0,10.0,Sí,Sí,Sí
GESTIÓN PÚBLICA,III,2,203,GP32007,"Palmer Torres, Jussara Inez Anaí",Taller de Investigación III -Fundamentos de Estadistica,3.0,5.0,4.0,4.0,7.0,10.0,Sí,Sí,Sí
GESTIÓN PÚBLICA,III,2,203,GP32007,"Farfán Muñoz, Ivar Rodrigo",Politicas Públicas y Gobernabilidad,9.0,9.0,9.0,10.0,9.0,10.0,Sí,Sí,Sí
GESTIÓN PÚBLICA,III,2,203,GP32007,"Aguilar Vargas, Karen Verónica",Seminario: Innovación de la Gestión y Calidad de los Servicios Públicos - (ELE),9.0,9.0,9.0,10.0,9.0,9.0,Sí,Sí,Sí
GESTIÓN PÚBLICA,III,2,203,GP32007,"Herrera Cabana, Hugo Vicente",Seminario: Inversión Pública,9.0,10.0,10.0,9.0,9.0,10.0,Sí,Sí,Sí
GESTIÓN PÚBLICA,III,2,203,GP32008,"Palmer Torres, Jussara Inez Anaí",Taller de Investigación III -Fundamentos de Estadistica,10.0,10.0,9.0,9.0,9.0,9.0,Sí,Sí,Sí
GESTIÓN PÚBLICA,III,2,203,GP32008,"Farfán Muñoz, Ivar Rodrigo",Politicas Públicas y Gobernabilidad,10.0,10.0,10.0,10.0,9.0,10.0,Sí,Sí,Sí
GESTIÓN PÚBLICA,III,2,203,GP32008,"Herrera Collins, Marco Antonio Henry",Seminario: Logistica y Contrataciones Públicas - (ELE),10.0,10.0,10.0,10.0,10.0,10.0,Sí,Sí,Sí
GESTIÓN PÚBLICA,III,2,203,GP32008,"Herrera Cabana, Hugo Vicente",Seminario: Inversión Pública,10.0,10.0,10.0,10.0,9.0,10.0,Sí,Sí,Sí
GESTIÓN PÚBLICA,III,2,203,GP32009,"Palmer Torres, Jussara Inez Anaí",Taller de Investigación III -Fundamentos de Estadistica,10.0,10.0,9.0,9.0,9.0,9.0,Sí,Sí,Sí
GESTIÓN PÚBLICA,III,2,203,GP32009,"Farfán Muñoz, Ivar Rodrigo",Politicas Públicas y Gobernabilidad,9.0,9.0,10.0,10.0,9.0,9.0,Sí,Sí,Sí
GESTIÓN PÚBLICA,III,2,203,GP32009,"Herrera Collins, Marco Antonio Henry",Seminario: Logistica y Contrataciones Públicas - (ELE),10.0,10.0,10.0,9.0,10.0,10.0,Sí,Sí,Sí
GESTIÓN PÚBLICA,III,2,203,GP32009,"Herrera Cabana, Hugo Vicente",Seminario: Inversión Pública,9.0,9.0,9.0,9.0,10.0,9.0,Sí,Sí,Sí
GESTIÓN PÚBLICA,III,2,203,GP32010,"Palmer Torres, Jussara Inez Anaí",Taller de Investigación III -Fundamentos de Estadistica,10.0,10.0,10.0,10.0,10.0,10.0,,,
GESTIÓN PÚBLICA,III,2,203,GP32010,"Farfán Muñoz, Ivar Rodrigo",Politicas Públicas y Gobernabilidad,10.0,10.0,10.0,10.0,10.0,10.0,,,
GESTIÓN PÚBLICA,III,2,203,GP32010,"Aguilar Vargas, Karen Verónica",Seminario: Innovación de la Gestión y Calidad de los Servicios Públicos - (ELE),10.0,10.0,10.0,10.0,10.0,10.0,,,
GESTIÓN PÚBLICA,III,2,203,GP32010,"Herrera Cabana, Hugo Vicente",Seminario: Inversión Pública,9.0,10.0,10.0,10.0,9.0,10.0,,,
GESTIÓN PÚBLICA,III,2,203,GP32011,"Palmer Torres, Jussara Inez Anaí",Taller de Investigación III -Fundamentos de Estadistica,10.0,9.0,9.0,8.0,8.0,9.0,Sí,Sí,Sí
GESTIÓN PÚBLICA,III,2,203,GP32011,"Farfán Muñoz, Ivar Rodrigo",Politicas Públicas y Gobernabilidad,10.0,10.0,9.0,9.0,9.0,9.0,Sí,Sí,Sí
GESTIÓN PÚBLICA,III,2,203,GP32011,"Aguilar Vargas, Karen Verónica",Seminario: Innovación de la Gestión y Calidad de los Servicios Públicos - (ELE),,,,,,,,,
GESTIÓN PÚBLICA,III,2,203,GP32011,"Herrera Cabana, Hugo Vicente",Seminario: Inversión Pública,8.0,9.0,8.0,7.0,8.0,9.0,Sí,Sí,Sí
GESTIÓN PÚBLICA,III,2,203,GP32012,"Palmer Torres, Jussara Inez Anaí",Taller de Investigación III -Fundamentos de Estadistica,6.0,8.0,7.0,6.0,6.0,7.0,Sí,Sí,Sí
GESTIÓN PÚBLICA,III,2,203,GP32012,"Farfán Muñoz, Ivar Rodrigo",Politicas Públicas y Gobernabilidad,7.0,7.0,7.0,7.0,7.0,7.0,Sí,Sí,Sí
GESTIÓN PÚBLICA,III,2,203,GP32012,"Aguilar Vargas, Karen Verónica",Seminario: Innovación de la Gestión y Calidad de los Servicios Públicos - (ELE),,,,,,,,,
GESTIÓN PÚBLICA,III,2,203,GP32012,"Herrera Cabana, Hugo Vicente",Seminario: Inversión Pública,4.0,5.0,5.0,4.0,5.0,5.0,Sí,Sí,
GESTIÓN PÚBLICA,III,2,203,GP32013,"Palmer Torres, Jussara Inez Anaí",Taller de Investigación III -Fundamentos de Estadistica,10.0,10.0,10.0,10.0,10.0,10.0,Sí,Sí,Sí
GESTIÓN PÚBLICA,III,2,203,GP32013,"Farfán Muñoz, Ivar Rodrigo",Politicas Públicas y Gobernabilidad,10.0,10.0,10.0,10.0,10.0,10.0,Sí,Sí,Sí
GESTIÓN PÚBLICA,III,2,203,GP32013,"Aguilar Vargas, Karen Verónica",Seminario: Innovación de la Gestión y Calidad de los Servicios Públicos - (ELE),10.0,10.0,10.0,10.0,10.0,10.0,Sí,Sí,Sí
GESTIÓN PÚBLICA,III,2,203,GP32013,"Herrera Cabana, Hugo Vicente",Seminario: Inversión Pública,10.0,10.0,10.0,10.0,10.0,10.0,Sí,Sí,Sí
GESTIÓN PÚBLICA,III,2,203,GP32014,"Palmer Torres, Jussara Inez Anaí",Taller de Investigación III -Fundamentos de Estadistica,9.0,10.0,9.0,10.0,9.0,9.0,Sí,Sí,Sí
GESTIÓN PÚBLICA,III,2,203,GP32014,"Farfán Muñoz, Ivar Rodrigo",Politicas Públicas y Gobernabilidad,10.0,9.0,10.0,9.0,10.0,10.0,Sí,Sí,Sí
GESTIÓN PÚBLICA,III,2,203,GP32014,"Aguilar Vargas, Karen Verónica",Seminario: Innovación de la Gestión y Calidad de los Servicios Públicos - (ELE),,,,,,,,,
GESTIÓN PÚBLICA,III,2,203,GP32014,"Herrera Cabana, Hugo Vicente",Seminario: Inversión Pública,7.0,7.0,7.0,8.0,6.0,8.0,Sí,Sí,Sí
GESTIÓN PÚBLICA,III,2,203,GP32015,"Palmer Torres, Jussara Inez Anaí",Taller de Investigación III -Fundamentos de Estadistica,9.0,9.0,8.0,8.0,8.0,7.0,Sí,Sí,Sí
GESTIÓN PÚBLICA,III,2,203,GP32015,"Farfán Muñoz, Ivar Rodrigo",Politicas Públicas y Gobernabilidad,9.0,9.0,8.0,8.0,8.0,8.0,Sí,Sí,Sí
GESTIÓN PÚBLICA,III,2,203,GP32015,"Aguilar Vargas, Karen Verónica",Seminario: Innovación de la Gestión y Calidad de los Servicios Públicos - (ELE),,,,,,,,,
GESTIÓN PÚBLICA,III,2,203,GP32015,"Herrera Cabana, Hugo Vicente",Seminario: Inversión Pública,4.0,4.0,4.0,4.0,4.0,4.0,Sí,Sí,Sí
GESTIÓN PÚBLICA,III,2,203,GP32016,"Palmer Torres, Jussara Inez Anaí",Taller de Investigación III -Fundamentos de Estadistica,2.0,4.0,5.0,3.0,1.0,2.0,Sí,Sí,Sí
GESTIÓN PÚBLICA,III,2,203,GP32016,"Farfán Muñoz, Ivar Rodrigo",Politicas Públicas y Gobernabilidad,10.0,9.0,10.0,10.0,10.0,10.0,Sí,Sí,Sí
GESTIÓN PÚBLICA,III,2,203,GP32016,"Zamora Díaz, Federico Armando",Seminario: Logistica y Contrataciones Públicas - (ELE),8.0,8.0,8.0,8.0,8.0,8.0,Sí,Sí,Sí
GESTIÓN PÚBLICA,III,2,203,GP32016,"Herrera Cabana, Hugo Vicente",Seminario: Inversión Pública,8.0,8.0,9.0,10.0,9.0,10.0,Sí,Sí,Sí
GESTIÓN PÚBLICA,III,2,203,GP32017,"Palmer Torres, Jussara Inez Anaí",Taller de Investigación III -Fundamentos de Estadistica,10.0,10.0,10.0,10.0,10.0,10.0,Sí,Sí,Sí
GESTIÓN PÚBLICA,III,2,203,GP32017,"Farfán Muñoz, Ivar Rodrigo",Politicas Públicas y Gobernabilidad,10.0,10.0,10.0,10.0,10.0,10.0,Sí,Sí,Sí
GESTIÓN PÚBLICA,III,2,203,GP32017,"Aguilar Vargas, Karen Verónica",Seminario: Innovación de la Gestión y Calidad de los Servicios Públicos - (ELE),,,,,,,,,
GESTIÓN PÚBLICA,III,2,203,GP32017,"Herrera Cabana, Hugo Vicente",Seminario: Inversión Pública,10.0,10.0,10.0,10.0,10.0,10.0,Sí,Sí,Sí
GESTIÓN PÚBLICA,III,2,203,GP32018,"Palmer Torres, Jussara Inez Anaí",Taller de Investigación III -Fundamentos de Estadistica,,,,,,,,,
GESTIÓN PÚBLICA,III,2,203,GP32018,"Farfán Muñoz, Ivar Rodrigo",Politicas Públicas y Gobernabilidad,10.0,10.0,10.0,10.0,10.0,10.0,Sí,Sí,Sí
GESTIÓN PÚBLICA,III,2,203,GP32018,"Aguilar Vargas, Karen Verónica",Seminario: Innovación de la Gestión y Calidad de los Servicios Públicos - (ELE),,,,,,,,,
GESTIÓN PÚBLICA,III,2,203,GP32018,"Herrera Cabana, Hugo Vicente",Seminario: Inversión Pública,8.0,8.0,7.0,8.0,8.0,8.0,Sí,Sí,Sí
GESTIÓN PÚBLICA,III,2,203,GP32019,"Palmer Torres, Jussara Inez Anaí",Taller de Investigación III -Fundamentos de Estadistica,10.0,10.0,10.0,10.0,9.0,10.0,Sí,Sí,Sí
GESTIÓN PÚBLICA,III,2,203,GP32019,"Farfán Muñoz, Ivar Rodrigo",Politicas Públicas y Gobernabilidad,10.0,10.0,10.0,10.0,9.0,10.0,Sí,Sí,Sí
GESTIÓN PÚBLICA,III,2,203,GP32019,"Aguilar Vargas, Karen Verónica",Seminario: Innovación de la Gestión y Calidad de los Servicios Públicos - (ELE),10.0,10.0,10.0,10.0,9.0,10.0,Sí,Sí,Sí
GESTIÓN PÚBLICA,III,2,203,GP32019,"Herrera Cabana, Hugo Vicente",Seminario: Inversión Pública,10.0,10.0,10.0,10.0,9.0,10.0,Sí,Sí,Sí
GESTIÓN PÚBLICA,III,2,203,GP32020,"Palmer Torres, Jussara Inez Anaí",Taller de Investigación III -Fundamentos de Estadistica,9.0,9.0,9.0,9.0,9.0,9.0,Sí,Sí,Sí
GESTIÓN PÚBLICA,III,2,203,GP32020,"Farfán Muñoz, Ivar Rodrigo",Politicas Públicas y Gobernabilidad,9.0,9.0,9.0,9.0,9.0,9.0,Sí,Sí,Sí
GESTIÓN PÚBLICA,III,2,203,GP32020,"Aguilar Vargas, Karen Verónica",Seminario: Innovación de la Gestión y Calidad de los Servicios Públicos - (ELE),9.0,9.0,9.0,9.0,9.0,9.0,Sí,Sí,Sí
GESTIÓN PÚBLICA,III,2,203,GP32020,"Herrera Cabana, Hugo Vicente",Seminario: Inversión Pública,8.0,9.0,9.0,9.0,9.0,9.0,Sí,Sí,Sí
GESTIÓN PÚBLICA,III,2,203,GP32021,"Palmer Torres, Jussara Inez Anaí",Taller de Investigación III -Fundamentos de Estadistica,9.0,9.0,9.0,9.0,9.0,9.0,Sí,Sí,Sí
GESTIÓN PÚBLICA,III,2,203,GP32021,"Farfán Muñoz, Ivar Rodrigo",Politicas Públicas y Gobernabilidad,10.0,10.0,10.0,10.0,10.0,10.0,Sí,Sí,Sí
GESTIÓN PÚBLICA,III,2,203,GP32021,"Aguilar Vargas, Karen Verónica",Seminario: Innovación de la Gestión y Calidad de los Servicios Públicos - (ELE),,,,,,,,,
GESTIÓN PÚBLICA,III,2,203,GP32021,"Herrera Cabana, Hugo Vicente",Seminario: Inversión Pública,8.0,8.0,8.0,8.0,8.0,8.0,A veces,Sí,Sí
GESTIÓN PÚBLICA,III,2,203,GP32022,"Palmer Torres, Jussara Inez Anaí",Taller de Investigación III -Fundamentos de Estadistica,6.0,5.0,4.0,2.0,3.0,5.0,A veces,A veces,A veces
GESTIÓN PÚBLICA,III,2,203,GP32022,"Farfán Muñoz, Ivar Rodrigo",Politicas Públicas y Gobernabilidad,9.0,10.0,10.0,10.0,9.0,10.0,Sí,Sí,Sí
GESTIÓN PÚBLICA,III,2,203,GP32022,"Zamora Díaz, Federico Armando",Seminario: Logistica y Contrataciones Públicas - (ELE),8.0,7.0,6.0,7.0,6.0,5.0,Sí,Sí,Sí
GESTIÓN PÚBLICA,III,2,203,GP32022,"Herrera Cabana, Hugo Vicente",Seminario: Inversión Pública,10.0,9.0,8.0,10.0,9.0,7.0,Sí,Sí,Sí
GESTIÓN PÚBLICA,III,4,203,GP34001,"Trigoso Rodríguez, Jorge Luis",Politicas Públicas y Gobernabilidad,10.0,10.0,10.0,10.0,10.0,10.0,Sí,Sí,Sí
GESTIÓN PÚBLICA,III,4,203,GP34001,"Zamora Díaz, Federico Armando",Seminario: Logistica y Contrataciones Públicas - (ELE),10.0,10.0,10.0,10.0,10.0,10.0,Sí,Sí,Sí
GESTIÓN PÚBLICA,III,4,203,GP34001,"Mejia Osorio, Amador Grover",Seminario: Inversión Pública,10.0,10.0,10.0,10.0,10.0,10.0,Sí,Sí,Sí
GESTIÓN PÚBLICA,III,4,203,GP34001,"Olivares Taipe, Paulo César",Taller de Investigación III -Fundamentos de Estadistica,10.0,10.0,10.0,10.0,10.0,10.0,Sí,Sí,Sí
GESTIÓN PÚBLICA,III,4,203,GP34002,"Trigoso Rodríguez, Jorge Luis",Politicas Públicas y Gobernabilidad,10.0,9.0,10.0,10.0,10.0,10.0,Sí,Sí,Sí
GESTIÓN PÚBLICA,III,4,203,GP34002,"Zamora Díaz, Federico Armando",Seminario: Logistica y Contrataciones Públicas - (ELE),9.0,9.0,9.0,9.0,9.0,10.0,Sí,Sí,Sí
GESTIÓN PÚBLICA,III,4,203,GP34002,"Mejia Osorio, Amador Grover",Seminario: Inversión Pública,9.0,9.0,10.0,9.0,9.0,9.0,Sí,Sí,Sí
GESTIÓN PÚBLICA,III,4,203,GP34002,"Olivares Taipe, Paulo César",Taller de Investigación III -Fundamentos de Estadistica,9.0,9.0,8.0,9.0,8.0,10.0,Sí,Sí,A veces
GESTIÓN PÚBLICA,III,4,203,GP34003,"Trigoso Rodríguez, Jorge Luis",Politicas Públicas y Gobernabilidad,10.0,9.0,9.0,10.0,9.0,9.0,A veces,Sí,A veces
GESTIÓN PÚBLICA,III,4,203,GP34003,"Roncal Villanueva, Victor Augusto",Seminario: Gestión por Procesos en la Administración Pública - (ELE),10.0,10.0,10.0,10.0,10.0,10.0,Sí,Sí,Sí
GESTIÓN PÚBLICA,III,4,203,GP34003,"Mejia Osorio, Amador Grover",Seminario: Inversión Pública,9.0,10.0,10.0,10.0,10.0,10.0,Sí,Sí,A veces
GESTIÓN PÚBLICA,III,4,203,GP34003,"Olivares Taipe, Paulo César",Taller de Investigación III -Fundamentos de Estadistica,10.0,10.0,10.0,10.0,10.0,10.0,Sí,Sí,Sí
GESTIÓN PÚBLICA,III,4,203,GP34004,"Trigoso Rodríguez, Jorge Luis",Politicas Públicas y Gobernabilidad,10.0,10.0,9.0,10.0,10.0,9.0,Sí,Sí,Sí
GESTIÓN PÚBLICA,III,4,203,GP34004,"Roncal Villanueva, Victor Augusto",Seminario: Gestión por Procesos en la Administración Pública - (ELE),10.0,9.0,9.0,10.0,10.0,9.0,Sí,Sí,Sí
GESTIÓN PÚBLICA,III,4,203,GP34004,"Mejia Osorio, Amador Grover",Seminario: Inversión Pública,10.0,10.0,9.0,10.0,10.0,9.0,Sí,Sí,Sí
GESTIÓN PÚBLICA,III,4,203,GP34004,"Olivares Taipe, Paulo César",Taller de Investigación III -Fundamentos de Estadistica,9.0,10.0,9.0,10.0,9.0,9.0,Sí,Sí,Sí
GESTIÓN PÚBLICA,III,4,203,GP34005,"Trigoso Rodríguez, Jorge Luis",Politicas Públicas y Gobernabilidad,9.0,9.0,9.0,9.0,9.0,8.0,Sí,Sí,Sí
GESTIÓN PÚBLICA,III,4,203,GP34005,"Roncal Villanueva, Victor Augusto",Seminario: Gestión por Procesos en la Administración Pública - (ELE),9.0,9.0,9.0,9.0,9.0,8.0,Sí,Sí,Sí
GESTIÓN PÚBLICA,III,4,203,GP34005,"Mejia Osorio, Amador Grover",Seminario: Inversión Pública,9.0,9.0,9.0,9.0,9.0,8.0,Sí,Sí,Sí
GESTIÓN PÚBLICA,III,4,203,GP34005,"Olivares Taipe, Paulo César",Taller de Investigación III -Fundamentos de Estadistica,9.0,9.0,9.0,9.0,9.0,8.0,Sí,Sí,Sí
GESTIÓN PÚBLICA,III,4,203,GP34006,"Trigoso Rodríguez, Jorge Luis",Politicas Públicas y Gobernabilidad,5.0,2.0,2.0,2.0,3.0,2.0,Sí,Sí,No
GESTIÓN PÚBLICA,III,4,203,GP34006,Ríos Barrientos Mario Cesar,"Seminario: Sistema Nacional de Control, Ética y Anticorrupción - (ELE)",8.0,8.0,9.0,9.0,9.0,10.0,Sí,Sí,Sí
GESTIÓN PÚBLICA,III,4,203,GP34006,"Mejia Osorio, Amador Grover",Seminario: Inversión Pública,5.0,7.0,6.0,6.0,3.0,5.0,Sí,Sí,No
GESTIÓN PÚBLICA,III,4,203,GP34006,"Olivares Taipe, Paulo César",Taller de Investigación III -Fundamentos de Estadistica,6.0,6.0,6.0,6.0,5.0,6.0,Sí,Sí,No
GESTIÓN PÚBLICA,III,4,203,GP34007,"Trigoso Rodríguez, Jorge Luis",Politicas Públicas y Gobernabilidad,10.0,9.0,10.0,10.0,10.0,10.0,Sí,Sí,Sí
GESTIÓN PÚBLICA,III,4,203,GP34007,"Herrera Cabana, Hugo Vicente",Seminario: Innovación de la Gestión y Calidad de los Servicios Públicos - (ELE),10.0,9.0,10.0,10.0,10.0,10.0,Sí,Sí,Sí
GESTIÓN PÚBLICA,III,4,203,GP34007,"Mejia Osorio, Amador Grover",Seminario: Inversión Pública,8.0,9.0,8.0,8.0,8.0,8.0,,,
GESTIÓN PÚBLICA,III,4,203,GP34007,"Olivares Taipe, Paulo César",Taller de Investigación III -Fundamentos de Estadistica,10.0,8.0,9.0,10.0,8.0,8.0,Sí,Sí,Sí
GESTIÓN PÚBLICA,III,4,203,GP34008,"Trigoso Rodríguez, Jorge Luis",Politicas Públicas y Gobernabilidad,9.0,9.0,9.0,9.0,9.0,9.0,Sí,Sí,Sí
GESTIÓN PÚBLICA,III,4,203,GP34008,Ríos Barrientos Mario Cesar,"Seminario: Sistema Nacional de Control, Ética y Anticorrupción - (ELE)",9.0,9.0,9.0,9.0,9.0,9.0,Sí,Sí,Sí
GESTIÓN PÚBLICA,III,4,203,GP34008,"Mejia Osorio, Amador Grover",Seminario: Inversión Pública,7.0,10.0,8.0,8.0,7.0,8.0,Sí,Sí,Sí
GESTIÓN PÚBLICA,III,4,203,GP34008,"Olivares Taipe, Paulo César",Taller de Investigación III -Fundamentos de Estadistica,8.0,8.0,8.0,8.0,7.0,7.0,Sí,Sí,Sí
GESTIÓN PÚBLICA,III,4,203,GP34009,"Trigoso Rodríguez, Jorge Luis",Politicas Públicas y Gobernabilidad,9.0,10.0,10.0,9.0,10.0,10.0,Sí,Sí,Sí
GESTIÓN PÚBLICA,III,4,203,GP34009,"Herrera Cabana, Hugo Vicente",Seminario: Innovación de la Gestión y Calidad de los Servicios Públicos - (ELE),7.0,8.0,7.0,8.0,8.0,8.0,Sí,Sí,No
GESTIÓN PÚBLICA,III,4,203,GP34009,"Mejia Osorio, Amador Grover",Seminario: Inversión Pública,10.0,10.0,10.0,10.0,10.0,10.0,Sí,Sí,Sí
GESTIÓN PÚBLICA,III,4,203,GP34009,"Olivares Taipe, Paulo César",Taller de Investigación III -Fundamentos de Estadistica,9.0,10.0,9.0,9.0,9.0,9.0,Sí,Sí,Sí
GESTIÓN PÚBLICA,III,4,203,GP34010,"Trigoso Rodríguez, Jorge Luis",Politicas Públicas y Gobernabilidad,10.0,9.0,9.0,9.0,9.0,9.0,Sí,Sí,Sí
GESTIÓN PÚBLICA,III,4,203,GP34010,"Herrera Cabana, Hugo Vicente",Seminario: Innovación de la Gestión y Calidad de los Servicios Públicos - (ELE),9.0,9.0,9.0,9.0,9.0,9.0,Sí,Sí,Sí
GESTIÓN PÚBLICA,III,4,203,GP34010,"Mejia Osorio, Amador Grover",Seminario: Inversión Pública,7.0,9.0,8.0,7.0,7.0,7.0,Sí,Sí,Sí
GESTIÓN PÚBLICA,III,4,203,GP34010,"Olivares Taipe, Paulo César",Taller de Investigación III -Fundamentos de Estadistica,9.0,9.0,9.0,9.0,9.0,9.0,Sí,Sí,Sí
GESTIÓN PÚBLICA,III,4,203,GP34011,"Trigoso Rodríguez, Jorge Luis",Politicas Públicas y Gobernabilidad,10.0,9.0,10.0,9.0,9.0,9.0,Sí,Sí,Sí
GESTIÓN PÚBLICA,III,4,203,GP34011,"Herrera Cabana, Hugo Vicente",Seminario: Innovación de la Gestión y Calidad de los Servicios Públicos - (ELE),10.0,9.0,9.0,9.0,9.0,9.0,Sí,Sí,Sí
GESTIÓN PÚBLICA,III,4,203,GP34011,"Mejia Osorio, Amador Grover",Seminario: Inversión Pública,8.0,8.0,8.0,8.0,8.0,8.0,Sí,Sí,Sí
GESTIÓN PÚBLICA,III,4,203,GP34011,"Olivares Taipe, Paulo César",Taller de Investigación III -Fundamentos de Estadistica,8.0,8.0,8.0,8.0,8.0,8.0,Sí,Sí,Sí
GESTIÓN PÚBLICA,III,4,203,GP34012,"Trigoso Rodríguez, Jorge Luis",Politicas Públicas y Gobernabilidad,10.0,10.0,10.0,10.0,10.0,10.0,Sí,Sí,Sí
GESTIÓN PÚBLICA,III,4,203,GP34012,Ríos Barrientos Mario Cesar,"Seminario: Sistema Nacional de Control, Ética y Anticorrupción - (ELE)",10.0,10.0,10.0,10.0,10.0,10.0,Sí,Sí,Sí
GESTIÓN PÚBLICA,III,4,203,GP34012,"Mejia Osorio, Amador Grover",Seminario: Inversión Pública,10.0,10.0,10.0,10.0,10.0,10.0,Sí,Sí,Sí
GESTIÓN PÚBLICA,III,4,203,GP34012,"Olivares Taipe, Paulo César",Taller de Investigación III -Fundamentos de Estadistica,5.0,5.0,5.0,5.0,5.0,5.0,Sí,Sí,Sí
GESTIÓN PÚBLICA,IV,6,207,GP46001,"Velezmoro Ormeño, Alvaro José",Seminario: Política Fiscal y Administración Tributaria,7.0,8.0,7.0,7.0,7.0,6.0,Sí,Sí,A veces
GESTIÓN PÚBLICA,IV,6,207,GP46001,"Peralta Loayza, Eleazar Fidel",Seminario: Gestión por Procesos en la Administración Pública - (ELE),10.0,10.0,10.0,9.0,9.0,9.0,Sí,Sí,Sí
GESTIÓN PÚBLICA,IV,6,207,GP46001,"Vargas Machuca Guerrero, Elizabeth Del Pilar",Seminario: Descentralización y Desarrollo Territorial,10.0,9.0,10.0,9.0,10.0,9.0,Sí,Sí,Sí
GESTIÓN PÚBLICA,IV,6,207,GP46001,"Castillo Yui, Nieves Cecilia",Taller de Investigación IV (Informe Final de Tesis),9.0,8.0,9.0,9.0,10.0,9.0,No,No,A veces
GESTIÓN PÚBLICA,IV,6,207,GP46002,"Velezmoro Ormeño, Alvaro José",Seminario: Política Fiscal y Administración Tributaria,8.0,9.0,9.0,9.0,8.0,8.0,A veces,Sí,A veces
GESTIÓN PÚBLICA,IV,6,207,GP46002,"Peralta Loayza, Eleazar Fidel",Seminario: Gestión por Procesos en la Administración Pública - (ELE),,,,,,,,,
GESTIÓN PÚBLICA,IV,6,207,GP46002,"Vargas Machuca Guerrero, Elizabeth Del Pilar",Seminario: Descentralización y Desarrollo Territorial,10.0,10.0,10.0,10.0,10.0,10.0,Sí,Sí,Sí
GESTIÓN PÚBLICA,IV,6,207,GP46002,"Castillo Yui, Nieves Cecilia",Taller de Investigación IV (Informe Final de Tesis),10.0,10.0,10.0,10.0,10.0,10.0,Sí,Sí,Sí
GESTIÓN PÚBLICA,IV,6,207,GP46003,"Velezmoro Ormeño, Alvaro José",Seminario: Política Fiscal y Administración Tributaria,7.0,8.0,7.0,7.0,7.0,7.0,Sí,Sí,Sí
GESTIÓN PÚBLICA,IV,6,207,GP46003,"Peralta Loayza, Eleazar Fidel",Seminario: Gestión por Procesos en la Administración Pública - (ELE),,,,,,,,,
GESTIÓN PÚBLICA,IV,6,207,GP46003,"Vargas Machuca Guerrero, Elizabeth Del Pilar",Seminario: Descentralización y Desarrollo Territorial,8.0,8.0,8.0,8.0,9.0,9.0,Sí,Sí,Sí
GESTIÓN PÚBLICA,IV,6,207,GP46003,"Castillo Yui, Nieves Cecilia",Taller de Investigación IV (Informe Final de Tesis),8.0,8.0,7.0,7.0,7.0,7.0,Sí,Sí,No
GESTIÓN PÚBLICA,IV,6,207,GP46004,"Velezmoro Ormeño, Alvaro José",Seminario: Política Fiscal y Administración Tributaria,8.0,9.0,9.0,10.0,10.0,9.0,Sí,Sí,Sí
GESTIÓN PÚBLICA,IV,6,207,GP46004,"Peralta Loayza, Eleazar Fidel",Seminario: Gestión por Procesos en la Administración Pública - (ELE),,,,,,,,,
GESTIÓN PÚBLICA,IV,6,207,GP46004,"Vargas Machuca Guerrero, Elizabeth Del Pilar",Seminario: Descentralización y Desarrollo Territorial,9.0,10.0,10.0,9.0,10.0,9.0,Sí,Sí,Sí
GESTIÓN PÚBLICA,IV,6,207,GP46004,"Castillo Yui, Nieves Cecilia",Taller de Investigación IV (Informe Final de Tesis),8.0,9.0,9.0,9.0,10.0,9.0,Sí,Sí,Sí
GESTIÓN PÚBLICA,IV,6,207,GP46005,"Velezmoro Ormeño, Alvaro José",Seminario: Política Fiscal y Administración Tributaria,10.0,10.0,9.0,10.0,9.0,9.0,Sí,Sí,Sí
GESTIÓN PÚBLICA,IV,6,207,GP46005,"Peralta Loayza, Eleazar Fidel",Seminario: Gestión por Procesos en la Administración Pública - (ELE),,,,,,,,,
GESTIÓN PÚBLICA,IV,6,207,GP46005,"Vargas Machuca Guerrero, Elizabeth Del Pilar",Seminario: Descentralización y Desarrollo Territorial,10.0,10.0,10.0,9.0,9.0,10.0,Sí,Sí,Sí
GESTIÓN PÚBLICA,IV,6,207,GP46005,"Castillo Yui, Nieves Cecilia",Taller de Investigación IV (Informe Final de Tesis),9.0,10.0,10.0,10.0,9.0,10.0,Sí,Sí,Sí
GESTIÓN PÚBLICA,IV,6,207,GP46006,"Velezmoro Ormeño, Alvaro José",Seminario: Política Fiscal y Administración Tributaria,10.0,10.0,10.0,10.0,10.0,10.0,Sí,Sí,Sí
GESTIÓN PÚBLICA,IV,6,207,GP46006,"Peralta Loayza, Eleazar Fidel",Seminario: Gestión por Procesos en la Administración Pública - (ELE),10.0,10.0,10.0,10.0,10.0,10.0,Sí,Sí,Sí
GESTIÓN PÚBLICA,IV,6,207,GP46006,"Vargas Machuca Guerrero, Elizabeth Del Pilar",Seminario: Descentralización y Desarrollo Territorial,10.0,10.0,10.0,10.0,10.0,10.0,Sí,Sí,Sí
GESTIÓN PÚBLICA,IV,6,207,GP46006,"Castillo Yui, Nieves Cecilia",Taller de Investigación IV (Informe Final de Tesis),,,,,,,,,
GESTIÓN PÚBLICA,IV,6,207,GP46007,"Velezmoro Ormeño, Alvaro José",Seminario: Política Fiscal y Administración Tributaria,8.0,10.0,8.0,8.0,8.0,8.0,Sí,Sí,Sí
GESTIÓN PÚBLICA,IV,6,207,GP46007,"Peralta Loayza, Eleazar Fidel",Seminario: Gestión por Procesos en la Administración Pública - (ELE),10.0,10.0,10.0,9.0,9.0,9.0,Sí,Sí,Sí
GESTIÓN PÚBLICA,IV,6,207,GP46007,"Vargas Machuca Guerrero, Elizabeth Del Pilar",Seminario: Descentralización y Desarrollo Territorial,10.0,10.0,10.0,10.0,10.0,10.0,Sí,Sí,Sí
GESTIÓN PÚBLICA,IV,6,207,GP46007,"Castillo Yui, Nieves Cecilia",Taller de Investigación IV (Informe Final de Tesis),8.0,8.0,8.0,8.0,8.0,8.0,Sí,Sí,Sí
GESTIÓN PÚBLICA,IV,6,207,GP46008,"Velezmoro Ormeño, Alvaro José",Seminario: Política Fiscal y Administración Tributaria,9.0,10.0,8.0,9.0,9.0,9.0,Sí,Sí,Sí
GESTIÓN PÚBLICA,IV,6,207,GP46008,Ríos Barrientos Mario Cesar,"Seminario: Sistema Nacional de Control, Ética y Anticorrupción - (ELE)",9.0,9.0,9.0,9.0,9.0,9.0,Sí,Sí,Sí
GESTIÓN PÚBLICA,IV,6,207,GP46008,"Vargas Machuca Guerrero, Elizabeth Del Pilar",Seminario: Descentralización y Desarrollo Territorial,10.0,10.0,10.0,9.0,10.0,10.0,Sí,Sí,Sí
GESTIÓN PÚBLICA,IV,6,207,GP46008,"Castillo Yui, Nieves Cecilia",Taller de Investigación IV (Informe Final de Tesis),8.0,8.0,8.0,8.0,9.0,9.0,Sí,Sí,Sí
GESTIÓN PÚBLICA,IV,6,207,GP46009,"Velezmoro Ormeño, Alvaro José",Seminario: Política Fiscal y Administración Tributaria,9.0,10.0,10.0,9.0,9.0,9.0,Sí,Sí,Sí
GESTIÓN PÚBLICA,IV,6,207,GP46009,"Peralta Loayza, Eleazar Fidel",Seminario: Gestión por Procesos en la Administración Pública - (ELE),,,,,,,,,
GESTIÓN PÚBLICA,IV,6,207,GP46009,"Vargas Machuca Guerrero, Elizabeth Del Pilar",Seminario: Descentralización y Desarrollo Territorial,10.0,10.0,10.0,10.0,10.0,10.0,Sí,Sí,Sí
GESTIÓN PÚBLICA,IV,6,207,GP46009,"Castillo Yui, Nieves Cecilia",Taller de Investigación IV (Informe Final de Tesis),9.0,9.0,10.0,10.0,9.0,9.0,Sí,Sí,Sí
GESTIÓN PÚBLICA,IV,6,207,GP46010,"Velezmoro Ormeño, Alvaro José",Seminario: Política Fiscal y Administración Tributaria,9.0,10.0,10.0,9.0,9.0,9.0,Sí,Sí,Sí
GESTIÓN PÚBLICA,IV,6,207,GP46010,"Peralta Loayza, Eleazar Fidel",Seminario: Gestión por Procesos en la Administración Pública - (ELE),,,,,,,,,
GESTIÓN PÚBLICA,IV,6,207,GP46010,"Vargas Machuca Guerrero, Elizabeth Del Pilar",Seminario: Descentralización y Desarrollo Territorial,10.0,10.0,10.0,9.0,10.0,9.0,Sí,Sí,Sí
GESTIÓN PÚBLICA,IV,6,207,GP46010,"Castillo Yui, Nieves Cecilia",Taller de Investigación IV (Informe Final de Tesis),9.0,10.0,10.0,9.0,9.0,9.0,Sí,Sí,Sí
GESTIÓN PÚBLICA,IV,6,207,GP46011,"Velezmoro Ormeño, Alvaro José",Seminario: Política Fiscal y Administración Tributaria,9.0,10.0,9.0,9.0,9.0,9.0,Sí,Sí,Sí
GESTIÓN PÚBLICA,IV,6,207,GP46011,"Peralta Loayza, Eleazar Fidel",Seminario: Gestión por Procesos en la Administración Pública - (ELE),10.0,10.0,10.0,10.0,10.0,10.0,Sí,Sí,Sí
GESTIÓN PÚBLICA,IV,6,207,GP46011,"Vargas Machuca Guerrero, Elizabeth Del Pilar",Seminario: Descentralización y Desarrollo Territorial,10.0,10.0,10.0,10.0,10.0,10.0,Sí,Sí,Sí
GESTIÓN PÚBLICA,IV,6,207,GP46011,"Castillo Yui, Nieves Cecilia",Taller de Investigación IV (Informe Final de Tesis),10.0,10.0,10.0,9.0,9.0,9.0,Sí,Sí,A veces
GESTIÓN PÚBLICA,IV,6,207,GP46012,"Velezmoro Ormeño, Alvaro José",Seminario: Política Fiscal y Administración Tributaria,10.0,10.0,10.0,10.0,10.0,10.0,Sí,Sí,Sí
GESTIÓN PÚBLICA,IV,6,207,GP46012,"Peralta Loayza, Eleazar Fidel",Seminario: Gestión por Procesos en la Administración Pública - (ELE),10.0,10.0,10.0,,10.0,10.0,Sí,Sí,Sí
GESTIÓN PÚBLICA,IV,6,207,GP46012,"Vargas Machuca Guerrero, Elizabeth Del Pilar",Seminario: Descentralización y Desarrollo Territorial,10.0,10.0,10.0,10.0,10.0,10.0,Sí,Sí,Sí
GESTIÓN PÚBLICA,IV,6,207,GP46012,"Castillo Yui, Nieves Cecilia",Taller de Investigación IV (Informe Final de Tesis),10.0,10.0,10.0,10.0,10.0,10.0,Sí,Sí,Sí
GESTIÓN PÚBLICA,IV,6,207,GP46013,"Velezmoro Ormeño, Alvaro José",Seminario: Política Fiscal y Administración Tributaria,8.0,9.0,7.0,8.0,8.0,8.0,Sí,Sí,Sí
GESTIÓN PÚBLICA,IV,6,207,GP46013,"Andrades Sosa, José Ignacio",Seminario: Descentralización y Desarrollo Territorial,9.0,10.0,9.0,8.0,10.0,8.0,Sí,Sí,Sí
GESTIÓN PÚBLICA,IV,6,207,GP46013,"Vargas Machuca Guerrero, Elizabeth Del Pilar",Seminario: Descentralización y Desarrollo Territorial,10.0,10.0,9.0,9.0,10.0,10.0,Sí,Sí,Sí
GESTIÓN PÚBLICA,IV,6,207,GP46013,"Castillo Yui, Nieves Cecilia",Taller de Investigación IV (Informe Final de Tesis),8.0,9.0,9.0,8.0,8.0,9.0,Sí,Sí,No
GESTIÓN PÚBLICA,III,3,302,GP33001,"Aquino Cavero, Darwin José Emilio",Politicas Públicas y Gobernabilidad,10.0,10.0,10.0,10.0,10.0,10.0,Sí,Sí,Sí
GESTIÓN PÚBLICA,III,3,302,GP33001,"Zamora Díaz, Federico Armando",Seminario: Logistica y Contrataciones Públicas - (ELE),5.0,5.0,5.0,5.0,5.0,5.0,Sí,Sí,Sí
GESTIÓN PÚBLICA,III,3,302,GP33001,"Pérez Palacios, Emma",Taller de Investigación III -Fundamentos de Estadistica,10.0,10.0,10.0,10.0,10.0,10.0,Sí,Sí,Sí
GESTIÓN PÚBLICA,III,3,302,GP33001,"Mejia Osorio, Amador Grover",Seminario: Inversión Pública,9.0,9.0,9.0,9.0,9.0,9.0,Sí,Sí,Sí
GESTIÓN PÚBLICA,III,3,302,GP33002,"Aquino Cavero, Darwin José Emilio",Politicas Públicas y Gobernabilidad,10.0,10.0,10.0,10.0,10.0,10.0,Sí,Sí,Sí
GESTIÓN PÚBLICA,III,3,302,GP33002,"Zamora Díaz, Federico Armando",Seminario: Logistica y Contrataciones Públicas - (ELE),6.0,8.0,7.0,7.0,4.0,4.0,A veces,Sí,Sí
GESTIÓN PÚBLICA,III,3,302,GP33002,"Pérez Palacios, Emma",Taller de Investigación III -Fundamentos de Estadistica,7.0,9.0,8.0,9.0,5.0,7.0,Sí,Sí,A veces
GESTIÓN PÚBLICA,III,3,302,GP33002,"Mejia Osorio, Amador Grover",Seminario: Inversión Pública,9.0,9.0,9.0,8.0,8.0,8.0,Sí,Sí,Sí
GESTIÓN PÚBLICA,III,3,302,GP33003,"Aquino Cavero, Darwin José Emilio",Politicas Públicas y Gobernabilidad,10.0,10.0,10.0,10.0,10.0,10.0,Sí,Sí,Sí
GESTIÓN PÚBLICA,III,3,302,GP33003,"Zamora Díaz, Federico Armando",Seminario: Logistica y Contrataciones Públicas - (ELE),7.0,7.0,8.0,8.0,7.0,7.0,Sí,Sí,Sí
GESTIÓN PÚBLICA,III,3,302,GP33003,"Pérez Palacios, Emma",Taller de Investigación III -Fundamentos de Estadistica,10.0,10.0,9.0,10.0,9.0,8.0,Sí,Sí,Sí
GESTIÓN PÚBLICA,III,3,302,GP33003,"Mejia Osorio, Amador Grover",Seminario: Inversión Pública,8.0,9.0,8.0,8.0,8.0,8.0,Sí,Sí,Sí
GESTIÓN PÚBLICA,III,3,302,GP33004,"Aquino Cavero, Darwin José Emilio",Politicas Públicas y Gobernabilidad,10.0,10.0,10.0,10.0,10.0,10.0,Sí,Sí,Sí
GESTIÓN PÚBLICA,III,3,302,GP33004,"Roncal Villanueva, Victor Augusto",Seminario: Gestión por Procesos en la Administración Pública - (ELE),7.0,9.0,7.0,7.0,7.0,7.0,Sí,Sí,Sí
GESTIÓN PÚBLICA,III,3,302,GP33004,"Pérez Palacios, Emma",Taller de Investigación III -Fundamentos de Estadistica,8.0,10.0,5.0,5.0,5.0,5.0,Sí,Sí,Sí
GESTIÓN PÚBLICA,III,3,302,GP33004,"Mejia Osorio, Amador Grover",Seminario: Inversión Pública,9.0,10.0,9.0,10.0,9.0,9.0,Sí,Sí,Sí
GESTIÓN PÚBLICA,III,3,302,GP33005,"Aquino Cavero, Darwin José Emilio",Politicas Públicas y Gobernabilidad,10.0,10.0,10.0,10.0,10.0,10.0,Sí,Sí,Sí
GESTIÓN PÚBLICA,III,3,302,GP33005,"Zamora Díaz, Federico Armando",Seminario: Logistica y Contrataciones Públicas - (ELE),8.0,8.0,7.0,8.0,8.0,7.0,Sí,Sí,Sí
GESTIÓN PÚBLICA,III,3,302,GP33005,"Pérez Palacios, Emma",Taller de Investigación III -Fundamentos de Estadistica,8.0,10.0,7.0,7.0,7.0,8.0,Sí,Sí,Sí
GESTIÓN PÚBLICA,III,3,302,GP33005,"Mejia Osorio, Amador Grover",Seminario: Inversión Pública,9.0,10.0,9.0,9.0,10.0,9.0,Sí,Sí,Sí
GESTIÓN PÚBLICA,III,3,302,GP33006,"Aquino Cavero, Darwin José Emilio",Politicas Públicas y Gobernabilidad,8.0,9.0,9.0,9.0,8.0,8.0,Sí,Sí,Sí
GESTIÓN PÚBLICA,III,3,302,GP33006,"Herrera Collins, Marco Antonio Henry",Seminario: Logistica y Contrataciones Públicas - (ELE),7.0,8.0,8.0,7.0,8.0,7.0,Sí,Sí,Sí
GESTIÓN PÚBLICA,III,3,302,GP33006,"Pérez Palacios, Emma",Taller de Investigación III -Fundamentos de Estadistica,8.0,9.0,8.0,9.0,8.0,8.0,Sí,Sí,Sí
GESTIÓN PÚBLICA,III,3,302,GP33006,"Mejia Osorio, Amador Grover",Seminario: Inversión Pública,8.0,9.0,8.0,9.0,8.0,8.0,Sí,Sí,Sí
GESTIÓN PÚBLICA,III,3,302,GP33007,"Aquino Cavero, Darwin José Emilio",Politicas Públicas y Gobernabilidad,10.0,10.0,10.0,10.0,10.0,10.0,Sí,Sí,Sí
GESTIÓN PÚBLICA,III,3,302,GP33007,"Zamora Díaz, Federico Armando",Seminario: Logistica y Contrataciones Públicas - (ELE),5.0,5.0,4.0,4.0,4.0,4.0,Sí,Sí,Sí
GESTIÓN PÚBLICA,III,3,302,GP33007,"Pérez Palacios, Emma",Taller de Investigación III -Fundamentos de Estadistica,,,,,,,,,
GESTIÓN PÚBLICA,III,3,302,GP33007,"Mejia Osorio, Amador Grover",Seminario: Inversión Pública,7.0,9.0,7.0,5.0,6.0,5.0,A veces,A veces,Sí
GESTIÓN PÚBLICA,III,3,302,GP33008,"Aquino Cavero, Darwin José Emilio",Politicas Públicas y Gobernabilidad,10.0,10.0,10.0,10.0,10.0,10.0,Sí,Sí,Sí
GESTIÓN PÚBLICA,III,3,302,GP33008,"Roncal Villanueva, Victor Augusto",Seminario: Gestión por Procesos en la Administración Pública - (ELE),9.0,10.0,10.0,9.0,9.0,9.0,Sí,Sí,Sí
GESTIÓN PÚBLICA,III,3,302,GP33008,"Pérez Palacios, Emma",Taller de Investigación III -Fundamentos de Estadistica,10.0,10.0,10.0,10.0,10.0,10.0,Sí,Sí,Sí
GESTIÓN PÚBLICA,III,3,302,GP33008,"Mejia Osorio, Amador Grover",Seminario: Inversión Pública,10.0,10.0,10.0,10.0,10.0,10.0,Sí,Sí,Sí
GESTIÓN PÚBLICA,III,3,302,GP33009,"Aquino Cavero, Darwin José Emilio",Politicas Públicas y Gobernabilidad,10.0,10.0,10.0,10.0,10.0,10.0,Sí,Sí,Sí
GESTIÓN PÚBLICA,III,3,302,GP33009,"Herrera Cabana, Hugo Vicente",Seminario: Innovación de la Gestión y Calidad de los Servicios Públicos - (ELE),10.0,10.0,10.0,10.0,10.0,10.0,Sí,Sí,Sí
GESTIÓN PÚBLICA,III,3,302,GP33009,"Pérez Palacios, Emma",Taller de Investigación III -Fundamentos de Estadistica,9.0,9.0,8.0,8.0,8.0,8.0,Sí,Sí,Sí
GESTIÓN PÚBLICA,III,3,302,GP33009,"Mejia Osorio, Amador Grover",Seminario: Inversión Pública,10.0,10.0,10.0,10.0,10.0,10.0,Sí,Sí,Sí
GESTIÓN PÚBLICA,III,3,302,GP33010,"Aquino Cavero, Darwin José Emilio",Politicas Públicas y Gobernabilidad,10.0,10.0,10.0,10.0,10.0,10.0,Sí,Sí,Sí
GESTIÓN PÚBLICA,III,3,302,GP33010,"Zamora Díaz, Federico Armando",Seminario: Logistica y Contrataciones Públicas - (ELE),8.0,9.0,9.0,9.0,8.0,8.0,Sí,Sí,Sí
GESTIÓN PÚBLICA,III,3,302,GP33010,"Pérez Palacios, Emma",Taller de Investigación III -Fundamentos de Estadistica,8.0,8.0,8.0,8.0,7.0,7.0,Sí,Sí,A veces
GESTIÓN PÚBLICA,III,3,302,GP33010,"Mejia Osorio, Amador Grover",Seminario: Inversión Pública,8.0,10.0,9.0,9.0,8.0,8.0,Sí,Sí,Sí
GESTIÓN PÚBLICA,III,3,302,GP33011,"Aquino Cavero, Darwin José Emilio",Politicas Públicas y Gobernabilidad,10.0,10.0,10.0,10.0,10.0,10.0,Sí,Sí,Sí
GESTIÓN PÚBLICA,III,3,302,GP33011,"Zamora Díaz, Federico Armando",Seminario: Logistica y Contrataciones Públicas - (ELE),8.0,8.0,8.0,8.0,7.0,8.0,Sí,Sí,Sí
GESTIÓN PÚBLICA,III,3,302,GP33011,"Pérez Palacios, Emma",Taller de Investigación III -Fundamentos de Estadistica,9.0,9.0,9.0,9.0,9.0,9.0,Sí,Sí,Sí
GESTIÓN PÚBLICA,III,3,302,GP33011,"Mejia Osorio, Amador Grover",Seminario: Inversión Pública,9.0,9.0,9.0,9.0,9.0,9.0,Sí,Sí,Sí
GESTIÓN PÚBLICA,III,3,302,GP33012,"Aquino Cavero, Darwin José Emilio",Politicas Públicas y Gobernabilidad,10.0,10.0,10.0,10.0,10.0,10.0,Sí,Sí,Sí
GESTIÓN PÚBLICA,III,3,302,GP33012,"Roncal Villanueva, Victor Augusto",Seminario: Gestión por Procesos en la Administración Pública - (ELE),10.0,10.0,10.0,10.0,10.0,10.0,Sí,Sí,Sí
GESTIÓN PÚBLICA,III,3,302,GP33012,"Pérez Palacios, Emma",Taller de Investigación III -Fundamentos de Estadistica,10.0,10.0,10.0,10.0,10.0,10.0,Sí,Sí,Sí
GESTIÓN PÚBLICA,III,3,302,GP33012,"Mejia Osorio, Amador Grover",Seminario: Inversión Pública,10.0,10.0,10.0,10.0,10.0,10.0,Sí,Sí,Sí
GESTIÓN PÚBLICA,III,3,302,GP33013,"Aquino Cavero, Darwin José Emilio",Politicas Públicas y Gobernabilidad,10.0,10.0,10.0,10.0,10.0,10.0,Sí,Sí,Sí
GESTIÓN PÚBLICA,III,3,302,GP33013,"Zamora Díaz, Federico Armando",Seminario: Logistica y Contrataciones Públicas - (ELE),10.0,10.0,10.0,10.0,10.0,10.0,Sí,Sí,Sí
GESTIÓN PÚBLICA,III,3,302,GP33013,"Pérez Palacios, Emma",Taller de Investigación III -Fundamentos de Estadistica,10.0,10.0,10.0,10.0,10.0,10.0,Sí,Sí,Sí
GESTIÓN PÚBLICA,III,3,302,GP33013,"Mejia Osorio, Amador Grover",Seminario: Inversión Pública,10.0,10.0,10.0,10.0,10.0,10.0,Sí,Sí,Sí
GESTIÓN PÚBLICA,III,3,302,GP33014,"Aquino Cavero, Darwin José Emilio",Politicas Públicas y Gobernabilidad,9.0,10.0,10.0,9.0,9.0,10.0,Sí,Sí,Sí
GESTIÓN PÚBLICA,III,3,302,GP33014,Ríos Barrientos Mario Cesar,"Seminario: Sistema Nacional de Control, Ética y Anticorrupción - (ELE)",6.0,6.0,7.0,6.0,6.0,7.0,Sí,Sí,Sí
GESTIÓN PÚBLICA,III,3,302,GP33014,"Pérez Palacios, Emma",Taller de Investigación III -Fundamentos de Estadistica,8.0,9.0,8.0,8.0,8.0,8.0,Sí,Sí,Sí
GESTIÓN PÚBLICA,III,3,302,GP33014,"Mejia Osorio, Amador Grover",Seminario: Inversión Pública,9.0,8.0,9.0,9.0,8.0,9.0,Sí,Sí,Sí
GESTIÓN PÚBLICA,III,3,302,GP33015,"Aquino Cavero, Darwin José Emilio",Politicas Públicas y Gobernabilidad,9.0,10.0,10.0,9.0,10.0,9.0,Sí,Sí,Sí
GESTIÓN PÚBLICA,III,3,302,GP33015,"Zamora Díaz, Federico Armando",Seminario: Logistica y Contrataciones Públicas - (ELE),6.0,5.0,6.0,5.0,6.0,6.0,Sí,Sí,Sí
GESTIÓN PÚBLICA,III,3,302,GP33015,"Pérez Palacios, Emma",Taller de Investigación III -Fundamentos de Estadistica,8.0,9.0,8.0,9.0,8.0,8.0,Sí,Sí,Sí
GESTIÓN PÚBLICA,III,3,302,GP33015,"Mejia Osorio, Amador Grover",Seminario: Inversión Pública,9.0,8.0,9.0,9.0,8.0,9.0,Sí,Sí,Sí
GESTIÓN PÚBLICA,III,3,302,GP33016,"Aquino Cavero, Darwin José Emilio",Politicas Públicas y Gobernabilidad,10.0,10.0,10.0,10.0,10.0,10.0,Sí,Sí,Sí
GESTIÓN PÚBLICA,III,3,302,GP33016,"Zamora Díaz, Federico Armando",Seminario: Logistica y Contrataciones Públicas - (ELE),10.0,10.0,10.0,10.0,9.0,10.0,Sí,Sí,Sí
GESTIÓN PÚBLICA,III,3,302,GP33016,"Pérez Palacios, Emma",Taller de Investigación III -Fundamentos de Estadistica,9.0,10.0,10.0,10.0,10.0,10.0,Sí,Sí,Sí
GESTIÓN PÚBLICA,III,3,302,GP33016,"Mejia Osorio, Amador Grover",Seminario: Inversión Pública,10.0,10.0,10.0,9.0,10.0,10.0,Sí,Sí,Sí
GESTIÓN PÚBLICA,III,3,302,GP33017,"Aquino Cavero, Darwin José Emilio",Politicas Públicas y Gobernabilidad,7.0,6.0,7.0,8.0,3.0,8.0,Sí,Sí,Sí
GESTIÓN PÚBLICA,III,3,302,GP33017,"Herrera Cabana, Hugo Vicente",Seminario: Innovación de la Gestión y Calidad de los Servicios Públicos - (ELE),8.0,7.0,7.0,6.0,8.0,9.0,No,No,No
GESTIÓN PÚBLICA,III,3,302,GP33017,"Pérez Palacios, Emma",Taller de Investigación III -Fundamentos de Estadistica,9.0,8.0,7.0,7.0,5.0,7.0,Sí,No,Sí
GESTIÓN PÚBLICA,III,3,302,GP33017,"Mejia Osorio, Amador Grover",Seminario: Inversión Pública,9.0,7.0,7.0,6.0,9.0,9.0,Sí,Sí,Sí
GESTIÓN PÚBLICA,III,3,302,GP33018,"Aquino Cavero, Darwin José Emilio",Politicas Públicas y Gobernabilidad,10.0,10.0,10.0,10.0,10.0,10.0,Sí,Sí,Sí
GESTIÓN PÚBLICA,III,3,302,GP33018,"Zamora Díaz, Federico Armando",Seminario: Logistica y Contrataciones Públicas - (ELE),8.0,9.0,9.0,9.0,9.0,9.0,Sí,Sí,Sí
GESTIÓN PÚBLICA,III,3,302,GP33018,"Pérez Palacios, Emma",Taller de Investigación III -Fundamentos de Estadistica,10.0,10.0,10.0,10.0,10.0,10.0,Sí,Sí,Sí
GESTIÓN PÚBLICA,III,3,302,GP33018,"Mejia Osorio, Amador Grover",Seminario: Inversión Pública,8.0,7.0,10.0,10.0,9.0,10.0,Sí,Sí,Sí
GESTIÓN PÚBLICA,III,3,302,GP33019,"Aquino Cavero, Darwin José Emilio",Politicas Públicas y Gobernabilidad,10.0,9.0,10.0,9.0,10.0,10.0,Sí,Sí,Sí
GESTIÓN PÚBLICA,III,3,302,GP33019,"Roncal Villanueva, Victor Augusto",Seminario: Gestión por Procesos en la Administración Pública - (ELE),4.0,3.0,3.0,2.0,2.0,3.0,Sí,Sí,Sí
GESTIÓN PÚBLICA,III,3,302,GP33019,"Pérez Palacios, Emma",Taller de Investigación III -Fundamentos de Estadistica,8.0,9.0,8.0,8.0,8.0,9.0,Sí,Sí,Sí
GESTIÓN PÚBLICA,III,3,302,GP33019,"Mejia Osorio, Amador Grover",Seminario: Inversión Pública,3.0,2.0,2.0,4.0,3.0,3.0,Sí,Sí,No
GESTIÓN PÚBLICA,III,3,302,GP33020,"Aquino Cavero, Darwin José Emilio",Politicas Públicas y Gobernabilidad,9.0,9.0,8.0,8.0,8.0,9.0,Sí,Sí,Sí
GESTIÓN PÚBLICA,III,3,302,GP33020,"Zamora Díaz, Federico Armando",Seminario: Logistica y Contrataciones Públicas - (ELE),8.0,8.0,7.0,6.0,8.0,8.0,Sí,Sí,Sí
GESTIÓN PÚBLICA,III,3,302,GP33020,"Pérez Palacios, Emma",Taller de Investigación III -Fundamentos de Estadistica,5.0,5.0,5.0,5.0,5.0,4.0,A veces,A veces,A veces
GESTIÓN PÚBLICA,III,3,302,GP33020,"Mejia Osorio, Amador Grover",Seminario: Inversión Pública,8.0,7.0,7.0,7.0,7.0,8.0,Sí,Sí,Sí
GESTIÓN PÚBLICA,III,3,302,GP33021,"Aquino Cavero, Darwin José Emilio",Politicas Públicas y Gobernabilidad,8.0,8.0,9.0,9.0,8.0,8.0,Sí,Sí,Sí
GESTIÓN PÚBLICA,III,3,302,GP33021,"Roncal Villanueva, Victor Augusto",Seminario: Gestión por Procesos en la Administración Pública - (ELE),5.0,8.0,5.0,6.0,4.0,4.0,Sí,Sí,Sí
GESTIÓN PÚBLICA,III,3,302,GP33021,"Pérez Palacios, Emma",Taller de Investigación III -Fundamentos de Estadistica,8.0,8.0,8.0,8.0,8.0,8.0,Sí,Sí,Sí
GESTIÓN PÚBLICA,III,3,302,GP33021,"Mejia Osorio, Amador Grover",Seminario: Inversión Pública,7.0,8.0,8.0,8.0,6.0,7.0,Sí,Sí,Sí
GESTIÓN PÚBLICA,III,3,302,GP33022,"Aquino Cavero, Darwin José Emilio",Politicas Públicas y Gobernabilidad,8.0,8.0,8.0,8.0,8.0,9.0,Sí,Sí,Sí
GESTIÓN PÚBLICA,III,3,302,GP33022,"Zamora Díaz, Federico Armando",Seminario: Logistica y Contrataciones Públicas - (ELE),7.0,7.0,6.0,5.0,5.0,5.0,Sí,Sí,Sí
GESTIÓN PÚBLICA,III,3,302,GP33022,"Pérez Palacios, Emma",Taller de Investigación III -Fundamentos de Estadistica,8.0,8.0,8.0,8.0,8.0,9.0,Sí,Sí,Sí
GESTIÓN PÚBLICA,III,3,302,GP33022,"Mejia Osorio, Amador Grover",Seminario: Inversión Pública,7.0,8.0,7.0,6.0,5.0,6.0,Sí,Sí,Sí
GESTIÓN PÚBLICA,III,3,302,GP33023,"Aquino Cavero, Darwin José Emilio",Politicas Públicas y Gobernabilidad,10.0,10.0,10.0,10.0,10.0,10.0,Sí,Sí,Sí
GESTIÓN PÚBLICA,III,3,302,GP33023,"Zamora Díaz, Federico Armando",Seminario: Logistica y Contrataciones Públicas - (ELE),10.0,10.0,10.0,10.0,10.0,10.0,Sí,Sí,Sí
GESTIÓN PÚBLICA,III,3,302,GP33023,"Pérez Palacios, Emma",Taller de Investigación III -Fundamentos de Estadistica,9.0,10.0,10.0,10.0,10.0,10.0,Sí,Sí,Sí
GESTIÓN PÚBLICA,III,3,302,GP33023,"Mejia Osorio, Amador Grover",Seminario: Inversión Pública,10.0,10.0,10.0,10.0,10.0,10.0,Sí,Sí,Sí
GESTIÓN PÚBLICA,III,3,302,GP33024,"Aquino Cavero, Darwin José Emilio",Politicas Públicas y Gobernabilidad,9.0,9.0,9.0,9.0,9.0,9.0,Sí,Sí,Sí
GESTIÓN PÚBLICA,III,3,302,GP33024,"Zamora Díaz, Federico Armando",Seminario: Logistica y Contrataciones Públicas - (ELE),,,,,,,,,
GESTIÓN PÚBLICA,III,3,302,GP33024,"Pérez Palacios, Emma",Taller de Investigación III -Fundamentos de Estadistica,7.0,7.0,7.0,7.0,7.0,7.0,Sí,Sí,Sí
GESTIÓN PÚBLICA,III,3,302,GP33024,"Mejia Osorio, Amador Grover",Seminario: Inversión Pública,8.0,8.0,8.0,8.0,8.0,8.0,Sí,Sí,Sí
GESTIÓN PÚBLICA,III,3,302,GP33025,"Aquino Cavero, Darwin José Emilio",Politicas Públicas y Gobernabilidad,9.0,9.0,10.0,10.0,9.0,9.0,Sí,Sí,Sí
GESTIÓN PÚBLICA,III,3,302,GP33025,"Zamora Díaz, Federico Armando",Seminario: Logistica y Contrataciones Públicas - (ELE),9.0,9.0,9.0,9.0,9.0,9.0,Sí,Sí,Sí
GESTIÓN PÚBLICA,III,3,302,GP33025,"Pérez Palacios, Emma",Taller de Investigación III -Fundamentos de Estadistica,8.0,9.0,9.0,9.0,7.0,7.0,Sí,Sí,Sí
GESTIÓN PÚBLICA,III,3,302,GP33025,"Mejia Osorio, Amador Grover",Seminario: Inversión Pública,8.0,9.0,9.0,8.0,8.0,8.0,Sí,Sí,Sí
GESTIÓN PÚBLICA,III,3,302,GP33026,"Aquino Cavero, Darwin José Emilio",Politicas Públicas y Gobernabilidad,10.0,10.0,10.0,10.0,10.0,10.0,Sí,Sí,Sí
GESTIÓN PÚBLICA,III,3,302,GP33026,"Roncal Villanueva, Victor Augusto",Seminario: Gestión por Procesos en la Administración Pública - (ELE),10.0,10.0,10.0,9.0,9.0,8.0,Sí,Sí,Sí
GESTIÓN PÚBLICA,III,3,302,GP33026,"Pérez Palacios, Emma",Taller de Investigación III -Fundamentos de Estadistica,9.0,10.0,9.0,10.0,10.0,9.0,Sí,Sí,Sí
GESTIÓN PÚBLICA,III,3,302,GP33026,"Mejia Osorio, Amador Grover",Seminario: Inversión Pública,9.0,9.0,9.0,10.0,9.0,10.0,Sí,Sí,Sí
GESTIÓN PÚBLICA,III,3,302,GP33027,"Aquino Cavero, Darwin José Emilio",Politicas Públicas y Gobernabilidad,10.0,10.0,10.0,10.0,10.0,10.0,Sí,Sí,Sí
GESTIÓN PÚBLICA,III,3,302,GP33027,Ríos Barrientos Mario Cesar,"Seminario: Sistema Nacional de Control, Ética y Anticorrupción - (ELE)",9.0,9.0,9.0,9.0,9.0,9.0,Sí,Sí,Sí
GESTIÓN PÚBLICA,III,3,302,GP33027,"Pérez Palacios, Emma",Taller de Investigación III -Fundamentos de Estadistica,8.0,8.0,8.0,8.0,8.0,8.0,Sí,Sí,Sí
GESTIÓN PÚBLICA,III,3,302,GP33027,"Mejia Osorio, Amador Grover",Seminario: Inversión Pública,10.0,10.0,10.0,10.0,10.0,10.0,Sí,Sí,Sí
GESTIÓN PÚBLICA,IV,1,303,GP41002,"Uribe Kajatt, Justina",Taller de Investigación IV (Informe Final de Tesis),9.0,10.0,10.0,10.0,8.0,10.0,Sí,Sí,Sí
GESTIÓN PÚBLICA,IV,1,303,GP41002,"Velezmoro Ormeño, Alvaro José",Seminario: Política Fiscal y Administración Tributaria,10.0,9.0,9.0,10.0,10.0,10.0,Sí,Sí,Sí
GESTIÓN PÚBLICA,IV,1,303,GP41002,"Collazos Paucar, Edwin","Seminario: Sistema Nacional de Control, Ética y Anticorrupción - (ELE)",,,,,,,,,
GESTIÓN PÚBLICA,IV,1,303,GP41002,"Abad Cáceres, Pedro Luis",Seminario: Descentralización y Desarrollo Territorial,,,,,,,,,
GESTIÓN PÚBLICA,IV,1,303,GP41001,"Uribe Kajatt, Justina",Taller de Investigación IV (Informe Final de Tesis),10.0,8.0,9.0,8.0,8.0,9.0,Sí,Sí,Sí
GESTIÓN PÚBLICA,IV,1,303,GP41001,"Velezmoro Ormeño, Alvaro José",Seminario: Política Fiscal y Administración Tributaria,7.0,10.0,7.0,7.0,7.0,7.0,A veces,Sí,Sí
GESTIÓN PÚBLICA,IV,1,303,GP41001,"Collazos Paucar, Edwin","Seminario: Sistema Nacional de Control, Ética y Anticorrupción - (ELE)",9.0,8.0,7.0,8.0,8.0,8.0,Sí,Sí,Sí
GESTIÓN PÚBLICA,IV,1,303,GP41001,"Abad Cáceres, Pedro Luis",Seminario: Descentralización y Desarrollo Territorial,9.0,9.0,9.0,9.0,9.0,9.0,Sí,Sí,Sí
GESTIÓN PÚBLICA,IV,1,303,GP41004,"Uribe Kajatt, Justina",Taller de Investigación IV (Informe Final de Tesis),10.0,10.0,10.0,10.0,10.0,10.0,Sí,Sí,Sí
GESTIÓN PÚBLICA,IV,1,303,GP41004,"Velezmoro Ormeño, Alvaro José",Seminario: Política Fiscal y Administración Tributaria,8.0,9.0,9.0,9.0,9.0,9.0,Sí,Sí,Sí
GESTIÓN PÚBLICA,IV,1,303,GP41004,"Collazos Paucar, Edwin","Seminario: Sistema Nacional de Control, Ética y Anticorrupción - (ELE)",10.0,10.0,10.0,10.0,10.0,10.0,No,Sí,Sí
GESTIÓN PÚBLICA,IV,1,303,GP41004,"Abad Cáceres, Pedro Luis",Seminario: Descentralización y Desarrollo Territorial,10.0,10.0,10.0,10.0,10.0,10.0,Sí,Sí,Sí
GESTIÓN PÚBLICA,IV,1,303,GP41005,"Uribe Kajatt, Justina",Taller de Investigación IV (Informe Final de Tesis),8.0,9.0,10.0,9.0,8.0,9.0,Sí,Sí,Sí
GESTIÓN PÚBLICA,IV,1,303,GP41005,"Velezmoro Ormeño, Alvaro José",Seminario: Política Fiscal y Administración Tributaria,7.0,8.0,8.0,7.0,7.0,7.0,A veces,Sí,Sí
GESTIÓN PÚBLICA,IV,1,303,GP41005,"Collazos Paucar, Edwin","Seminario: Sistema Nacional de Control, Ética y Anticorrupción - (ELE)",,,,,,,,,
GESTIÓN PÚBLICA,IV,1,303,GP41005,"Abad Cáceres, Pedro Luis",Seminario: Descentralización y Desarrollo Territorial,8.0,10.0,10.0,9.0,8.0,8.0,Sí,Sí,Sí
GESTIÓN PÚBLICA,IV,1,303,GP41006,"Uribe Kajatt, Justina",Taller de Investigación IV (Informe Final de Tesis),10.0,10.0,10.0,10.0,10.0,10.0,Sí,Sí,Sí
GESTIÓN PÚBLICA,IV,1,303,GP41006,"Velezmoro Ormeño, Alvaro José",Seminario: Política Fiscal y Administración Tributaria,10.0,10.0,10.0,10.0,10.0,10.0,Sí,Sí,Sí
GESTIÓN PÚBLICA,IV,1,303,GP41006,"Collazos Paucar, Edwin","Seminario: Sistema Nacional de Control, Ética y Anticorrupción - (ELE)",10.0,10.0,10.0,10.0,10.0,10.0,Sí,Sí,Sí
GESTIÓN PÚBLICA,IV,1,303,GP41006,"Abad Cáceres, Pedro Luis",Seminario: Descentralización y Desarrollo Territorial,10.0,10.0,10.0,10.0,10.0,10.0,Sí,Sí,Sí
GESTIÓN PÚBLICA,IV,1,303,GP41007,"Uribe Kajatt, Justina",Taller de Investigación IV (Informe Final de Tesis),9.0,10.0,9.0,9.0,9.0,9.0,Sí,Sí,Sí
GESTIÓN PÚBLICA,IV,1,303,GP41007,"Velezmoro Ormeño, Alvaro José",Seminario: Política Fiscal y Administración Tributaria,8.0,9.0,8.0,9.0,9.0,8.0,Sí,Sí,Sí
GESTIÓN PÚBLICA,IV,1,303,GP41007,"Collazos Paucar, Edwin","Seminario: Sistema Nacional de Control, Ética y Anticorrupción - (ELE)",,,,,,,,,
GESTIÓN PÚBLICA,IV,1,303,GP41007,"Abad Cáceres, Pedro Luis",Seminario: Descentralización y Desarrollo Territorial,9.0,9.0,10.0,9.0,10.0,9.0,Sí,Sí,Sí
GESTIÓN PÚBLICA,IV,1,303,GP41008,"Uribe Kajatt, Justina",Taller de Investigación IV (Informe Final de Tesis),10.0,10.0,9.0,9.0,9.0,10.0,Sí,Sí,Sí
GESTIÓN PÚBLICA,IV,1,303,GP41008,"Velezmoro Ormeño, Alvaro José",Seminario: Política Fiscal y Administración Tributaria,,,,,,,,,
GESTIÓN PÚBLICA,IV,1,303,GP41008,"Collazos Paucar, Edwin","Seminario: Sistema Nacional de Control, Ética y Anticorrupción - (ELE)",,,,,,,,,
GESTIÓN PÚBLICA,IV,1,303,GP41008,"Abad Cáceres, Pedro Luis",Seminario: Descentralización y Desarrollo Territorial,9.0,9.0,9.0,9.0,9.0,9.0,Sí,Sí,Sí
GESTIÓN PÚBLICA,IV,1,303,GP41009,"Uribe Kajatt, Justina",Taller de Investigación IV (Informe Final de Tesis),9.0,9.0,9.0,9.0,9.0,9.0,Sí,Sí,Sí
GESTIÓN PÚBLICA,IV,1,303,GP41009,"Velezmoro Ormeño, Alvaro José",Seminario: Política Fiscal y Administración Tributaria,7.0,8.0,7.0,7.0,7.0,7.0,Sí,Sí,Sí
GESTIÓN PÚBLICA,IV,1,303,GP41009,"Collazos Paucar, Edwin","Seminario: Sistema Nacional de Control, Ética y Anticorrupción - (ELE)",8.0,8.0,8.0,8.0,7.0,7.0,No,Sí,Sí
GESTIÓN PÚBLICA,IV,1,303,GP41009,"Abad Cáceres, Pedro Luis",Seminario: Descentralización y Desarrollo Territorial,9.0,9.0,9.0,8.0,9.0,8.0,Sí,Sí,Sí
GESTIÓN PÚBLICA,IV,1,303,GP41010,"Uribe Kajatt, Justina",Taller de Investigación IV (Informe Final de Tesis),9.0,9.0,9.0,9.0,9.0,9.0,Sí,Sí,Sí
GESTIÓN PÚBLICA,IV,1,303,GP41010,"Velezmoro Ormeño, Alvaro José",Seminario: Política Fiscal y Administración Tributaria,,,,,,,,,
GESTIÓN PÚBLICA,IV,1,303,GP41010,"Collazos Paucar, Edwin","Seminario: Sistema Nacional de Control, Ética y Anticorrupción - (ELE)",,,,,,,,,
GESTIÓN PÚBLICA,IV,1,303,GP41010,"Abad Cáceres, Pedro Luis",Seminario: Descentralización y Desarrollo Territorial,,,,,,,,,
GESTIÓN PÚBLICA,IV,1,303,GP41011,"Uribe Kajatt, Justina",Taller de Investigación IV (Informe Final de Tesis),10.0,10.0,10.0,10.0,10.0,10.0,Sí,Sí,Sí
GESTIÓN PÚBLICA,IV,1,303,GP41011,"Velezmoro Ormeño, Alvaro José",Seminario: Política Fiscal y Administración Tributaria,,,,,,,,,
GESTIÓN PÚBLICA,IV,1,303,GP41011,"Collazos Paucar, Edwin","Seminario: Sistema Nacional de Control, Ética y Anticorrupción - (ELE)",,,,,,,,,
GESTIÓN PÚBLICA,IV,1,303,GP41011,"Abad Cáceres, Pedro Luis",Seminario: Descentralización y Desarrollo Territorial,,,,,,,,,
GESTIÓN PÚBLICA,IV,1,303,GP41012,"Uribe Kajatt, Justina",Taller de Investigación IV (Informe Final de Tesis),10.0,10.0,10.0,10.0,10.0,10.0,Sí,Sí,Sí
GESTIÓN PÚBLICA,IV,1,303,GP41012,"Velezmoro Ormeño, Alvaro José",Seminario: Política Fiscal y Administración Tributaria,8.0,8.0,8.0,8.0,8.0,8.0,Sí,Sí,Sí
GESTIÓN PÚBLICA,IV,1,303,GP41012,"Collazos Paucar, Edwin","Seminario: Sistema Nacional de Control, Ética y Anticorrupción - (ELE)",8.0,8.0,8.0,8.0,8.0,8.0,Sí,Sí,Sí
GESTIÓN PÚBLICA,IV,1,303,GP41012,"Abad Cáceres, Pedro Luis",Seminario: Descentralización y Desarrollo Territorial,8.0,8.0,8.0,8.0,8.0,8.0,Sí,Sí,Sí
GESTIÓN PÚBLICA,IV,1,303,GP41013,"Uribe Kajatt, Justina",Taller de Investigación IV (Informe Final de Tesis),10.0,10.0,10.0,10.0,10.0,10.0,Sí,Sí,Sí
GESTIÓN PÚBLICA,IV,1,303,GP41013,"Velezmoro Ormeño, Alvaro José",Seminario: Política Fiscal y Administración Tributaria,7.0,9.0,8.0,7.0,6.0,6.0,Sí,Sí,Sí
GESTIÓN PÚBLICA,IV,1,303,GP41013,"Collazos Paucar, Edwin","Seminario: Sistema Nacional de Control, Ética y Anticorrupción - (ELE)",,,,,,,,,
GESTIÓN PÚBLICA,IV,1,303,GP41013,"Abad Cáceres, Pedro Luis",Seminario: Descentralización y Desarrollo Territorial,8.0,9.0,8.0,8.0,7.0,8.0,Sí,Sí,Sí
GESTIÓN PÚBLICA,IV,1,303,GP41014,"Uribe Kajatt, Justina",Taller de Investigación IV (Informe Final de Tesis),10.0,10.0,10.0,10.0,10.0,10.0,Sí,Sí,Sí
GESTIÓN PÚBLICA,IV,1,303,GP41014,"Velezmoro Ormeño, Alvaro José",Seminario: Política Fiscal y Administración Tributaria,7.0,9.0,8.0,7.0,6.0,6.0,Sí,Sí,Sí
GESTIÓN PÚBLICA,IV,1,303,GP41014,"Collazos Paucar, Edwin","Seminario: Sistema Nacional de Control, Ética y Anticorrupción - (ELE)",,,,,,,,,
GESTIÓN PÚBLICA,IV,1,303,GP41014,"Abad Cáceres, Pedro Luis",Seminario: Descentralización y Desarrollo Territorial,8.0,9.0,8.0,8.0,7.0,8.0,Sí,Sí,Sí
GESTIÓN PÚBLICA,IV,1,303,GP41003,"Uribe Kajatt, Justina",Taller de Investigación IV (Informe Final de Tesis),10.0,10.0,10.0,10.0,10.0,10.0,,,
GESTIÓN PÚBLICA,IV,1,303,GP41003,"Velezmoro Ormeño, Alvaro José",Seminario: Política Fiscal y Administración Tributaria,7.0,9.0,8.0,7.0,7.0,8.0,,,
GESTIÓN PÚBLICA,IV,1,303,GP41003,"Roncal Villanueva, Victor Augusto",Seminario: Gestión por Procesos en la Administración Pública - (ELE),6.0,6.0,6.0,1.0,1.0,1.0,,,
GESTIÓN PÚBLICA,IV,1,303,GP41003,"Abad Cáceres, Pedro Luis",Seminario: Descentralización y Desarrollo Territorial,10.0,10.0,10.0,10.0,10.0,10.0,,,
GESTIÓN PÚBLICA,IV,2,305,GP42001,"Mendoza Nava, Armando",Seminario: Política Fiscal y Administración Tributaria,10.0,10.0,10.0,10.0,9.0,10.0,Sí,Sí,Sí
GESTIÓN PÚBLICA,IV,2,305,GP42001,"Roncal Villanueva, Victor Augusto",Seminario: Gestión por Procesos en la Administración Pública - (ELE),,,,,,,,,
GESTIÓN PÚBLICA,IV,2,305,GP42001,"Molero Coca, Luis Alberto",Seminario: Descentralización y Desarrollo Territorial,10.0,10.0,10.0,10.0,9.0,10.0,Sí,Sí,Sí
GESTIÓN PÚBLICA,IV,2,305,GP42001,"Uribe Kajatt, Justina",Taller de Investigación IV (Informe Final de Tesis),,,,,,,,,
GESTIÓN PÚBLICA,IV,2,305,GP42002,"Mendoza Nava, Armando",Seminario: Política Fiscal y Administración Tributaria,10.0,10.0,10.0,10.0,10.0,10.0,Sí,Sí,Sí
GESTIÓN PÚBLICA,IV,2,305,GP42002,"Roncal Villanueva, Victor Augusto",Seminario: Gestión por Procesos en la Administración Pública - (ELE),10.0,10.0,10.0,10.0,10.0,10.0,Sí,Sí,Sí
GESTIÓN PÚBLICA,IV,2,305,GP42002,"Molero Coca, Luis Alberto",Seminario: Descentralización y Desarrollo Territorial,10.0,10.0,10.0,10.0,10.0,10.0,Sí,Sí,Sí
GESTIÓN PÚBLICA,IV,2,305,GP42002,"Uribe Kajatt, Justina",Taller de Investigación IV (Informe Final de Tesis),8.0,10.0,9.0,10.0,10.0,10.0,Sí,Sí,Sí
GESTIÓN PÚBLICA,IV,2,305,GP42003,"Mendoza Nava, Armando",Seminario: Política Fiscal y Administración Tributaria,2.0,2.0,2.0,1.0,1.0,1.0,Sí,Sí,Sí
GESTIÓN PÚBLICA,IV,2,305,GP42003,"Roncal Villanueva, Victor Augusto",Seminario: Gestión por Procesos en la Administración Pública - (ELE),8.0,8.0,8.0,8.0,8.0,8.0,Sí,Sí,Sí
GESTIÓN PÚBLICA,IV,2,305,GP42003,"Molero Coca, Luis Alberto",Seminario: Descentralización y Desarrollo Territorial,10.0,10.0,8.0,8.0,8.0,9.0,Sí,Sí,Sí
GESTIÓN PÚBLICA,IV,2,305,GP42003,"Uribe Kajatt, Justina",Taller de Investigación IV (Informe Final de Tesis),8.0,8.0,8.0,8.0,8.0,8.0,Sí,Sí,Sí
GESTIÓN PÚBLICA,IV,2,305,GP42004,"Mendoza Nava, Armando",Seminario: Política Fiscal y Administración Tributaria,8.0,9.0,8.0,9.0,8.0,8.0,Sí,Sí,Sí
GESTIÓN PÚBLICA,IV,2,305,GP42004,"Roncal Villanueva, Victor Augusto",Seminario: Gestión por Procesos en la Administración Pública - (ELE),,,,,,,,,
GESTIÓN PÚBLICA,IV,2,305,GP42004,"Molero Coca, Luis Alberto",Seminario: Descentralización y Desarrollo Territorial,9.0,10.0,9.0,9.0,9.0,9.0,Sí,Sí,Sí
GESTIÓN PÚBLICA,IV,2,305,GP42004,"Uribe Kajatt, Justina",Taller de Investigación IV (Informe Final de Tesis),8.0,10.0,8.0,9.0,8.0,8.0,Sí,Sí,Sí
GESTIÓN PÚBLICA,IV,2,305,GP42005,"Mendoza Nava, Armando",Seminario: Política Fiscal y Administración Tributaria,10.0,9.0,,9.0,8.0,9.0,Sí,Sí,Sí
GESTIÓN PÚBLICA,IV,2,305,GP42005,"Roncal Villanueva, Victor Augusto",Seminario: Gestión por Procesos en la Administración Pública - (ELE),,,,,,,,,
GESTIÓN PÚBLICA,IV,2,305,GP42005,"Molero Coca, Luis Alberto",Seminario: Descentralización y Desarrollo Territorial,10.0,10.0,9.0,9.0,5.0,8.0,Sí,Sí,Sí
GESTIÓN PÚBLICA,IV,2,305,GP42005,"Uribe Kajatt, Justina",Taller de Investigación IV (Informe Final de Tesis),10.0,9.0,9.0,9.0,8.0,9.0,Sí,Sí,Sí
GESTIÓN PÚBLICA,IV,2,305,GP42006,"Mendoza Nava, Armando",Seminario: Política Fiscal y Administración Tributaria,10.0,10.0,10.0,10.0,10.0,10.0,Sí,Sí,Sí
GESTIÓN PÚBLICA,IV,2,305,GP42006,"Roncal Villanueva, Victor Augusto",Seminario: Gestión por Procesos en la Administración Pública - (ELE),10.0,10.0,10.0,10.0,10.0,10.0,Sí,Sí,Sí
GESTIÓN PÚBLICA,IV,2,305,GP42006,"Molero Coca, Luis Alberto",Seminario: Descentralización y Desarrollo Territorial,10.0,10.0,10.0,10.0,10.0,10.0,Sí,Sí,Sí
GESTIÓN PÚBLICA,IV,2,305,GP42006,"Uribe Kajatt, Justina",Taller de Investigación IV (Informe Final de Tesis),9.0,9.0,8.0,9.0,8.0,9.0,Sí,Sí,Sí
GESTIÓN PÚBLICA,IV,2,305,GP42007,"Mendoza Nava, Armando",Seminario: Política Fiscal y Administración Tributaria,8.0,8.0,8.0,8.0,8.0,8.0,Sí,Sí,Sí
GESTIÓN PÚBLICA,IV,2,305,GP42007,"Roncal Villanueva, Victor Augusto",Seminario: Gestión por Procesos en la Administración Pública - (ELE),7.0,7.0,7.0,7.0,7.0,7.0,Sí,Sí,Sí
GESTIÓN PÚBLICA,IV,2,305,GP42007,"Molero Coca, Luis Alberto",Seminario: Descentralización y Desarrollo Territorial,8.0,8.0,8.0,8.0,8.0,8.0,Sí,Sí,Sí
GESTIÓN PÚBLICA,IV,2,305,GP42007,"Uribe Kajatt, Justina",Taller de Investigación IV (Informe Final de Tesis),7.0,7.0,7.0,7.0,7.0,7.0,Sí,Sí,Sí
GESTIÓN PÚBLICA,IV,2,305,GP42008,"Mendoza Nava, Armando",Seminario: Política Fiscal y Administración Tributaria,10.0,10.0,10.0,9.0,9.0,9.0,Sí,Sí,Sí
GESTIÓN PÚBLICA,IV,2,305,GP42008,"Roncal Villanueva, Victor Augusto",Seminario: Gestión por Procesos en la Administración Pública - (ELE),9.0,10.0,10.0,9.0,9.0,9.0,Sí,Sí,Sí
GESTIÓN PÚBLICA,IV,2,305,GP42008,"Molero Coca, Luis Alberto",Seminario: Descentralización y Desarrollo Territorial,9.0,10.0,10.0,9.0,9.0,9.0,Sí,Sí,Sí
GESTIÓN PÚBLICA,IV,2,305,GP42008,"Uribe Kajatt, Justina",Taller de Investigación IV (Informe Final de Tesis),10.0,10.0,10.0,9.0,10.0,10.0,Sí,Sí,Sí
GESTIÓN PÚBLICA,IV,2,305,GP42009,"Mendoza Nava, Armando",Seminario: Política Fiscal y Administración Tributaria,9.0,9.0,9.0,9.0,9.0,9.0,Sí,Sí,Sí
GESTIÓN PÚBLICA,IV,2,305,GP42009,"Roncal Villanueva, Victor Augusto",Seminario: Gestión por Procesos en la Administración Pública - (ELE),9.0,9.0,9.0,9.0,9.0,9.0,Sí,Sí,Sí
GESTIÓN PÚBLICA,IV,2,305,GP42009,"Molero Coca, Luis Alberto",Seminario: Descentralización y Desarrollo Territorial,8.0,9.0,8.0,9.0,9.0,8.0,Sí,Sí,Sí
GESTIÓN PÚBLICA,IV,2,305,GP42009,"Uribe Kajatt, Justina",Taller de Investigación IV (Informe Final de Tesis),9.0,8.0,9.0,8.0,9.0,9.0,Sí,Sí,Sí
GESTIÓN PÚBLICA,IV,2,305,GP42010,"Mendoza Nava, Armando",Seminario: Política Fiscal y Administración Tributaria,8.0,8.0,8.0,7.0,7.0,7.0,Sí,A veces,A veces
GESTIÓN PÚBLICA,IV,2,305,GP42010,"Roncal Villanueva, Victor Augusto",Seminario: Gestión por Procesos en la Administración Pública - (ELE),6.0,8.0,7.0,6.0,6.0,6.0,A veces,A veces,A veces
GESTIÓN PÚBLICA,IV,2,305,GP42010,"Molero Coca, Luis Alberto",Seminario: Descentralización y Desarrollo Territorial,5.0,5.0,6.0,7.0,7.0,6.0,Sí,A veces,A veces
GESTIÓN PÚBLICA,IV,2,305,GP42010,"Uribe Kajatt, Justina",Taller de Investigación IV (Informe Final de Tesis),8.0,8.0,8.0,7.0,8.0,8.0,Sí,Sí,Sí
GESTIÓN PÚBLICA,IV,2,305,GP42011,"Mendoza Nava, Armando",Seminario: Política Fiscal y Administración Tributaria,9.0,9.0,9.0,9.0,9.0,9.0,Sí,Sí,Sí
GESTIÓN PÚBLICA,IV,2,305,GP42011,"Aguilar Vargas, Karen Verónica",Seminario: Innovación de la Gestión y Calidad de los Servicios Públicos - (ELE),10.0,10.0,10.0,10.0,10.0,10.0,Sí,Sí,Sí
GESTIÓN PÚBLICA,IV,2,305,GP42011,"Molero Coca, Luis Alberto",Seminario: Descentralización y Desarrollo Territorial,8.0,7.0,8.0,7.0,6.0,7.0,Sí,Sí,Sí
GESTIÓN PÚBLICA,IV,2,305,GP42011,"Uribe Kajatt, Justina",Taller de Investigación IV (Informe Final de Tesis),9.0,8.0,8.0,9.0,8.0,7.0,Sí,Sí,Sí
GESTIÓN PÚBLICA,IV,2,305,GP42012,"Mendoza Nava, Armando",Seminario: Política Fiscal y Administración Tributaria,10.0,10.0,10.0,10.0,10.0,10.0,Sí,Sí,Sí
GESTIÓN PÚBLICA,IV,2,305,GP42012,"Roncal Villanueva, Victor Augusto",Seminario: Gestión por Procesos en la Administración Pública - (ELE),9.0,9.0,9.0,9.0,9.0,9.0,Sí,Sí,Sí
GESTIÓN PÚBLICA,IV,2,305,GP42012,"Molero Coca, Luis Alberto",Seminario: Descentralización y Desarrollo Territorial,10.0,10.0,10.0,10.0,10.0,10.0,Sí,Sí,Sí
GESTIÓN PÚBLICA,IV,2,305,GP42012,"Uribe Kajatt, Justina",Taller de Investigación IV (Informe Final de Tesis),10.0,10.0,10.0,10.0,10.0,10.0,Sí,Sí,Sí
GESTIÓN PÚBLICA,IV,2,305,GP42013,"Mendoza Nava, Armando",Seminario: Política Fiscal y Administración Tributaria,8.0,8.0,8.0,8.0,8.0,8.0,Sí,Sí,Sí
GESTIÓN PÚBLICA,IV,2,305,GP42013,"Roncal Villanueva, Victor Augusto",Seminario: Gestión por Procesos en la Administración Pública - (ELE),7.0,7.0,7.0,7.0,7.0,7.0,A veces,A veces,A veces
GESTIÓN PÚBLICA,IV,2,305,GP42013,"Molero Coca, Luis Alberto",Seminario: Descentralización y Desarrollo Territorial,8.0,8.0,8.0,8.0,8.0,8.0,Sí,Sí,Sí
GESTIÓN PÚBLICA,IV,2,305,GP42013,"Uribe Kajatt, Justina",Taller de Investigación IV (Informe Final de Tesis),6.0,6.0,6.0,6.0,6.0,6.0,Sí,Sí,Sí
GESTIÓN PÚBLICA,IV,2,305,GP42014,"Mendoza Nava, Armando",Seminario: Política Fiscal y Administración Tributaria,10.0,10.0,10.0,10.0,10.0,10.0,Sí,Sí,Sí
GESTIÓN PÚBLICA,IV,2,305,GP42014,"Roncal Villanueva, Victor Augusto",Seminario: Gestión por Procesos en la Administración Pública - (ELE),,,,,,,,,
GESTIÓN PÚBLICA,IV,2,305,GP42014,"Molero Coca, Luis Alberto",Seminario: Descentralización y Desarrollo Territorial,10.0,10.0,10.0,10.0,10.0,10.0,Sí,Sí,Sí
GESTIÓN PÚBLICA,IV,2,305,GP42014,"Uribe Kajatt, Justina",Taller de Investigación IV (Informe Final de Tesis),10.0,10.0,10.0,10.0,10.0,10.0,Sí,Sí,Sí
GESTIÓN PÚBLICA,IV,2,305,GP42015,"Mendoza Nava, Armando",Seminario: Política Fiscal y Administración Tributaria,10.0,10.0,10.0,10.0,10.0,10.0,Sí,Sí,Sí
GESTIÓN PÚBLICA,IV,2,305,GP42015,"Javes Sanchez, Augusto Francisco",Seminario: Logistica y Contrataciones Públicas - (ELE),10.0,10.0,10.0,10.0,10.0,10.0,Sí,Sí,Sí
GESTIÓN PÚBLICA,IV,2,305,GP42015,"Molero Coca, Luis Alberto",Seminario: Descentralización y Desarrollo Territorial,10.0,10.0,10.0,10.0,10.0,10.0,Sí,Sí,Sí
GESTIÓN PÚBLICA,IV,2,305,GP42015,"Uribe Kajatt, Justina",Taller de Investigación IV (Informe Final de Tesis),10.0,10.0,10.0,10.0,10.0,10.0,Sí,Sí,Sí
GESTIÓN PÚBLICA,IV,2,305,GP42016,"Mendoza Nava, Armando",Seminario: Política Fiscal y Administración Tributaria,10.0,10.0,10.0,10.0,10.0,10.0,Sí,Sí,Sí
GESTIÓN PÚBLICA,IV,2,305,GP42016,"Roncal Villanueva, Victor Augusto",Seminario: Gestión por Procesos en la Administración Pública - (ELE),10.0,10.0,10.0,10.0,10.0,10.0,Sí,Sí,Sí
GESTIÓN PÚBLICA,IV,2,305,GP42016,"Molero Coca, Luis Alberto",Seminario: Descentralización y Desarrollo Territorial,10.0,10.0,10.0,10.0,10.0,10.0,Sí,Sí,Sí
GESTIÓN PÚBLICA,IV,2,305,GP42016,"Uribe Kajatt, Justina",Taller de Investigación IV (Informe Final de Tesis),10.0,10.0,10.0,10.0,10.0,10.0,Sí,Sí,Sí
GESTIÓN PÚBLICA,IV,2,305,GP42017,"Mendoza Nava, Armando",Seminario: Política Fiscal y Administración Tributaria,9.0,9.0,9.0,9.0,9.0,9.0,Sí,Sí,Sí
GESTIÓN PÚBLICA,IV,2,305,GP42017,"Roncal Villanueva, Victor Augusto",Seminario: Gestión por Procesos en la Administración Pública - (ELE),,,,,,,,,
GESTIÓN PÚBLICA,IV,2,305,GP42017,"Molero Coca, Luis Alberto",Seminario: Descentralización y Desarrollo Territorial,9.0,9.0,9.0,9.0,9.0,9.0,Sí,Sí,Sí
GESTIÓN PÚBLICA,IV,2,305,GP42017,"Uribe Kajatt, Justina",Taller de Investigación IV (Informe Final de Tesis),9.0,9.0,9.0,9.0,9.0,9.0,Sí,Sí,Sí
GESTIÓN PÚBLICA,IV,2,305,GP42018,"Mendoza Nava, Armando",Seminario: Política Fiscal y Administración Tributaria,10.0,10.0,10.0,10.0,9.0,9.0,Sí,Sí,Sí
GESTIÓN PÚBLICA,IV,2,305,GP42018,"Roncal Villanueva, Victor Augusto",Seminario: Gestión por Procesos en la Administración Pública - (ELE),6.0,7.0,7.0,7.0,5.0,4.0,A veces,Sí,A veces
GESTIÓN PÚBLICA,IV,2,305,GP42018,"Molero Coca, Luis Alberto",Seminario: Descentralización y Desarrollo Territorial,10.0,10.0,9.0,9.0,9.0,9.0,Sí,Sí,Sí
GESTIÓN PÚBLICA,IV,2,305,GP42018,"Uribe Kajatt, Justina",Taller de Investigación IV (Informe Final de Tesis),9.0,9.0,10.0,9.0,9.0,9.0,Sí,Sí,Sí
GESTIÓN PÚBLICA,IV,2,305,GP42019,"Mendoza Nava, Armando",Seminario: Política Fiscal y Administración Tributaria,7.0,8.0,7.0,6.0,8.0,7.0,Sí,A veces,Sí
GESTIÓN PÚBLICA,IV,2,305,GP42019,"Roncal Villanueva, Victor Augusto",Seminario: Gestión por Procesos en la Administración Pública - (ELE),,,,,,,,,
GESTIÓN PÚBLICA,IV,2,305,GP42019,"Molero Coca, Luis Alberto",Seminario: Descentralización y Desarrollo Territorial,7.0,8.0,9.0,7.0,7.0,8.0,Sí,A veces,Sí
GESTIÓN PÚBLICA,IV,2,305,GP42019,"Uribe Kajatt, Justina",Taller de Investigación IV (Informe Final de Tesis),8.0,6.0,6.0,6.0,7.0,7.0,Sí,Sí,Sí
GESTIÓN PÚBLICA,IV,2,305,GP42020,"Mendoza Nava, Armando",Seminario: Política Fiscal y Administración Tributaria,9.0,9.0,9.0,9.0,9.0,9.0,Sí,Sí,Sí
GESTIÓN PÚBLICA,IV,2,305,GP42020,"Roncal Villanueva, Victor Augusto",Seminario: Gestión por Procesos en la Administración Pública - (ELE),9.0,9.0,9.0,10.0,9.0,9.0,Sí,Sí,Sí
GESTIÓN PÚBLICA,IV,2,305,GP42020,"Molero Coca, Luis Alberto",Seminario: Descentralización y Desarrollo Territorial,9.0,10.0,9.0,10.0,9.0,9.0,Sí,Sí,Sí
GESTIÓN PÚBLICA,IV,2,305,GP42020,"Uribe Kajatt, Justina",Taller de Investigación IV (Informe Final de Tesis),9.0,9.0,9.0,9.0,9.0,9.0,Sí,Sí,Sí
GESTIÓN PÚBLICA,IV,2,305,GP42021,"Mendoza Nava, Armando",Seminario: Política Fiscal y Administración Tributaria,8.0,10.0,8.0,7.0,8.0,8.0,Sí,Sí,Sí
GESTIÓN PÚBLICA,IV,2,305,GP42021,"Roncal Villanueva, Victor Augusto",Seminario: Gestión por Procesos en la Administración Pública - (ELE),9.0,10.0,8.0,8.0,7.0,8.0,Sí,Sí,Sí
GESTIÓN PÚBLICA,IV,2,305,GP42021,"Molero Coca, Luis Alberto",Seminario: Descentralización y Desarrollo Territorial,8.0,10.0,7.0,8.0,7.0,8.0,Sí,Sí,Sí
GESTIÓN PÚBLICA,IV,2,305,GP42021,"Uribe Kajatt, Justina",Taller de Investigación IV (Informe Final de Tesis),9.0,9.0,9.0,8.0,8.0,8.0,Sí,Sí,Sí
GESTIÓN PÚBLICA,IV,2,305,GP42022,"Mendoza Nava, Armando",Seminario: Política Fiscal y Administración Tributaria,10.0,10.0,10.0,10.0,10.0,10.0,Sí,Sí,Sí
GESTIÓN PÚBLICA,IV,2,305,GP42022,"Roncal Villanueva, Victor Augusto",Seminario: Gestión por Procesos en la Administración Pública - (ELE),10.0,10.0,10.0,10.0,10.0,10.0,Sí,Sí,Sí
GESTIÓN PÚBLICA,IV,2,305,GP42022,"Molero Coca, Luis Alberto",Seminario: Descentralización y Desarrollo Territorial,10.0,10.0,10.0,10.0,10.0,10.0,Sí,Sí,Sí
GESTIÓN PÚBLICA,IV,2,305,GP42022,"Uribe Kajatt, Justina",Taller de Investigación IV (Informe Final de Tesis),10.0,10.0,10.0,10.0,10.0,10.0,Sí,Sí,Sí
GESTIÓN PÚBLICA,IV,2,305,GP42023,"Mendoza Nava, Armando",Seminario: Política Fiscal y Administración Tributaria,8.0,9.0,8.0,8.0,8.0,9.0,Sí,Sí,Sí
GESTIÓN PÚBLICA,IV,2,305,GP42023,"Collazos Paucar, Edwin","Seminario: Sistema Nacional de Control, Ética y Anticorrupción - (ELE)",8.0,8.0,8.0,7.0,7.0,8.0,Sí,Sí,No
GESTIÓN PÚBLICA,IV,2,305,GP42023,"Molero Coca, Luis Alberto",Seminario: Descentralización y Desarrollo Territorial,7.0,9.0,8.0,8.0,6.0,7.0,Sí,Sí,Sí
GESTIÓN PÚBLICA,IV,2,305,GP42023,"Uribe Kajatt, Justina",Taller de Investigación IV (Informe Final de Tesis),8.0,8.0,8.0,8.0,7.0,8.0,Sí,Sí,Sí
GESTIÓN PÚBLICA,IV,2,305,GP42024,"Mendoza Nava, Armando",Seminario: Política Fiscal y Administración Tributaria,9.0,10.0,8.0,8.0,9.0,9.0,Sí,Sí,Sí
GESTIÓN PÚBLICA,IV,2,305,GP42024,"Collazos Paucar, Edwin","Seminario: Sistema Nacional de Control, Ética y Anticorrupción - (ELE)",8.0,10.0,8.0,8.0,9.0,9.0,Sí,Sí,Sí
GESTIÓN PÚBLICA,IV,2,305,GP42024,"Molero Coca, Luis Alberto",Seminario: Descentralización y Desarrollo Territorial,7.0,9.0,6.0,7.0,5.0,7.0,Sí,Sí,No
GESTIÓN PÚBLICA,IV,2,305,GP42024,"Uribe Kajatt, Justina",Taller de Investigación IV (Informe Final de Tesis),8.0,9.0,8.0,9.0,8.0,8.0,Sí,Sí,Sí
GESTIÓN PÚBLICA,IV,2,305,GP42025,"Mendoza Nava, Armando",Seminario: Política Fiscal y Administración Tributaria,9.0,10.0,9.0,10.0,9.0,9.0,Sí,Sí,Sí
GESTIÓN PÚBLICA,IV,2,305,GP42025,"Collazos Paucar, Edwin","Seminario: Sistema Nacional de Control, Ética y Anticorrupción - (ELE)",10.0,9.0,9.0,9.0,9.0,9.0,Sí,Sí,Sí
GESTIÓN PÚBLICA,IV,2,305,GP42025,"Molero Coca, Luis Alberto",Seminario: Descentralización y Desarrollo Territorial,8.0,10.0,5.0,5.0,1.0,5.0,Sí,Sí,Sí
GESTIÓN PÚBLICA,IV,2,305,GP42025,"Uribe Kajatt, Justina",Taller de Investigación IV (Informe Final de Tesis),9.0,9.0,7.0,7.0,5.0,7.0,Sí,Sí,Sí
GESTIÓN PÚBLICA,IV,2,305,GP42026,"Mendoza Nava, Armando",Seminario: Política Fiscal y Administración Tributaria,10.0,10.0,10.0,10.0,10.0,10.0,Sí,Sí,Sí
GESTIÓN PÚBLICA,IV,2,305,GP42026,"Roncal Villanueva, Victor Augusto",Seminario: Gestión por Procesos en la Administración Pública - (ELE),10.0,10.0,10.0,10.0,10.0,10.0,A veces,Sí,Sí
GESTIÓN PÚBLICA,IV,2,305,GP42026,"Molero Coca, Luis Alberto",Seminario: Descentralización y Desarrollo Territorial,10.0,10.0,9.0,9.0,9.0,10.0,Sí,Sí,Sí
GESTIÓN PÚBLICA,IV,2,305,GP42026,"Uribe Kajatt, Justina",Taller de Investigación IV (Informe Final de Tesis),10.0,10.0,10.0,10.0,10.0,10.0,Sí,Sí,Sí
GESTIÓN PÚBLICA,IV,2,305,GP42027,"Mendoza Nava, Armando",Seminario: Política Fiscal y Administración Tributaria,10.0,10.0,10.0,9.0,9.0,10.0,Sí,Sí,A veces
GESTIÓN PÚBLICA,IV,2,305,GP42027,"Roncal Villanueva, Victor Augusto",Seminario: Gestión por Procesos en la Administración Pública - (ELE),,,,,,,,,
GESTIÓN PÚBLICA,IV,2,305,GP42027,"Molero Coca, Luis Alberto",Seminario: Descentralización y Desarrollo Territorial,10.0,10.0,10.0,9.0,9.0,10.0,Sí,Sí,A veces
GESTIÓN PÚBLICA,IV,2,305,GP42027,"Uribe Kajatt, Justina",Taller de Investigación IV (Informe Final de Tesis),,,,,,,,,
GESTIÓN PÚBLICA,IV,2,305,GP42028,"Mendoza Nava, Armando",Seminario: Política Fiscal y Administración Tributaria,,,,,,,,,
GESTIÓN PÚBLICA,IV,2,305,GP42028,"Roncal Villanueva, Victor Augusto",Seminario: Gestión por Procesos en la Administración Pública - (ELE),,,,,,,,,
GESTIÓN PÚBLICA,IV,2,305,GP42028,"Molero Coca, Luis Alberto",Seminario: Descentralización y Desarrollo Territorial,10.0,10.0,10.0,10.0,10.0,10.0,Sí,Sí,Sí
GESTIÓN PÚBLICA,IV,2,305,GP42028,"Uribe Kajatt, Justina",Taller de Investigación IV (Informe Final de Tesis),,,,,,,,,
GESTIÓN PÚBLICA,IV,2,305,GP42029,"Mendoza Nava, Armando",Seminario: Política Fiscal y Administración Tributaria,,,,,,,,,
GESTIÓN PÚBLICA,IV,2,305,GP42029,"Roncal Villanueva, Victor Augusto",Seminario: Gestión por Procesos en la Administración Pública - (ELE),,,,,,,,,
GESTIÓN PÚBLICA,IV,2,305,GP42029,"Molero Coca, Luis Alberto",Seminario: Descentralización y Desarrollo Territorial,10.0,10.0,10.0,10.0,10.0,10.0,Sí,Sí,Sí
GESTIÓN PÚBLICA,IV,2,305,GP42029,"Uribe Kajatt, Justina",Taller de Investigación IV (Informe Final de Tesis),,,,,,,,,
GESTIÓN PÚBLICA,IV,2,305,GP42030,"Mendoza Nava, Armando",Seminario: Política Fiscal y Administración Tributaria,9.0,9.0,8.0,8.0,9.0,8.0,Sí,Sí,Sí
GESTIÓN PÚBLICA,IV,2,305,GP42030,"Roncal Villanueva, Victor Augusto",Seminario: Gestión por Procesos en la Administración Pública - (ELE),9.0,8.0,9.0,9.0,8.0,9.0,Sí,Sí,Sí
GESTIÓN PÚBLICA,IV,2,305,GP42030,"Molero Coca, Luis Alberto",Seminario: Descentralización y Desarrollo Territorial,9.0,9.0,9.0,9.0,10.0,10.0,Sí,Sí,Sí
GESTIÓN PÚBLICA,IV,2,305,GP42030,"Uribe Kajatt, Justina",Taller de Investigación IV (Informe Final de Tesis),10.0,10.0,10.0,10.0,10.0,10.0,Sí,Sí,Sí
GESTIÓN PÚBLICA,III,5,306,GP35001,"Freyre Valladolid, Filda Mayela",Politicas Públicas y Gobernabilidad,10.0,9.0,9.0,10.0,9.0,9.0,Sí,Sí,Sí
GESTIÓN PÚBLICA,III,5,306,GP35001,"Herrera Collins, Marco Antonio Henry",Seminario: Logistica y Contrataciones Públicas - (ELE),7.0,6.0,9.0,10.0,7.0,7.0,Sí,Sí,A veces
GESTIÓN PÚBLICA,III,5,306,GP35001,"Apaza Cruz, Carmen Rocío",Seminario: Inversión Pública,7.0,9.0,9.0,10.0,9.0,9.0,Sí,A veces,No
GESTIÓN PÚBLICA,III,5,306,GP35001,"Pérez Mamani, Rubens Houson",Taller de Investigación III -Fundamentos de Estadistica,7.0,9.0,9.0,10.0,7.0,9.0,Sí,A veces,No
GESTIÓN PÚBLICA,III,5,306,GP35002,"Freyre Valladolid, Filda Mayela",Politicas Públicas y Gobernabilidad,8.0,8.0,8.0,8.0,8.0,8.0,Sí,Sí,Sí
GESTIÓN PÚBLICA,III,5,306,GP35002,"Herrera Collins, Marco Antonio Henry",Seminario: Logistica y Contrataciones Públicas - (ELE),1.0,1.0,1.0,1.0,1.0,1.0,No,No,No
GESTIÓN PÚBLICA,III,5,306,GP35002,"Apaza Cruz, Carmen Rocío",Seminario: Inversión Pública,7.0,8.0,8.0,8.0,9.0,8.0,Sí,Sí,Sí
GESTIÓN PÚBLICA,III,5,306,GP35002,"Pérez Mamani, Rubens Houson",Taller de Investigación III -Fundamentos de Estadistica,6.0,8.0,8.0,8.0,7.0,7.0,,Sí,
GESTIÓN PÚBLICA,III,5,306,GP35003,"Freyre Valladolid, Filda Mayela",Politicas Públicas y Gobernabilidad,10.0,9.0,9.0,10.0,10.0,9.0,Sí,Sí,Sí
GESTIÓN PÚBLICA,III,5,306,GP35003,"Herrera Collins, Marco Antonio Henry",Seminario: Logistica y Contrataciones Públicas - (ELE),10.0,9.0,10.0,10.0,10.0,10.0,Sí,Sí,Sí
GESTIÓN PÚBLICA,III,5,306,GP35003,"Apaza Cruz, Carmen Rocío",Seminario: Inversión Pública,9.0,10.0,10.0,8.0,9.0,10.0,Sí,Sí,Sí
GESTIÓN PÚBLICA,III,5,306,GP35003,"Pérez Mamani, Rubens Houson",Taller de Investigación III -Fundamentos de Estadistica,8.0,9.0,10.0,10.0,9.0,10.0,Sí,Sí,Sí
GESTIÓN PÚBLICA,III,5,306,GP35004,"Freyre Valladolid, Filda Mayela",Politicas Públicas y Gobernabilidad,9.0,10.0,9.0,10.0,9.0,8.0,Sí,Sí,Sí
GESTIÓN PÚBLICA,III,5,306,GP35004,"Herrera Collins, Marco Antonio Henry",Seminario: Logistica y Contrataciones Públicas - (ELE),9.0,9.0,9.0,10.0,9.0,9.0,Sí,Sí,Sí
GESTIÓN PÚBLICA,III,5,306,GP35004,"Apaza Cruz, Carmen Rocío",Seminario: Inversión Pública,9.0,10.0,10.0,10.0,9.0,10.0,Sí,Sí,Sí
GESTIÓN PÚBLICA,III,5,306,GP35004,"Pérez Mamani, Rubens Houson",Taller de Investigación III -Fundamentos de Estadistica,8.0,10.0,10.0,10.0,9.0,9.0,Sí,Sí,Sí
GESTIÓN PÚBLICA,III,5,306,GP35005,"Freyre Valladolid, Filda Mayela",Politicas Públicas y Gobernabilidad,10.0,10.0,10.0,10.0,10.0,10.0,Sí,Sí,Sí
GESTIÓN PÚBLICA,III,5,306,GP35005,"Herrera Collins, Marco Antonio Henry",Seminario: Logistica y Contrataciones Públicas - (ELE),,,,,,,,,
GESTIÓN PÚBLICA,III,5,306,GP35005,"Apaza Cruz, Carmen Rocío",Seminario: Inversión Pública,10.0,10.0,10.0,10.0,10.0,10.0,Sí,Sí,Sí
GESTIÓN PÚBLICA,III,5,306,GP35005,"Pérez Mamani, Rubens Houson",Taller de Investigación III -Fundamentos de Estadistica,,,,,,,,,
GESTIÓN PÚBLICA,III,5,306,GP35006,"Freyre Valladolid, Filda Mayela",Politicas Públicas y Gobernabilidad,8.0,8.0,8.0,8.0,8.0,8.0,Sí,Sí,Sí
GESTIÓN PÚBLICA,III,5,306,GP35006,"Herrera Collins, Marco Antonio Henry",Seminario: Logistica y Contrataciones Públicas - (ELE),1.0,1.0,1.0,1.0,1.0,1.0,Sí,Sí,Sí
GESTIÓN PÚBLICA,III,5,306,GP35006,"Apaza Cruz, Carmen Rocío",Seminario: Inversión Pública,8.0,8.0,8.0,8.0,8.0,8.0,Sí,Sí,Sí
GESTIÓN PÚBLICA,III,5,306,GP35006,"Pérez Mamani, Rubens Houson",Taller de Investigación III -Fundamentos de Estadistica,6.0,6.0,6.0,6.0,6.0,6.0,Sí,Sí,Sí
GESTIÓN PÚBLICA,III,5,306,GP35007,"Freyre Valladolid, Filda Mayela",Politicas Públicas y Gobernabilidad,10.0,10.0,10.0,10.0,10.0,10.0,Sí,Sí,Sí
GESTIÓN PÚBLICA,III,5,306,GP35007,"Herrera Collins, Marco Antonio Henry",Seminario: Logistica y Contrataciones Públicas - (ELE),9.0,8.0,2.0,2.0,3.0,2.0,Sí,Sí,Sí
GESTIÓN PÚBLICA,III,5,306,GP35007,"Apaza Cruz, Carmen Rocío",Seminario: Inversión Pública,10.0,10.0,10.0,10.0,10.0,10.0,Sí,Sí,Sí
GESTIÓN PÚBLICA,III,5,306,GP35007,"Pérez Mamani, Rubens Houson",Taller de Investigación III -Fundamentos de Estadistica,7.0,10.0,10.0,10.0,9.0,9.0,Sí,Sí,Sí
GESTIÓN PÚBLICA,III,5,306,GP35008,"Freyre Valladolid, Filda Mayela",Politicas Públicas y Gobernabilidad,7.0,7.0,7.0,7.0,7.0,7.0,Sí,Sí,Sí
GESTIÓN PÚBLICA,III,5,306,GP35008,"Herrera Collins, Marco Antonio Henry",Seminario: Logistica y Contrataciones Públicas - (ELE),5.0,5.0,5.0,4.0,2.0,3.0,Sí,Sí,Sí
GESTIÓN PÚBLICA,III,5,306,GP35008,"Apaza Cruz, Carmen Rocío",Seminario: Inversión Pública,7.0,6.0,6.0,6.0,6.0,6.0,Sí,Sí,Sí
GESTIÓN PÚBLICA,III,5,306,GP35008,"Pérez Mamani, Rubens Houson",Taller de Investigación III -Fundamentos de Estadistica,6.0,6.0,5.0,4.0,4.0,5.0,Sí,Sí,Sí
GESTIÓN PÚBLICA,III,5,306,GP35009,"Freyre Valladolid, Filda Mayela",Politicas Públicas y Gobernabilidad,10.0,10.0,10.0,10.0,10.0,10.0,Sí,Sí,Sí
GESTIÓN PÚBLICA,III,5,306,GP35009,"Herrera Collins, Marco Antonio Henry",Seminario: Logistica y Contrataciones Públicas - (ELE),10.0,10.0,10.0,10.0,10.0,10.0,Sí,Sí,Sí
GESTIÓN PÚBLICA,III,5,306,GP35009,"Apaza Cruz, Carmen Rocío",Seminario: Inversión Pública,10.0,9.0,10.0,9.0,10.0,9.0,Sí,Sí,Sí
GESTIÓN PÚBLICA,III,5,306,GP35009,"Pérez Mamani, Rubens Houson",Taller de Investigación III -Fundamentos de Estadistica,9.0,8.0,9.0,8.0,9.0,8.0,Sí,No,No
GESTIÓN PÚBLICA,III,5,306,GP35010,"Freyre Valladolid, Filda Mayela",Politicas Públicas y Gobernabilidad,9.0,10.0,9.0,9.0,10.0,9.0,Sí,Sí,Sí
GESTIÓN PÚBLICA,III,5,306,GP35010,"Peralta Loayza, Eleazar Fidel",Seminario: Gestión por Procesos en la Administración Pública - (ELE),10.0,10.0,10.0,10.0,10.0,10.0,Sí,Sí,Sí
GESTIÓN PÚBLICA,III,5,306,GP35010,"Apaza Cruz, Carmen Rocío",Seminario: Inversión Pública,10.0,10.0,10.0,10.0,10.0,10.0,Sí,Sí,Sí
GESTIÓN PÚBLICA,III,5,306,GP35010,"Pérez Mamani, Rubens Houson",Taller de Investigación III -Fundamentos de Estadistica,10.0,10.0,9.0,9.0,9.0,9.0,Sí,Sí,Sí
GESTIÓN PÚBLICA,III,5,306,GP35011,"Freyre Valladolid, Filda Mayela",Politicas Públicas y Gobernabilidad,10.0,10.0,10.0,10.0,10.0,10.0,,,
GESTIÓN PÚBLICA,III,5,306,GP35011,"Peralta Loayza, Eleazar Fidel",Seminario: Gestión por Procesos en la Administración Pública - (ELE),10.0,10.0,10.0,9.0,9.0,9.0,,,
GESTIÓN PÚBLICA,III,5,306,GP35011,"Apaza Cruz, Carmen Rocío",Seminario: Inversión Pública,8.0,8.0,9.0,10.0,9.0,10.0,,,
GESTIÓN PÚBLICA,III,5,306,GP35011,"Pérez Mamani, Rubens Houson",Taller de Investigación III -Fundamentos de Estadistica,1.0,5.0,1.0,2.0,1.0,1.0,,,
GESTIÓN PÚBLICA,III,5,306,GP35012,"Freyre Valladolid, Filda Mayela",Politicas Públicas y Gobernabilidad,10.0,10.0,10.0,10.0,10.0,10.0,Sí,Sí,Sí
GESTIÓN PÚBLICA,III,5,306,GP35012,"Herrera Cabana, Hugo Vicente",Seminario: Innovación de la Gestión y Calidad de los Servicios Públicos - (ELE),10.0,10.0,10.0,10.0,10.0,10.0,Sí,Sí,Sí
GESTIÓN PÚBLICA,III,5,306,GP35012,"Apaza Cruz, Carmen Rocío",Seminario: Inversión Pública,10.0,10.0,10.0,10.0,10.0,10.0,Sí,Sí,Sí
GESTIÓN PÚBLICA,III,5,306,GP35012,"Pérez Mamani, Rubens Houson",Taller de Investigación III -Fundamentos de Estadistica,10.0,10.0,10.0,10.0,10.0,10.0,Sí,Sí,Sí
GESTIÓN PÚBLICA,III,5,306,GP35013,"Freyre Valladolid, Filda Mayela",Politicas Públicas y Gobernabilidad,10.0,10.0,10.0,10.0,10.0,10.0,Sí,Sí,Sí
GESTIÓN PÚBLICA,III,5,306,GP35013,"Herrera Collins, Marco Antonio Henry",Seminario: Logistica y Contrataciones Públicas - (ELE),6.0,6.0,5.0,3.0,5.0,5.0,No,Sí,No
GESTIÓN PÚBLICA,III,5,306,GP35013,"Apaza Cruz, Carmen Rocío",Seminario: Inversión Pública,10.0,9.0,10.0,10.0,10.0,10.0,Sí,Sí,Sí
GESTIÓN PÚBLICA,III,5,306,GP35013,"Tassara Salviati, Carlos Francisco Jose",Comportamiento Organizacional,9.0,10.0,10.0,10.0,10.0,10.0,Sí,Sí,Sí
GESTIÓN PÚBLICA,III,5,306,GP35015,"Freyre Valladolid, Filda Mayela",Politicas Públicas y Gobernabilidad,10.0,10.0,10.0,10.0,9.0,10.0,Sí,Sí,Sí
GESTIÓN PÚBLICA,III,5,306,GP35015,"Herrera Collins, Marco Antonio Henry",Seminario: Logistica y Contrataciones Públicas - (ELE),9.0,10.0,9.0,8.0,8.0,10.0,Sí,Sí,Sí
GESTIÓN PÚBLICA,III,5,306,GP35015,"Apaza Cruz, Carmen Rocío",Seminario: Inversión Pública,10.0,10.0,10.0,10.0,9.0,10.0,Sí,Sí,Sí
GESTIÓN PÚBLICA,III,5,306,GP35015,"Pérez Mamani, Rubens Houson",Taller de Investigación III -Fundamentos de Estadistica,10.0,10.0,10.0,10.0,9.0,10.0,Sí,Sí,Sí
GESTIÓN PÚBLICA,III,5,306,GP35016,"Freyre Valladolid, Filda Mayela",Politicas Públicas y Gobernabilidad,7.0,7.0,7.0,7.0,7.0,7.0,Sí,Sí,Sí
GESTIÓN PÚBLICA,III,5,306,GP35016,"Herrera Collins, Marco Antonio Henry",Seminario: Logistica y Contrataciones Públicas - (ELE),6.0,6.0,6.0,6.0,6.0,6.0,A veces,Sí,Sí
GESTIÓN PÚBLICA,III,5,306,GP35016,"Apaza Cruz, Carmen Rocío",Seminario: Inversión Pública,8.0,8.0,8.0,8.0,8.0,8.0,Sí,Sí,Sí
GESTIÓN PÚBLICA,III,5,306,GP35016,"Pérez Mamani, Rubens Houson",Taller de Investigación III -Fundamentos de Estadistica,8.0,8.0,8.0,8.0,8.0,8.0,Sí,Sí,Sí
GESTIÓN PÚBLICA,IV,5,307,GP45001,"Mendoza Nava, Armando",Seminario: Política Fiscal y Administración Tributaria,10.0,10.0,10.0,10.0,10.0,10.0,Sí,Sí,Sí
GESTIÓN PÚBLICA,IV,5,307,GP45001,"Narciso Gomez, Kennedy","Seminario: Sistema Nacional de Control, Ética y Anticorrupción - (ELE)",,,,,,,,,
GESTIÓN PÚBLICA,IV,5,307,GP45001,"Fernández Bedoya,Víctor Hugo",Taller de Investigación I,10.0,9.0,10.0,9.0,10.0,9.0,No,Sí,Sí
GESTIÓN PÚBLICA,IV,5,307,GP45001,"Andrades Sosa, José Ignacio",Seminario: Innovación de la Gestión y Calidad de los Servicios Públicos - (ELE),8.0,8.0,8.0,8.0,8.0,8.0,Sí,Sí,Sí
GESTIÓN PÚBLICA,IV,5,307,GP45002,"Mendoza Nava, Armando",Seminario: Política Fiscal y Administración Tributaria,10.0,10.0,10.0,10.0,10.0,10.0,Sí,Sí,Sí
GESTIÓN PÚBLICA,IV,5,307,GP45002,"Narciso Gomez, Kennedy","Seminario: Sistema Nacional de Control, Ética y Anticorrupción - (ELE)",,,,,,,,,
GESTIÓN PÚBLICA,IV,5,307,GP45002,"Fernández Bedoya,Víctor Hugo",Taller de Investigación I,10.0,10.0,10.0,10.0,10.0,10.0,Sí,Sí,Sí
GESTIÓN PÚBLICA,IV,5,307,GP45002,"Andrades Sosa, José Ignacio",Seminario: Innovación de la Gestión y Calidad de los Servicios Públicos - (ELE),5.0,5.0,5.0,5.0,5.0,5.0,Sí,Sí,Sí
GESTIÓN PÚBLICA,IV,5,307,GP45003,"Mendoza Nava, Armando",Seminario: Política Fiscal y Administración Tributaria,8.0,8.0,8.0,8.0,8.0,8.0,Sí,Sí,Sí
GESTIÓN PÚBLICA,IV,5,307,GP45003,"Narciso Gomez, Kennedy","Seminario: Sistema Nacional de Control, Ética y Anticorrupción - (ELE)",,,,,,,,,
GESTIÓN PÚBLICA,IV,5,307,GP45003,"Fernández Bedoya,Víctor Hugo",Taller de Investigación I,10.0,10.0,10.0,10.0,10.0,10.0,Sí,Sí,Sí
GESTIÓN PÚBLICA,IV,5,307,GP45003,"Andrades Sosa, José Ignacio",Seminario: Innovación de la Gestión y Calidad de los Servicios Públicos - (ELE),1.0,1.0,1.0,1.0,1.0,1.0,Sí,Sí,Sí
GESTIÓN PÚBLICA,IV,5,307,GP45004,"Mendoza Nava, Armando",Seminario: Política Fiscal y Administración Tributaria,10.0,10.0,10.0,10.0,10.0,10.0,Sí,Sí,Sí
GESTIÓN PÚBLICA,IV,5,307,GP45004,"Narciso Gomez, Kennedy","Seminario: Sistema Nacional de Control, Ética y Anticorrupción - (ELE)",,,,,,,,,
GESTIÓN PÚBLICA,IV,5,307,GP45004,"Fernández Bedoya,Víctor Hugo",Taller de Investigación I,5.0,6.0,6.0,4.0,5.0,5.0,Sí,Sí,Sí
GESTIÓN PÚBLICA,IV,5,307,GP45004,"Andrades Sosa, José Ignacio",Seminario: Innovación de la Gestión y Calidad de los Servicios Públicos - (ELE),8.0,10.0,9.0,9.0,7.0,9.0,No,Sí,Sí
GESTIÓN PÚBLICA,IV,5,307,GP45005,"Mendoza Nava, Armando",Seminario: Política Fiscal y Administración Tributaria,9.0,9.0,9.0,8.0,9.0,9.0,Sí,Sí,A veces
GESTIÓN PÚBLICA,IV,5,307,GP45005,"Narciso Gomez, Kennedy","Seminario: Sistema Nacional de Control, Ética y Anticorrupción - (ELE)",,,,,,,,,
GESTIÓN PÚBLICA,IV,5,307,GP45005,"Fernández Bedoya,Víctor Hugo",Taller de Investigación I,8.0,7.0,7.0,6.0,5.0,6.0,Sí,Sí,A veces
GESTIÓN PÚBLICA,IV,5,307,GP45005,"Andrades Sosa, José Ignacio",Seminario: Innovación de la Gestión y Calidad de los Servicios Públicos - (ELE),10.0,10.0,10.0,9.0,9.0,9.0,A veces,Sí,Sí
GESTIÓN PÚBLICA,IV,5,307,GP45006,"Mendoza Nava, Armando",Seminario: Política Fiscal y Administración Tributaria,10.0,10.0,10.0,10.0,10.0,10.0,Sí,Sí,Sí
GESTIÓN PÚBLICA,IV,5,307,GP45006,"Narciso Gomez, Kennedy","Seminario: Sistema Nacional de Control, Ética y Anticorrupción - (ELE)",10.0,10.0,10.0,10.0,10.0,10.0,Sí,Sí,Sí
GESTIÓN PÚBLICA,IV,5,307,GP45006,"Fernández Bedoya,Víctor Hugo",Taller de Investigación I,10.0,10.0,10.0,10.0,10.0,10.0,Sí,Sí,Sí
GESTIÓN PÚBLICA,IV,5,307,GP45006,"Andrades Sosa, José Ignacio",Seminario: Innovación de la Gestión y Calidad de los Servicios Públicos - (ELE),10.0,10.0,10.0,10.0,10.0,10.0,Sí,Sí,Sí
GESTIÓN PÚBLICA,IV,5,307,GP45007,"Mendoza Nava, Armando",Seminario: Política Fiscal y Administración Tributaria,10.0,10.0,9.0,9.0,9.0,9.0,Sí,Sí,Sí
GESTIÓN PÚBLICA,IV,5,307,GP45007,"Narciso Gomez, Kennedy","Seminario: Sistema Nacional de Control, Ética y Anticorrupción - (ELE)",,,,,,,,,
GESTIÓN PÚBLICA,IV,5,307,GP45007,"Fernández Bedoya,Víctor Hugo",Taller de Investigación I,9.0,9.0,9.0,9.0,8.0,9.0,Sí,Sí,Sí
GESTIÓN PÚBLICA,IV,5,307,GP45007,"Andrades Sosa, José Ignacio",Seminario: Innovación de la Gestión y Calidad de los Servicios Públicos - (ELE),10.0,10.0,10.0,9.0,10.0,10.0,Sí,Sí,Sí
GESTIÓN PÚBLICA,IV,5,307,GP45008,"Mendoza Nava, Armando",Seminario: Política Fiscal y Administración Tributaria,10.0,10.0,10.0,10.0,10.0,10.0,Sí,Sí,Sí
GESTIÓN PÚBLICA,IV,5,307,GP45008,"Narciso Gomez, Kennedy","Seminario: Sistema Nacional de Control, Ética y Anticorrupción - (ELE)",,,,,,,,,
GESTIÓN PÚBLICA,IV,5,307,GP45008,"Fernández Bedoya,Víctor Hugo",Taller de Investigación I,10.0,10.0,10.0,10.0,10.0,10.0,Sí,Sí,Sí
GESTIÓN PÚBLICA,IV,5,307,GP45008,"Andrades Sosa, José Ignacio",Seminario: Innovación de la Gestión y Calidad de los Servicios Públicos - (ELE),10.0,10.0,10.0,10.0,10.0,10.0,Sí,Sí,Sí
GESTIÓN PÚBLICA,IV,5,307,GP45009,"Mendoza Nava, Armando",Seminario: Política Fiscal y Administración Tributaria,9.0,9.0,7.0,8.0,7.0,8.0,Sí,Sí,A veces
GESTIÓN PÚBLICA,IV,5,307,GP45009,"Narciso Gomez, Kennedy","Seminario: Sistema Nacional de Control, Ética y Anticorrupción - (ELE)",,,,,,,,,
GESTIÓN PÚBLICA,IV,5,307,GP45009,"Fernández Bedoya,Víctor Hugo",Taller de Investigación I,10.0,10.0,10.0,10.0,10.0,10.0,Sí,Sí,Sí
GESTIÓN PÚBLICA,IV,5,307,GP45009,"Andrades Sosa, José Ignacio",Seminario: Innovación de la Gestión y Calidad de los Servicios Públicos - (ELE),10.0,9.0,8.0,8.0,8.0,8.0,Sí,Sí,A veces
GESTIÓN PÚBLICA,IV,5,307,GP45010,"Mendoza Nava, Armando",Seminario: Política Fiscal y Administración Tributaria,9.0,10.0,10.0,9.0,10.0,9.0,Sí,Sí,Sí
GESTIÓN PÚBLICA,IV,5,307,GP45010,"Narciso Gomez, Kennedy","Seminario: Sistema Nacional de Control, Ética y Anticorrupción - (ELE)",,,,,,,,,
GESTIÓN PÚBLICA,IV,5,307,GP45010,"Fernández Bedoya,Víctor Hugo",Taller de Investigación I,10.0,10.0,10.0,10.0,10.0,10.0,Sí,Sí,Sí
GESTIÓN PÚBLICA,IV,5,307,GP45010,"Andrades Sosa, José Ignacio",Seminario: Innovación de la Gestión y Calidad de los Servicios Públicos - (ELE),10.0,10.0,10.0,8.0,5.0,7.0,A veces,Sí,Sí
GESTIÓN PÚBLICA,IV,5,307,GP45011,"Mendoza Nava, Armando",Seminario: Política Fiscal y Administración Tributaria,7.0,8.0,8.0,8.0,8.0,8.0,Sí,Sí,Sí
GESTIÓN PÚBLICA,IV,5,307,GP45011,"Narciso Gomez, Kennedy","Seminario: Sistema Nacional de Control, Ética y Anticorrupción - (ELE)",,,,,,,,,
GESTIÓN PÚBLICA,IV,5,307,GP45011,"Fernández Bedoya,Víctor Hugo",Taller de Investigación I,9.0,9.0,9.0,9.0,9.0,9.0,Sí,Sí,Sí
GESTIÓN PÚBLICA,IV,5,307,GP45011,"Andrades Sosa, José Ignacio",Seminario: Innovación de la Gestión y Calidad de los Servicios Públicos - (ELE),7.0,7.0,7.0,6.0,7.0,7.0,A veces,Sí,Sí
GESTIÓN PÚBLICA,IV,5,307,GP45012,"Mendoza Nava, Armando",Seminario: Política Fiscal y Administración Tributaria,9.0,9.0,9.0,9.0,9.0,9.0,Sí,Sí,Sí
GESTIÓN PÚBLICA,IV,5,307,GP45012,"Narciso Gomez, Kennedy","Seminario: Sistema Nacional de Control, Ética y Anticorrupción - (ELE)",,,,,,,,,
GESTIÓN PÚBLICA,IV,5,307,GP45012,"Fernández Bedoya,Víctor Hugo",Taller de Investigación I,9.0,9.0,9.0,9.0,9.0,9.0,Sí,Sí,Sí
GESTIÓN PÚBLICA,IV,5,307,GP45012,"Andrades Sosa, José Ignacio",Seminario: Innovación de la Gestión y Calidad de los Servicios Públicos - (ELE),9.0,9.0,9.0,9.0,9.0,9.0,Sí,Sí,Sí
GESTIÓN PÚBLICA,IV,5,307,GP45013,"Mendoza Nava, Armando",Seminario: Política Fiscal y Administración Tributaria,9.0,9.0,9.0,9.0,9.0,9.0,Sí,Sí,Sí
GESTIÓN PÚBLICA,IV,5,307,GP45013,"Narciso Gomez, Kennedy","Seminario: Sistema Nacional de Control, Ética y Anticorrupción - (ELE)",,,,,,,,,
GESTIÓN PÚBLICA,IV,5,307,GP45013,"Fernández Bedoya,Víctor Hugo",Taller de Investigación I,9.0,9.0,9.0,9.0,9.0,9.0,Sí,Sí,Sí
GESTIÓN PÚBLICA,IV,5,307,GP45013,"Andrades Sosa, José Ignacio",Seminario: Innovación de la Gestión y Calidad de los Servicios Públicos - (ELE),9.0,9.0,9.0,9.0,9.0,9.0,Sí,Sí,Sí
GESTIÓN PÚBLICA,IV,5,307,GP45014,"Mendoza Nava, Armando",Seminario: Política Fiscal y Administración Tributaria,9.0,9.0,9.0,9.0,9.0,9.0,Sí,Sí,Sí
GESTIÓN PÚBLICA,IV,5,307,GP45014,"Narciso Gomez, Kennedy","Seminario: Sistema Nacional de Control, Ética y Anticorrupción - (ELE)",,,,,,,,,
GESTIÓN PÚBLICA,IV,5,307,GP45014,"Fernández Bedoya,Víctor Hugo",Taller de Investigación I,9.0,9.0,9.0,9.0,9.0,9.0,Sí,Sí,Sí
GESTIÓN PÚBLICA,IV,5,307,GP45014,"Andrades Sosa, José Ignacio",Seminario: Innovación de la Gestión y Calidad de los Servicios Públicos - (ELE),9.0,9.0,9.0,9.0,9.0,9.0,Sí,Sí,Sí
GESTIÓN PÚBLICA,IV,5,307,GP0415,"Mendoza Nava, Armando",Seminario: Política Fiscal y Administración Tributaria,,,,,,,,,
GESTIÓN PÚBLICA,IV,5,307,GP0415,"Narciso Gomez, Kennedy","Seminario: Sistema Nacional de Control, Ética y Anticorrupción - (ELE)",,,,,,,,,
GESTIÓN PÚBLICA,IV,5,307,GP0415,"Fernández Bedoya,Víctor Hugo",Taller de Investigación I,10.0,10.0,10.0,10.0,9.0,9.0,Sí,Sí,Sí
GESTIÓN PÚBLICA,IV,5,307,GP0415,"Andrades Sosa, José Ignacio",Seminario: Innovación de la Gestión y Calidad de los Servicios Públicos - (ELE),,,,,,,,,
GESTIÓN PÚBLICA,IV,5,307,GP45016,"Mendoza Nava, Armando",Seminario: Política Fiscal y Administración Tributaria,10.0,10.0,10.0,10.0,10.0,10.0,Sí,Sí,Sí
GESTIÓN PÚBLICA,IV,5,307,GP45016,"Narciso Gomez, Kennedy","Seminario: Sistema Nacional de Control, Ética y Anticorrupción - (ELE)",,,,,,,,,
GESTIÓN PÚBLICA,IV,5,307,GP45016,"Fernández Bedoya,Víctor Hugo",Taller de Investigación I,10.0,10.0,10.0,10.0,10.0,10.0,Sí,Sí,Sí
GESTIÓN PÚBLICA,IV,5,307,GP45016,"Andrades Sosa, José Ignacio",Seminario: Innovación de la Gestión y Calidad de los Servicios Públicos - (ELE),5.0,4.0,4.0,3.0,3.0,2.0,No,Sí,No
GESTIÓN PÚBLICA,IV,5,307,GP45017,"Mendoza Nava, Armando",Seminario: Política Fiscal y Administración Tributaria,10.0,10.0,9.0,9.0,9.0,9.0,Sí,Sí,Sí
GESTIÓN PÚBLICA,IV,5,307,GP45017,"Narciso Gomez, Kennedy","Seminario: Sistema Nacional de Control, Ética y Anticorrupción - (ELE)",,,,,,,,,
GESTIÓN PÚBLICA,IV,5,307,GP45017,"Fernández Bedoya,Víctor Hugo",Taller de Investigación I,10.0,10.0,10.0,9.0,9.0,9.0,Sí,Sí,Sí
GESTIÓN PÚBLICA,IV,5,307,GP45017,"Andrades Sosa, José Ignacio",Seminario: Innovación de la Gestión y Calidad de los Servicios Públicos - (ELE),8.0,8.0,8.0,8.0,8.0,8.0,A veces,A veces,A veces
GESTIÓN PÚBLICA,IV,5,307,GP45018,"Mendoza Nava, Armando",Seminario: Política Fiscal y Administración Tributaria,10.0,10.0,10.0,10.0,10.0,10.0,,Sí,Sí
GESTIÓN PÚBLICA,IV,5,307,GP45018,"Narciso Gomez, Kennedy","Seminario: Sistema Nacional de Control, Ética y Anticorrupción - (ELE)",,,,,,,,,
GESTIÓN PÚBLICA,IV,5,307,GP45018,"Fernández Bedoya,Víctor Hugo",Taller de Investigación I,8.0,8.0,8.0,8.0,8.0,8.0,A veces,Sí,Sí
GESTIÓN PÚBLICA,IV,5,307,GP45018,"Andrades Sosa, José Ignacio",Seminario: Innovación de la Gestión y Calidad de los Servicios Públicos - (ELE),10.0,10.0,10.0,10.0,10.0,10.0,A veces,Sí,Sí
GESTIÓN PÚBLICA,IV,5,307,GP45019,"Mendoza Nava, Armando",Seminario: Política Fiscal y Administración Tributaria,8.0,9.0,9.0,9.0,10.0,10.0,Sí,Sí,Sí
GESTIÓN PÚBLICA,IV,5,307,GP45019,"Narciso Gomez, Kennedy","Seminario: Sistema Nacional de Control, Ética y Anticorrupción - (ELE)",8.0,9.0,9.0,9.0,10.0,10.0,Sí,Sí,Sí
GESTIÓN PÚBLICA,IV,5,307,GP45019,"Fernández Bedoya,Víctor Hugo",Taller de Investigación I,8.0,9.0,9.0,9.0,10.0,10.0,Sí,Sí,Sí
GESTIÓN PÚBLICA,IV,5,307,GP45019,"Andrades Sosa, José Ignacio",Seminario: Innovación de la Gestión y Calidad de los Servicios Públicos - (ELE),8.0,9.0,9.0,9.0,10.0,10.0,Sí,Sí,Sí
GESTIÓN PÚBLICA,IV,5,307,GP45020,"Mendoza Nava, Armando",Seminario: Política Fiscal y Administración Tributaria,10.0,10.0,9.0,10.0,10.0,10.0,Sí,Sí,Sí
GESTIÓN PÚBLICA,IV,5,307,GP45020,"Narciso Gomez, Kennedy","Seminario: Sistema Nacional de Control, Ética y Anticorrupción - (ELE)",,,,,,,,,
GESTIÓN PÚBLICA,IV,5,307,GP45020,"Fernández Bedoya,Víctor Hugo",Taller de Investigación I,8.0,8.0,8.0,8.0,7.0,6.0,Sí,Sí,Sí
GESTIÓN PÚBLICA,IV,5,307,GP45020,"Andrades Sosa, José Ignacio",Seminario: Innovación de la Gestión y Calidad de los Servicios Públicos - (ELE),8.0,10.0,10.0,10.0,10.0,10.0,Sí,Sí,Sí
GESTIÓN PÚBLICA,IV,5,307,GP45021,"Mendoza Nava, Armando",Seminario: Política Fiscal y Administración Tributaria,10.0,10.0,10.0,10.0,10.0,10.0,Sí,Sí,Sí
GESTIÓN PÚBLICA,IV,5,307,GP45021,"Narciso Gomez, Kennedy","Seminario: Sistema Nacional de Control, Ética y Anticorrupción - (ELE)",,,,,,,,,
GESTIÓN PÚBLICA,IV,5,307,GP45021,"Fernández Bedoya,Víctor Hugo",Taller de Investigación I,10.0,10.0,10.0,10.0,10.0,10.0,Sí,Sí,Sí
GESTIÓN PÚBLICA,IV,5,307,GP45021,"Andrades Sosa, José Ignacio",Seminario: Innovación de la Gestión y Calidad de los Servicios Públicos - (ELE),8.0,8.0,8.0,7.0,7.0,7.0,Sí,Sí,Sí
GESTIÓN PÚBLICA,IV,5,307,GP45022,"Mendoza Nava, Armando",Seminario: Política Fiscal y Administración Tributaria,,,,,,,,,
GESTIÓN PÚBLICA,IV,5,307,GP45022,"Narciso Gomez, Kennedy","Seminario: Sistema Nacional de Control, Ética y Anticorrupción - (ELE)",,,,,,,,,
GESTIÓN PÚBLICA,IV,5,307,GP45022,"Fernández Bedoya,Víctor Hugo",Taller de Investigación I,9.0,9.0,9.0,9.0,9.0,9.0,Sí,Sí,Sí
GESTIÓN PÚBLICA,IV,5,307,GP45022,"Andrades Sosa, José Ignacio",Seminario: Innovación de la Gestión y Calidad de los Servicios Públicos - (ELE),,,,,,,,,
GESTIÓN PÚBLICA,III,1,401,GP31001,"Peccio Chavesta, Edwin Marcel",Seminario: Inversión Pública,10.0,10.0,10.0,10.0,10.0,10.0,Sí,Sí,Sí
GESTIÓN PÚBLICA,III,1,401,GP31001,"Ugarte Casafranca, Walter David",Politicas Públicas y Gobernabilidad,10.0,10.0,10.0,10.0,10.0,10.0,Sí,Sí,Sí
GESTIÓN PÚBLICA,III,1,401,GP31001,"Javes Sanchez, Augusto Francisco",Seminario: Logistica y Contrataciones Públicas - (ELE),10.0,10.0,10.0,10.0,10.0,10.0,Sí,Sí,Sí
GESTIÓN PÚBLICA,III,1,401,GP31001,"Castillo Maza, Juan Victoriano",Taller de Investigación III -Fundamentos de Estadistica,10.0,10.0,10.0,10.0,10.0,10.0,Sí,Sí,Sí
GESTIÓN PÚBLICA,III,1,401,GP31002,"Peccio Chavesta, Edwin Marcel",Seminario: Inversión Pública,9.0,9.0,9.0,10.0,9.0,9.0,Sí,Sí,Sí
GESTIÓN PÚBLICA,III,1,401,GP31002,"Ugarte Casafranca, Walter David",Politicas Públicas y Gobernabilidad,9.0,9.0,9.0,10.0,9.0,9.0,Sí,Sí,Sí
GESTIÓN PÚBLICA,III,1,401,GP31002,"Javes Sanchez, Augusto Francisco",Seminario: Logistica y Contrataciones Públicas - (ELE),9.0,9.0,9.0,10.0,9.0,9.0,Sí,Sí,Sí
GESTIÓN PÚBLICA,III,1,401,GP31002,"Castillo Maza, Juan Victoriano",Taller de Investigación III -Fundamentos de Estadistica,9.0,8.0,8.0,9.0,9.0,9.0,Sí,Sí,Sí
GESTIÓN PÚBLICA,III,1,401,GP31003,"Peccio Chavesta, Edwin Marcel",Seminario: Inversión Pública,9.0,9.0,9.0,9.0,9.0,9.0,Sí,Sí,Sí
GESTIÓN PÚBLICA,III,1,401,GP31003,"Ugarte Casafranca, Walter David",Politicas Públicas y Gobernabilidad,9.0,9.0,9.0,9.0,9.0,9.0,Sí,Sí,Sí
GESTIÓN PÚBLICA,III,1,401,GP31003,"Javes Sanchez, Augusto Francisco",Seminario: Logistica y Contrataciones Públicas - (ELE),9.0,9.0,9.0,9.0,9.0,9.0,Sí,Sí,Sí
GESTIÓN PÚBLICA,III,1,401,GP31003,"Castillo Maza, Juan Victoriano",Taller de Investigación III -Fundamentos de Estadistica,9.0,9.0,9.0,9.0,9.0,9.0,Sí,Sí,Sí
GESTIÓN PÚBLICA,III,1,401,GP31004,"Peccio Chavesta, Edwin Marcel",Seminario: Inversión Pública,8.0,9.0,9.0,9.0,8.0,8.0,Sí,Sí,Sí
GESTIÓN PÚBLICA,III,1,401,GP31004,"Ugarte Casafranca, Walter David",Politicas Públicas y Gobernabilidad,8.0,9.0,9.0,9.0,8.0,8.0,Sí,Sí,Sí
GESTIÓN PÚBLICA,III,1,401,GP31004,"Javes Sanchez, Augusto Francisco",Seminario: Logistica y Contrataciones Públicas - (ELE),8.0,9.0,9.0,9.0,8.0,8.0,Sí,Sí,Sí
GESTIÓN PÚBLICA,III,1,401,GP31004,"Castillo Maza, Juan Victoriano",Taller de Investigación III -Fundamentos de Estadistica,7.0,8.0,9.0,8.0,7.0,7.0,Sí,Sí,Sí
GESTIÓN PÚBLICA,III,1,401,GP31005,"Peccio Chavesta, Edwin Marcel",Seminario: Inversión Pública,10.0,10.0,9.0,7.0,8.0,7.0,No,Sí,Sí
GESTIÓN PÚBLICA,III,1,401,GP31005,"Ugarte Casafranca, Walter David",Politicas Públicas y Gobernabilidad,10.0,10.0,10.0,10.0,10.0,10.0,Sí,Sí,Sí
GESTIÓN PÚBLICA,III,1,401,GP31005,"Javes Sanchez, Augusto Francisco",Seminario: Logistica y Contrataciones Públicas - (ELE),10.0,10.0,10.0,10.0,10.0,10.0,Sí,Sí,Sí
GESTIÓN PÚBLICA,III,1,401,GP31005,"Castillo Maza, Juan Victoriano",Taller de Investigación III -Fundamentos de Estadistica,10.0,10.0,10.0,10.0,10.0,10.0,Sí,Sí,Sí
GESTIÓN PÚBLICA,III,1,401,GP31006,"Peccio Chavesta, Edwin Marcel",Seminario: Inversión Pública,10.0,10.0,10.0,10.0,10.0,10.0,Sí,Sí,Sí
GESTIÓN PÚBLICA,III,1,401,GP31006,"Ugarte Casafranca, Walter David",Politicas Públicas y Gobernabilidad,10.0,10.0,10.0,10.0,10.0,10.0,Sí,Sí,Sí
GESTIÓN PÚBLICA,III,1,401,GP31006,"Javes Sanchez, Augusto Francisco",Seminario: Logistica y Contrataciones Públicas - (ELE),10.0,10.0,10.0,10.0,10.0,10.0,Sí,Sí,Sí
GESTIÓN PÚBLICA,III,1,401,GP31006,"Castillo Maza, Juan Victoriano",Taller de Investigación III -Fundamentos de Estadistica,10.0,10.0,10.0,10.0,10.0,10.0,Sí,Sí,Sí
GESTIÓN PÚBLICA,III,1,401,GP31007,"Peccio Chavesta, Edwin Marcel",Seminario: Inversión Pública,9.0,9.0,8.0,7.0,6.0,6.0,A veces,Sí,Sí
GESTIÓN PÚBLICA,III,1,401,GP31007,"Ugarte Casafranca, Walter David",Politicas Públicas y Gobernabilidad,10.0,10.0,9.0,9.0,9.0,9.0,Sí,Sí,Sí
GESTIÓN PÚBLICA,III,1,401,GP31007,"Javes Sanchez, Augusto Francisco",Seminario: Logistica y Contrataciones Públicas - (ELE),9.0,8.0,8.0,7.0,6.0,6.0,Sí,Sí,Sí
GESTIÓN PÚBLICA,III,1,401,GP31007,"Castillo Maza, Juan Victoriano",Taller de Investigación III -Fundamentos de Estadistica,10.0,10.0,9.0,9.0,8.0,8.0,Sí,Sí,Sí
GESTIÓN PÚBLICA,III,1,401,GP31008,"Peccio Chavesta, Edwin Marcel",Seminario: Inversión Pública,9.0,9.0,9.0,9.0,9.0,9.0,Sí,Sí,Sí
GESTIÓN PÚBLICA,III,1,401,GP31008,"Ugarte Casafranca, Walter David",Politicas Públicas y Gobernabilidad,10.0,10.0,10.0,10.0,10.0,10.0,Sí,Sí,Sí
GESTIÓN PÚBLICA,III,1,401,GP31008,"Javes Sanchez, Augusto Francisco",Seminario: Logistica y Contrataciones Públicas - (ELE),,,,,,,,,
GESTIÓN PÚBLICA,III,1,401,GP31008,"Castillo Maza, Juan Victoriano",Taller de Investigación III -Fundamentos de Estadistica,9.0,9.0,9.0,9.0,9.0,9.0,Sí,Sí,Sí
GESTIÓN PÚBLICA,III,1,401,GP31009,"Peccio Chavesta, Edwin Marcel",Seminario: Inversión Pública,9.0,9.0,8.0,8.0,8.0,8.0,Sí,Sí,Sí
GESTIÓN PÚBLICA,III,1,401,GP31009,"Ugarte Casafranca, Walter David",Politicas Públicas y Gobernabilidad,10.0,10.0,10.0,10.0,10.0,10.0,Sí,Sí,Sí
GESTIÓN PÚBLICA,III,1,401,GP31009,"Javes Sanchez, Augusto Francisco",Seminario: Logistica y Contrataciones Públicas - (ELE),,,,,,,,,
GESTIÓN PÚBLICA,III,1,401,GP31009,"Castillo Maza, Juan Victoriano",Taller de Investigación III -Fundamentos de Estadistica,8.0,8.0,8.0,8.0,8.0,8.0,Sí,A veces,Sí
GESTIÓN PÚBLICA,III,1,401,GP31010,"Peccio Chavesta, Edwin Marcel",Seminario: Inversión Pública,9.0,9.0,10.0,10.0,9.0,8.0,A veces,Sí,Sí
GESTIÓN PÚBLICA,III,1,401,GP31010,"Ugarte Casafranca, Walter David",Politicas Públicas y Gobernabilidad,9.0,10.0,10.0,9.0,9.0,10.0,Sí,Sí,Sí
GESTIÓN PÚBLICA,III,1,401,GP31010,"Javes Sanchez, Augusto Francisco",Seminario: Logistica y Contrataciones Públicas - (ELE),,,,,,,,,
GESTIÓN PÚBLICA,III,1,401,GP31010,"Castillo Maza, Juan Victoriano",Taller de Investigación III -Fundamentos de Estadistica,10.0,10.0,10.0,9.0,9.0,9.0,Sí,Sí,Sí
GESTIÓN PÚBLICA,III,1,401,GP31011,"Peccio Chavesta, Edwin Marcel",Seminario: Inversión Pública,8.0,9.0,8.0,8.0,8.0,8.0,Sí,Sí,Sí
GESTIÓN PÚBLICA,III,1,401,GP31011,"Ugarte Casafranca, Walter David",Politicas Públicas y Gobernabilidad,10.0,10.0,10.0,10.0,10.0,10.0,Sí,Sí,Sí
GESTIÓN PÚBLICA,III,1,401,GP31011,"Javes Sanchez, Augusto Francisco",Seminario: Logistica y Contrataciones Públicas - (ELE),,,,,,,,,
GESTIÓN PÚBLICA,III,1,401,GP31011,"Castillo Maza, Juan Victoriano",Taller de Investigación III -Fundamentos de Estadistica,9.0,9.0,9.0,9.0,9.0,9.0,Sí,Sí,Sí
GESTIÓN PÚBLICA,III,1,401,GP31012,"Peccio Chavesta, Edwin Marcel",Seminario: Inversión Pública,9.0,9.0,9.0,9.0,8.0,8.0,A veces,Sí,Sí
GESTIÓN PÚBLICA,III,1,401,GP31012,"Ugarte Casafranca, Walter David",Politicas Públicas y Gobernabilidad,9.0,9.0,9.0,9.0,8.0,8.0,A veces,Sí,Sí
GESTIÓN PÚBLICA,III,1,401,GP31012,"Javes Sanchez, Augusto Francisco",Seminario: Logistica y Contrataciones Públicas - (ELE),9.0,9.0,9.0,4.0,8.0,9.0,Sí,Sí,Sí
GESTIÓN PÚBLICA,III,1,401,GP31012,"Castillo Maza, Juan Victoriano",Taller de Investigación III -Fundamentos de Estadistica,9.0,9.0,9.0,9.0,8.0,8.0,Sí,Sí,Sí
GESTIÓN PÚBLICA,III,1,401,GP31013,"Peccio Chavesta, Edwin Marcel",Seminario: Inversión Pública,8.0,8.0,7.0,7.0,7.0,6.0,Sí,Sí,Sí
GESTIÓN PÚBLICA,III,1,401,GP31013,"Ugarte Casafranca, Walter David",Politicas Públicas y Gobernabilidad,9.0,9.0,7.0,8.0,8.0,6.0,Sí,Sí,Sí
GESTIÓN PÚBLICA,III,1,401,GP31013,"Javes Sanchez, Augusto Francisco",Seminario: Logistica y Contrataciones Públicas - (ELE),7.0,9.0,5.0,5.0,5.0,4.0,Sí,Sí,Sí
GESTIÓN PÚBLICA,III,1,401,GP31013,"Castillo Maza, Juan Victoriano",Taller de Investigación III -Fundamentos de Estadistica,6.0,9.0,5.0,5.0,4.0,3.0,Sí,Sí,Sí
GESTIÓN PÚBLICA,III,1,401,GP31014,"Peccio Chavesta, Edwin Marcel",Seminario: Inversión Pública,10.0,10.0,10.0,10.0,10.0,10.0,Sí,Sí,Sí
GESTIÓN PÚBLICA,III,1,401,GP31014,"Ugarte Casafranca, Walter David",Politicas Públicas y Gobernabilidad,10.0,10.0,10.0,10.0,10.0,10.0,Sí,Sí,Sí
GESTIÓN PÚBLICA,III,1,401,GP31014,"Javes Sanchez, Augusto Francisco",Seminario: Logistica y Contrataciones Públicas - (ELE),10.0,10.0,10.0,10.0,10.0,10.0,Sí,Sí,Sí
GESTIÓN PÚBLICA,III,1,401,GP31014,"Castillo Maza, Juan Victoriano",Taller de Investigación III -Fundamentos de Estadistica,9.0,10.0,9.0,9.0,9.0,9.0,Sí,Sí,Sí
GESTIÓN PÚBLICA,III,1,401,GP31015,"Peccio Chavesta, Edwin Marcel",Seminario: Inversión Pública,7.0,9.0,10.0,10.0,10.0,9.0,A veces,Sí,Sí
GESTIÓN PÚBLICA,III,1,401,GP31015,"Ugarte Casafranca, Walter David",Politicas Públicas y Gobernabilidad,6.0,9.0,9.0,9.0,8.0,8.0,Sí,Sí,Sí
GESTIÓN PÚBLICA,III,1,401,GP31015,"Javes Sanchez, Augusto Francisco",Seminario: Logistica y Contrataciones Públicas - (ELE),,,,,,,,,
GESTIÓN PÚBLICA,III,1,401,GP31015,"Castillo Maza, Juan Victoriano",Taller de Investigación III -Fundamentos de Estadistica,8.0,8.0,9.0,10.0,10.0,9.0,Sí,Sí,Sí
GESTIÓN PÚBLICA,III,1,401,GP31016,"Peccio Chavesta, Edwin Marcel",Seminario: Inversión Pública,8.0,8.0,7.0,8.0,9.0,9.0,Sí,Sí,Sí
GESTIÓN PÚBLICA,III,1,401,GP31016,"Ugarte Casafranca, Walter David",Politicas Públicas y Gobernabilidad,9.0,8.0,8.0,7.0,9.0,8.0,Sí,Sí,Sí
GESTIÓN PÚBLICA,III,1,401,GP31016,"Javes Sanchez, Augusto Francisco",Seminario: Logistica y Contrataciones Públicas - (ELE),,,,,,,,,
GESTIÓN PÚBLICA,III,1,401,GP31016,"Castillo Maza, Juan Victoriano",Taller de Investigación III -Fundamentos de Estadistica,8.0,8.0,7.0,8.0,9.0,9.0,Sí,Sí,Sí
GESTIÓN PÚBLICA,III,1,401,GP31017,"Peccio Chavesta, Edwin Marcel",Seminario: Inversión Pública,8.0,9.0,9.0,8.0,8.0,8.0,A veces,Sí,Sí
GESTIÓN PÚBLICA,III,1,401,GP31017,"Ugarte Casafranca, Walter David",Politicas Públicas y Gobernabilidad,10.0,10.0,10.0,9.0,9.0,9.0,Sí,Sí,Sí
GESTIÓN PÚBLICA,III,1,401,GP31017,"Javes Sanchez, Augusto Francisco",Seminario: Logistica y Contrataciones Públicas - (ELE),10.0,10.0,10.0,9.0,9.0,9.0,Sí,Sí,Sí
GESTIÓN PÚBLICA,III,1,401,GP31017,"Castillo Maza, Juan Victoriano",Taller de Investigación III -Fundamentos de Estadistica,9.0,9.0,10.0,8.0,9.0,9.0,Sí,Sí,Sí
GESTIÓN PÚBLICA,III,1,401,GP31018,"Peccio Chavesta, Edwin Marcel",Seminario: Inversión Pública,7.0,9.0,6.0,6.0,5.0,6.0,Sí,Sí,Sí
GESTIÓN PÚBLICA,III,1,401,GP31018,"Ugarte Casafranca, Walter David",Politicas Públicas y Gobernabilidad,10.0,10.0,10.0,10.0,10.0,10.0,Sí,Sí,Sí
GESTIÓN PÚBLICA,III,1,401,GP31018,"Javes Sanchez, Augusto Francisco",Seminario: Logistica y Contrataciones Públicas - (ELE),8.0,9.0,8.0,7.0,6.0,6.0,Sí,Sí,Sí
GESTIÓN PÚBLICA,III,1,401,GP31018,"Castillo Maza, Juan Victoriano",Taller de Investigación III -Fundamentos de Estadistica,7.0,9.0,6.0,6.0,5.0,5.0,Sí,Sí,Sí
GESTIÓN PÚBLICA,III,1,401,GP31019,"Peccio Chavesta, Edwin Marcel",Seminario: Inversión Pública,9.0,9.0,8.0,9.0,9.0,8.0,Sí,Sí,Sí
GESTIÓN PÚBLICA,III,1,401,GP31019,"Ugarte Casafranca, Walter David",Politicas Públicas y Gobernabilidad,8.0,8.0,7.0,8.0,8.0,9.0,Sí,Sí,Sí
GESTIÓN PÚBLICA,III,1,401,GP31019,"Herrera Cabana, Hugo Vicente",Seminario: Innovación de la Gestión y Calidad de los Servicios Públicos - (ELE),9.0,9.0,9.0,10.0,9.0,9.0,Sí,Sí,Sí
GESTIÓN PÚBLICA,III,1,401,GP31019,"Castillo Maza, Juan Victoriano",Taller de Investigación III -Fundamentos de Estadistica,7.0,6.0,6.0,7.0,7.0,8.0,Sí,Sí,Sí
GESTIÓN PÚBLICA,III,1,401,GP31020,"Peccio Chavesta, Edwin Marcel",Seminario: Inversión Pública,8.0,9.0,6.0,8.0,6.0,5.0,Sí,Sí,Sí
GESTIÓN PÚBLICA,III,1,401,GP31020,"Ugarte Casafranca, Walter David",Politicas Públicas y Gobernabilidad,10.0,10.0,10.0,10.0,10.0,10.0,Sí,Sí,Sí
GESTIÓN PÚBLICA,III,1,401,GP31020,"Aguilar Vargas, Karen Verónica",Seminario: Innovación de la Gestión y Calidad de los Servicios Públicos - (ELE),10.0,10.0,10.0,10.0,10.0,10.0,Sí,Sí,Sí
GESTIÓN PÚBLICA,III,1,401,GP31020,"Castillo Maza, Juan Victoriano",Taller de Investigación III -Fundamentos de Estadistica,6.0,8.0,6.0,7.0,5.0,5.0,Sí,Sí,Sí
GESTIÓN PÚBLICA,III,6,403,GP36001,Pantoja Crespo Noela María Eufemia,Politicas Públicas y Gobernabilidad,10.0,10.0,10.0,10.0,10.0,10.0,Sí,Sí,Sí
GESTIÓN PÚBLICA,III,6,403,GP36001,"Andrades Sosa, José Ignacio",Seminario: Innovación de la Gestión y Calidad de los Servicios Públicos - (ELE),,,,,,,,,
GESTIÓN PÚBLICA,III,6,403,GP36001,"Espinoza Panty, Luis Alberto",Seminario: Inversión Pública,10.0,10.0,10.0,10.0,10.0,10.0,Sí,Sí,Sí
GESTIÓN PÚBLICA,III,6,403,GP36001,"Pérez Palacios, Emma",Taller de Investigación III -Fundamentos de Estadistica,9.0,9.0,9.0,9.0,9.0,9.0,Sí,Sí,Sí
GESTIÓN PÚBLICA,III,6,403,GP36002,Pantoja Crespo Noela María Eufemia,Politicas Públicas y Gobernabilidad,10.0,10.0,10.0,10.0,10.0,10.0,Sí,Sí,Sí
GESTIÓN PÚBLICA,III,6,403,GP36002,"Andrades Sosa, José Ignacio",Seminario: Innovación de la Gestión y Calidad de los Servicios Públicos - (ELE),,,,,,,,,
GESTIÓN PÚBLICA,III,6,403,GP36002,"Espinoza Panty, Luis Alberto",Seminario: Inversión Pública,10.0,10.0,10.0,10.0,10.0,10.0,Sí,Sí,Sí
GESTIÓN PÚBLICA,III,6,403,GP36002,"Pérez Palacios, Emma",Taller de Investigación III -Fundamentos de Estadistica,10.0,10.0,10.0,10.0,10.0,10.0,Sí,Sí,Sí
GESTIÓN PÚBLICA,III,6,403,GP36003,Pantoja Crespo Noela María Eufemia,Politicas Públicas y Gobernabilidad,10.0,10.0,10.0,10.0,10.0,10.0,Sí,Sí,Sí
GESTIÓN PÚBLICA,III,6,403,GP36003,"Andrades Sosa, José Ignacio",Seminario: Innovación de la Gestión y Calidad de los Servicios Públicos - (ELE),,,,,,,,,
GESTIÓN PÚBLICA,III,6,403,GP36003,"Espinoza Panty, Luis Alberto",Seminario: Inversión Pública,10.0,10.0,10.0,10.0,10.0,10.0,Sí,Sí,Sí
GESTIÓN PÚBLICA,III,6,403,GP36003,"Pérez Palacios, Emma",Taller de Investigación III -Fundamentos de Estadistica,10.0,10.0,10.0,10.0,10.0,10.0,Sí,Sí,Sí
GESTIÓN PÚBLICA,III,6,403,GP36004,Pantoja Crespo Noela María Eufemia,Politicas Públicas y Gobernabilidad,10.0,10.0,10.0,10.0,10.0,10.0,Sí,Sí,Sí
GESTIÓN PÚBLICA,III,6,403,GP36004,"Andrades Sosa, José Ignacio",Seminario: Innovación de la Gestión y Calidad de los Servicios Públicos - (ELE),10.0,10.0,10.0,10.0,10.0,10.0,Sí,Sí,Sí
GESTIÓN PÚBLICA,III,6,403,GP36004,"Espinoza Panty, Luis Alberto",Seminario: Inversión Pública,10.0,10.0,10.0,10.0,10.0,10.0,Sí,Sí,Sí
GESTIÓN PÚBLICA,III,6,403,GP36004,"Pérez Palacios, Emma",Taller de Investigación III -Fundamentos de Estadistica,5.0,10.0,10.0,5.0,7.0,,Sí,Sí,Sí
GESTIÓN PÚBLICA,III,6,403,GP36005,Pantoja Crespo Noela María Eufemia,Politicas Públicas y Gobernabilidad,10.0,10.0,10.0,10.0,10.0,10.0,Sí,Sí,Sí
GESTIÓN PÚBLICA,III,6,403,GP36005,"Andrades Sosa, José Ignacio",Seminario: Innovación de la Gestión y Calidad de los Servicios Públicos - (ELE),,,,,,,,,
GESTIÓN PÚBLICA,III,6,403,GP36005,"Espinoza Panty, Luis Alberto",Seminario: Inversión Pública,10.0,10.0,10.0,10.0,10.0,10.0,Sí,Sí,Sí
GESTIÓN PÚBLICA,III,6,403,GP36005,Pantoja Crespo Noela María Eufemia,Politicas Públicas y Gobernabilidad,,,,,,,,,
GESTIÓN PÚBLICA,III,6,403,GP36006,Pantoja Crespo Noela María Eufemia,Politicas Públicas y Gobernabilidad,7.0,8.0,7.0,7.0,7.0,8.0,Sí,Sí,Sí
GESTIÓN PÚBLICA,III,6,403,GP36006,"Andrades Sosa, José Ignacio",Seminario: Innovación de la Gestión y Calidad de los Servicios Públicos - (ELE),7.0,7.0,7.0,7.0,8.0,7.0,Sí,Sí,A veces
GESTIÓN PÚBLICA,III,6,403,GP36006,"Espinoza Panty, Luis Alberto",Seminario: Inversión Pública,8.0,9.0,8.0,8.0,9.0,9.0,Sí,Sí,Sí
GESTIÓN PÚBLICA,III,6,403,GP36006,"Pérez Palacios, Emma",Taller de Investigación III -Fundamentos de Estadistica,9.0,9.0,8.0,10.0,10.0,10.0,Sí,Sí,Sí
GESTIÓN PÚBLICA,III,6,403,GP36007,Pantoja Crespo Noela María Eufemia,Politicas Públicas y Gobernabilidad,10.0,10.0,10.0,10.0,10.0,10.0,Sí,Sí,Sí
GESTIÓN PÚBLICA,III,6,403,GP36007,"Andrades Sosa, José Ignacio",Seminario: Innovación de la Gestión y Calidad de los Servicios Públicos - (ELE),,,,,,,,,
GESTIÓN PÚBLICA,III,6,403,GP36007,"Espinoza Panty, Luis Alberto",Seminario: Inversión Pública,10.0,10.0,10.0,10.0,10.0,10.0,Sí,Sí,Sí
GESTIÓN PÚBLICA,III,6,403,GP36007,"Pérez Palacios, Emma",Taller de Investigación III -Fundamentos de Estadistica,10.0,10.0,10.0,10.0,10.0,10.0,Sí,Sí,Sí
GESTIÓN PÚBLICA,IV,3,406,GP43001,Yacolca Estares Daniel Irwin,Seminario: Política Fiscal y Administración Tributaria,9.0,10.0,10.0,10.0,9.0,10.0,Sí,Sí,Sí
GESTIÓN PÚBLICA,IV,3,406,GP43001,"Roncal Villanueva, Victor Augusto",Seminario: Gestión por Procesos en la Administración Pública - (ELE),,,,,,,,,
GESTIÓN PÚBLICA,IV,3,406,GP43001,"Montalvo Mejía, Jose Luis",Seminario: Descentralización y Desarrollo Territorial,9.0,10.0,10.0,10.0,10.0,9.0,Sí,Sí,Sí
GESTIÓN PÚBLICA,IV,3,406,GP43001,"Vigo Gálvez, María de las Mercedes Elizabeth",Taller de Investigación IV (Informe Final de Tesis),10.0,10.0,10.0,10.0,10.0,10.0,Sí,Sí,Sí
GESTIÓN PÚBLICA,IV,3,406,GP43002,Yacolca Estares Daniel Irwin,Seminario: Política Fiscal y Administración Tributaria,9.0,10.0,9.0,8.0,8.0,9.0,Sí,Sí,Sí
GESTIÓN PÚBLICA,IV,3,406,GP43002,"Roncal Villanueva, Victor Augusto",Seminario: Gestión por Procesos en la Administración Pública - (ELE),9.0,10.0,9.0,9.0,8.0,9.0,Sí,Sí,Sí
GESTIÓN PÚBLICA,IV,3,406,GP43002,"Montalvo Mejía, Jose Luis",Seminario: Descentralización y Desarrollo Territorial,9.0,9.0,9.0,9.0,9.0,9.0,Sí,Sí,Sí
GESTIÓN PÚBLICA,IV,3,406,GP43002,"Vigo Gálvez, María de las Mercedes Elizabeth",Taller de Investigación IV (Informe Final de Tesis),10.0,10.0,9.0,9.0,10.0,9.0,Sí,Sí,Sí
GESTIÓN PÚBLICA,IV,3,406,GP43003,Yacolca Estares Daniel Irwin,Seminario: Política Fiscal y Administración Tributaria,9.0,9.0,9.0,9.0,9.0,9.0,Sí,Sí,Sí
GESTIÓN PÚBLICA,IV,3,406,GP43003,"Roncal Villanueva, Victor Augusto",Seminario: Gestión por Procesos en la Administración Pública - (ELE),10.0,10.0,7.0,7.0,7.0,7.0,Sí,Sí,Sí
GESTIÓN PÚBLICA,IV,3,406,GP43003,"Montalvo Mejía, Jose Luis",Seminario: Descentralización y Desarrollo Territorial,9.0,9.0,9.0,9.0,9.0,9.0,Sí,Sí,Sí
GESTIÓN PÚBLICA,IV,3,406,GP43003,"Vigo Gálvez, María de las Mercedes Elizabeth",Taller de Investigación IV (Informe Final de Tesis),8.0,9.0,7.0,7.0,7.0,7.0,Sí,Sí,Sí
GESTIÓN PÚBLICA,IV,3,406,GP43004,Yacolca Estares Daniel Irwin,Seminario: Política Fiscal y Administración Tributaria,10.0,10.0,10.0,10.0,10.0,10.0,Sí,Sí,Sí
GESTIÓN PÚBLICA,IV,3,406,GP43004,"Roncal Villanueva, Victor Augusto",Seminario: Gestión por Procesos en la Administración Pública - (ELE),10.0,10.0,10.0,10.0,10.0,10.0,Sí,Sí,Sí
GESTIÓN PÚBLICA,IV,3,406,GP43004,"Montalvo Mejía, Jose Luis",Seminario: Descentralización y Desarrollo Territorial,10.0,10.0,10.0,10.0,10.0,10.0,Sí,Sí,Sí
GESTIÓN PÚBLICA,IV,3,406,GP43004,"Vigo Gálvez, María de las Mercedes Elizabeth",Taller de Investigación IV (Informe Final de Tesis),10.0,10.0,10.0,10.0,10.0,10.0,Sí,Sí,Sí
GESTIÓN PÚBLICA,IV,3,406,GP43005,Yacolca Estares Daniel Irwin,Seminario: Política Fiscal y Administración Tributaria,9.0,9.0,9.0,9.0,9.0,9.0,Sí,Sí,Sí
GESTIÓN PÚBLICA,IV,3,406,GP43005,"Roncal Villanueva, Victor Augusto",Seminario: Gestión por Procesos en la Administración Pública - (ELE),,,,,,,,,
GESTIÓN PÚBLICA,IV,3,406,GP43005,"Montalvo Mejía, Jose Luis",Seminario: Descentralización y Desarrollo Territorial,9.0,9.0,9.0,9.0,9.0,9.0,Sí,Sí,Sí
GESTIÓN PÚBLICA,IV,3,406,GP43005,"Vigo Gálvez, María de las Mercedes Elizabeth",Taller de Investigación IV (Informe Final de Tesis),9.0,9.0,9.0,9.0,9.0,9.0,Sí,Sí,Sí
GESTIÓN PÚBLICA,IV,3,406,GP43006,Yacolca Estares Daniel Irwin,Seminario: Política Fiscal y Administración Tributaria,10.0,10.0,10.0,10.0,10.0,10.0,Sí,Sí,Sí
GESTIÓN PÚBLICA,IV,3,406,GP43006,"Roncal Villanueva, Victor Augusto",Seminario: Gestión por Procesos en la Administración Pública - (ELE),,,,,,,,,
GESTIÓN PÚBLICA,IV,3,406,GP43006,"Montalvo Mejía, Jose Luis",Seminario: Descentralización y Desarrollo Territorial,10.0,10.0,10.0,10.0,10.0,10.0,Sí,Sí,Sí
GESTIÓN PÚBLICA,IV,3,406,GP43006,"Vigo Gálvez, María de las Mercedes Elizabeth",Taller de Investigación IV (Informe Final de Tesis),10.0,10.0,10.0,10.0,10.0,10.0,Sí,Sí,Sí
GESTIÓN PÚBLICA,IV,3,406,GP43007,Yacolca Estares Daniel Irwin,Seminario: Política Fiscal y Administración Tributaria,9.0,10.0,10.0,10.0,10.0,9.0,Sí,Sí,Sí
GESTIÓN PÚBLICA,IV,3,406,GP43007,"Roncal Villanueva, Victor Augusto",Seminario: Gestión por Procesos en la Administración Pública - (ELE),10.0,10.0,10.0,10.0,10.0,9.0,Sí,Sí,Sí
GESTIÓN PÚBLICA,IV,3,406,GP43007,"Montalvo Mejía, Jose Luis",Seminario: Descentralización y Desarrollo Territorial,9.0,10.0,10.0,10.0,10.0,9.0,Sí,Sí,Sí
GESTIÓN PÚBLICA,IV,3,406,GP43007,"Vigo Gálvez, María de las Mercedes Elizabeth",Taller de Investigación IV (Informe Final de Tesis),10.0,10.0,10.0,10.0,10.0,9.0,Sí,Sí,Sí
GESTIÓN PÚBLICA,IV,3,406,GP43008,Yacolca Estares Daniel Irwin,Seminario: Política Fiscal y Administración Tributaria,10.0,10.0,10.0,10.0,10.0,10.0,Sí,Sí,Sí
GESTIÓN PÚBLICA,IV,3,406,GP43008,"Roncal Villanueva, Victor Augusto",Seminario: Gestión por Procesos en la Administración Pública - (ELE),,,,,,,,,
GESTIÓN PÚBLICA,IV,3,406,GP43008,"Montalvo Mejía, Jose Luis",Seminario: Descentralización y Desarrollo Territorial,8.0,8.0,10.0,9.0,9.0,9.0,Sí,Sí,Sí
GESTIÓN PÚBLICA,IV,3,406,GP43008,"Vigo Gálvez, María de las Mercedes Elizabeth",Taller de Investigación IV (Informe Final de Tesis),9.0,10.0,9.0,9.0,9.0,9.0,Sí,Sí,Sí
GESTIÓN PÚBLICA,IV,3,406,GP43009,Yacolca Estares Daniel Irwin,Seminario: Política Fiscal y Administración Tributaria,10.0,10.0,10.0,10.0,10.0,10.0,Sí,Sí,Sí
GESTIÓN PÚBLICA,IV,3,406,GP43009,"Roncal Villanueva, Victor Augusto",Seminario: Gestión por Procesos en la Administración Pública - (ELE),,,,,,,,,
GESTIÓN PÚBLICA,IV,3,406,GP43009,"Montalvo Mejía, Jose Luis",Seminario: Descentralización y Desarrollo Territorial,10.0,10.0,9.0,10.0,9.0,10.0,Sí,Sí,Sí
GESTIÓN PÚBLICA,IV,3,406,GP43009,"Vigo Gálvez, María de las Mercedes Elizabeth",Taller de Investigación IV (Informe Final de Tesis),9.0,8.0,10.0,10.0,10.0,10.0,Sí,Sí,Sí
GESTIÓN PÚBLICA,IV,3,406,GP43010,Yacolca Estares Daniel Irwin,Seminario: Política Fiscal y Administración Tributaria,9.0,10.0,9.0,8.0,9.0,8.0,Sí,Sí,Sí
GESTIÓN PÚBLICA,IV,3,406,GP43010,"Roncal Villanueva, Victor Augusto",Seminario: Gestión por Procesos en la Administración Pública - (ELE),,,,,,,,,
GESTIÓN PÚBLICA,IV,3,406,GP43010,"Montalvo Mejía, Jose Luis",Seminario: Descentralización y Desarrollo Territorial,8.0,10.0,8.0,8.0,8.0,9.0,Sí,Sí,Sí
GESTIÓN PÚBLICA,IV,3,406,GP43010,"Vigo Gálvez, María de las Mercedes Elizabeth",Taller de Investigación IV (Informe Final de Tesis),9.0,10.0,9.0,9.0,9.0,9.0,Sí,Sí,Sí
GESTIÓN PÚBLICA,IV,3,406,GP43011,Yacolca Estares Daniel Irwin,Seminario: Política Fiscal y Administración Tributaria,9.0,9.0,9.0,9.0,9.0,9.0,Sí,Sí,Sí
GESTIÓN PÚBLICA,IV,3,406,GP43011,"Roncal Villanueva, Victor Augusto",Seminario: Gestión por Procesos en la Administración Pública - (ELE),,,,,,,,,
GESTIÓN PÚBLICA,IV,3,406,GP43011,"Montalvo Mejía, Jose Luis",Seminario: Descentralización y Desarrollo Territorial,9.0,10.0,9.0,9.0,9.0,9.0,Sí,Sí,Sí
GESTIÓN PÚBLICA,IV,3,406,GP43011,"Vigo Gálvez, María de las Mercedes Elizabeth",Taller de Investigación IV (Informe Final de Tesis),9.0,9.0,9.0,9.0,8.0,8.0,Sí,Sí,Sí
GESTIÓN PÚBLICA,IV,3,406,GP43012,Yacolca Estares Daniel Irwin,Seminario: Política Fiscal y Administración Tributaria,,,,,,,,,
GESTIÓN PÚBLICA,IV,3,406,GP43012,"Roncal Villanueva, Victor Augusto",Seminario: Gestión por Procesos en la Administración Pública - (ELE),,,,,,,,,
GESTIÓN PÚBLICA,IV,3,406,GP43012,"Montalvo Mejía, Jose Luis",Seminario: Descentralización y Desarrollo Territorial,,,,,,,,,
GESTIÓN PÚBLICA,IV,3,406,GP43012,"Vigo Gálvez, María de las Mercedes Elizabeth",Taller de Investigación IV (Informe Final de Tesis),9.0,9.0,9.0,9.0,9.0,9.0,Sí,Sí,Sí
GESTIÓN PÚBLICA,IV,3,406,GP43014,Yacolca Estares Daniel Irwin,Seminario: Política Fiscal y Administración Tributaria,8.0,8.0,8.0,8.0,8.0,8.0,Sí,Sí,Sí
GESTIÓN PÚBLICA,IV,3,406,GP43014,"Roncal Villanueva, Victor Augusto",Seminario: Gestión por Procesos en la Administración Pública - (ELE),6.0,6.0,7.0,7.0,7.0,7.0,A veces,A veces,A veces
GESTIÓN PÚBLICA,IV,3,406,GP43014,"Montalvo Mejía, Jose Luis",Seminario: Descentralización y Desarrollo Territorial,6.0,6.0,6.0,6.0,7.0,7.0,A veces,A veces,A veces
GESTIÓN PÚBLICA,IV,3,406,GP43014,"Vigo Gálvez, María de las Mercedes Elizabeth",Taller de Investigación IV (Informe Final de Tesis),9.0,9.0,9.0,9.0,9.0,9.0,Sí,Sí,Sí
GESTIÓN PÚBLICA,IV,3,406,GP43015,Yacolca Estares Daniel Irwin,Seminario: Política Fiscal y Administración Tributaria,10.0,10.0,10.0,9.0,9.0,9.0,Sí,Sí,Sí
GESTIÓN PÚBLICA,IV,3,406,GP43015,"Roncal Villanueva, Victor Augusto",Seminario: Gestión por Procesos en la Administración Pública - (ELE),,,,,,,,,
GESTIÓN PÚBLICA,IV,3,406,GP43015,"Montalvo Mejía, Jose Luis",Seminario: Descentralización y Desarrollo Territorial,9.0,10.0,10.0,10.0,10.0,9.0,Sí,Sí,Sí
GESTIÓN PÚBLICA,IV,3,406,GP43015,"Vigo Gálvez, María de las Mercedes Elizabeth",Taller de Investigación IV (Informe Final de Tesis),9.0,10.0,10.0,10.0,9.0,9.0,Sí,Sí,Sí
GESTIÓN PÚBLICA,IV,3,406,GP43016,Yacolca Estares Daniel Irwin,Seminario: Política Fiscal y Administración Tributaria,9.0,9.0,9.0,9.0,9.0,9.0,Sí,Sí,Sí
GESTIÓN PÚBLICA,IV,3,406,GP43016,"Roncal Villanueva, Victor Augusto",Seminario: Gestión por Procesos en la Administración Pública - (ELE),8.0,8.0,8.0,8.0,8.0,8.0,Sí,Sí,Sí
GESTIÓN PÚBLICA,IV,3,406,GP43016,"Montalvo Mejía, Jose Luis",Seminario: Descentralización y Desarrollo Territorial,9.0,9.0,9.0,9.0,9.0,9.0,Sí,Sí,Sí
GESTIÓN PÚBLICA,IV,3,406,GP43016,"Vigo Gálvez, María de las Mercedes Elizabeth",Taller de Investigación IV (Informe Final de Tesis),9.0,9.0,9.0,9.0,9.0,9.0,Sí,Sí,Sí
GESTIÓN PÚBLICA,IV,3,406,GP43017,Yacolca Estares Daniel Irwin,Seminario: Política Fiscal y Administración Tributaria,,,,,,,,,
GESTIÓN PÚBLICA,IV,3,406,GP43017,"Roncal Villanueva, Victor Augusto",Seminario: Gestión por Procesos en la Administración Pública - (ELE),10.0,10.0,10.0,9.0,9.0,10.0,Sí,Sí,Sí
GESTIÓN PÚBLICA,IV,3,406,GP43017,"Montalvo Mejía, Jose Luis",Seminario: Descentralización y Desarrollo Territorial,,,,,,,,,
GESTIÓN PÚBLICA,IV,3,406,GP43017,"Vigo Gálvez, María de las Mercedes Elizabeth",Taller de Investigación IV (Informe Final de Tesis),10.0,10.0,10.0,10.0,10.0,10.0,Sí,Sí,Sí
GESTIÓN PÚBLICA,IV,3,406,GP43018,Yacolca Estares Daniel Irwin,Seminario: Política Fiscal y Administración Tributaria,9.0,10.0,9.0,9.0,9.0,9.0,Sí,Sí,Sí
GESTIÓN PÚBLICA,IV,3,406,GP43018,"Roncal Villanueva, Victor Augusto",Seminario: Gestión por Procesos en la Administración Pública - (ELE),,,,,,,,,
GESTIÓN PÚBLICA,IV,3,406,GP43018,"Montalvo Mejía, Jose Luis",Seminario: Descentralización y Desarrollo Territorial,9.0,10.0,9.0,9.0,9.0,9.0,Sí,Sí,Sí
GESTIÓN PÚBLICA,IV,3,406,GP43018,"Vigo Gálvez, María de las Mercedes Elizabeth",Taller de Investigación IV (Informe Final de Tesis),9.0,10.0,9.0,9.0,9.0,9.0,Sí,Sí,Sí
GESTIÓN PÚBLICA,IV,3,406,GP43019,Yacolca Estares Daniel Irwin,Seminario: Política Fiscal y Administración Tributaria,8.0,8.0,8.0,8.0,8.0,8.0,Sí,Sí,Sí
GESTIÓN PÚBLICA,IV,3,406,GP43019,"Roncal Villanueva, Victor Augusto",Seminario: Gestión por Procesos en la Administración Pública - (ELE),,,,,,,,,
GESTIÓN PÚBLICA,IV,3,406,GP43019,"Montalvo Mejía, Jose Luis",Seminario: Descentralización y Desarrollo Territorial,8.0,8.0,8.0,8.0,8.0,8.0,Sí,Sí,Sí
GESTIÓN PÚBLICA,IV,3,406,GP43019,"Vigo Gálvez, María de las Mercedes Elizabeth",Taller de Investigación IV (Informe Final de Tesis),9.0,9.0,9.0,9.0,9.0,9.0,Sí,Sí,Sí
GESTIÓN PÚBLICA,IV,3,406,GP43020,Yacolca Estares Daniel Irwin,Seminario: Política Fiscal y Administración Tributaria,10.0,10.0,10.0,10.0,10.0,10.0,Sí,Sí,Sí
GESTIÓN PÚBLICA,IV,3,406,GP43020,"Roncal Villanueva, Victor Augusto",Seminario: Gestión por Procesos en la Administración Pública - (ELE),,,,,,,,,
GESTIÓN PÚBLICA,IV,3,406,GP43020,"Montalvo Mejía, Jose Luis",Seminario: Descentralización y Desarrollo Territorial,9.0,10.0,10.0,10.0,10.0,10.0,Sí,Sí,Sí
GESTIÓN PÚBLICA,IV,3,406,GP43020,"Vigo Gálvez, María de las Mercedes Elizabeth",Taller de Investigación IV (Informe Final de Tesis),9.0,10.0,10.0,10.0,10.0,10.0,Sí,Sí,Sí
GESTIÓN PÚBLICA,IV,3,406,GP43021,Yacolca Estares Daniel Irwin,Seminario: Política Fiscal y Administración Tributaria,10.0,10.0,10.0,10.0,10.0,10.0,Sí,Sí,Sí
GESTIÓN PÚBLICA,IV,3,406,GP43021,"Roncal Villanueva, Victor Augusto",Seminario: Gestión por Procesos en la Administración Pública - (ELE),,,,,,,,,
GESTIÓN PÚBLICA,IV,3,406,GP43021,"Montalvo Mejía, Jose Luis",Seminario: Descentralización y Desarrollo Territorial,10.0,10.0,10.0,10.0,10.0,10.0,Sí,Sí,Sí
GESTIÓN PÚBLICA,IV,3,406,GP43021,"Vigo Gálvez, María de las Mercedes Elizabeth",Taller de Investigación IV (Informe Final de Tesis),10.0,10.0,10.0,10.0,10.0,10.0,Sí,Sí,Sí
GESTIÓN PÚBLICA,IV,3,406,GP43022,Yacolca Estares Daniel Irwin,Seminario: Política Fiscal y Administración Tributaria,,,,,,,,,
GESTIÓN PÚBLICA,IV,3,406,GP43022,"Roncal Villanueva, Victor Augusto",Seminario: Gestión por Procesos en la Administración Pública - (ELE),,,,,,,,,
GESTIÓN PÚBLICA,IV,3,406,GP43022,"Montalvo Mejía, Jose Luis",Seminario: Descentralización y Desarrollo Territorial,,,,,,,,,
GESTIÓN PÚBLICA,IV,3,406,GP43022,"Vigo Gálvez, María de las Mercedes Elizabeth",Taller de Investigación IV (Informe Final de Tesis),10.0,10.0,10.0,10.0,10.0,10.0,Sí,Sí,Sí
GESTIÓN PÚBLICA,IV,3,406,GP43023,Yacolca Estares Daniel Irwin,Seminario: Política Fiscal y Administración Tributaria,,,,,,,,,
GESTIÓN PÚBLICA,IV,3,406,GP43023,"Roncal Villanueva, Victor Augusto",Seminario: Gestión por Procesos en la Administración Pública - (ELE),,,,,,,,,
GESTIÓN PÚBLICA,IV,3,406,GP43023,"Montalvo Mejía, Jose Luis",Seminario: Descentralización y Desarrollo Territorial,,,,,,,,,
GESTIÓN PÚBLICA,IV,3,406,GP43023,"Vigo Gálvez, María de las Mercedes Elizabeth",Taller de Investigación IV (Informe Final de Tesis),10.0,10.0,10.0,10.0,10.0,10.0,Sí,Sí,Sí
GESTIÓN PÚBLICA,IV,3,406,GP43013,Yacolca Estares Daniel Irwin,Seminario: Política Fiscal y Administración Tributaria,9.0,9.0,9.0,9.0,9.0,9.0,Sí,,
GESTIÓN PÚBLICA,IV,3,406,GP43013,"Roncal Villanueva, Victor Augusto",Seminario: Gestión por Procesos en la Administración Pública - (ELE),,,,,,,,,
GESTIÓN PÚBLICA,IV,3,406,GP43013,"Montalvo Mejía, Jose Luis",Seminario: Descentralización y Desarrollo Territorial,9.0,9.0,9.0,,9.0,9.0,Sí,,
GESTIÓN PÚBLICA,IV,3,406,GP43013,"Vigo Gálvez, María de las Mercedes Elizabeth",Taller de Investigación IV (Informe Final de Tesis),9.0,9.0,9.0,9.0,9.0,9.0,Sí,,
MAESTRÍA EN GESTIÓN DE NEGOCIOS INTERNACIONALES,III,1,202,GNI31001,"Ortega Meneses, Mariela Beatriz",Trade and customs management (gestión comercial y aduanera),10.0,10.0,10.0,10.0,10.0,10.0,Sí,Sí,Sí
MAESTRÍA EN GESTIÓN DE NEGOCIOS INTERNACIONALES,III,1,202,GNI31002,"Ortega Meneses, Mariela Beatriz",Trade and customs management (gestión comercial y aduanera),10.0,10.0,10.0,10.0,10.0,10.0,Sí,Sí,Sí
MAESTRÍA EN GESTIÓN DE NEGOCIOS INTERNACIONALES,III,1,202,GNI31003,"Ortega Meneses, Mariela Beatriz",Trade and customs management (gestión comercial y aduanera),10.0,10.0,9.0,10.0,9.0,5.0,Sí,Sí,Sí
MAESTRÍA EN GESTIÓN DE NEGOCIOS INTERNACIONALES,III,1,202,GNI31004,"Ortega Meneses, Mariela Beatriz",Trade and customs management (gestión comercial y aduanera),10.0,10.0,9.0,9.0,9.0,10.0,Sí,Sí,Sí
MAESTRÍA EN GESTIÓN DE NEGOCIOS INTERNACIONALES,III,1,202,GNI31005,"Ortega Meneses, Mariela Beatriz",Trade and customs management (gestión comercial y aduanera),10.0,10.0,10.0,10.0,10.0,10.0,Sí,Sí,Sí
MAESTRÍA EN GESTIÓN DE NEGOCIOS INTERNACIONALES,III,1,202,GNI31006,"Ortega Meneses, Mariela Beatriz",Trade and customs management (gestión comercial y aduanera),9.0,10.0,10.0,10.0,10.0,10.0,Sí,Sí,Sí
MAESTRÍA EN GESTIÓN DE NEGOCIOS INTERNACIONALES,III,1,202,GNI31007,"Ortega Meneses, Mariela Beatriz",Trade and customs management (gestión comercial y aduanera),10.0,10.0,10.0,10.0,9.0,9.0,Sí,Sí,Sí
MAESTRÍA EN GESTIÓN DE NEGOCIOS INTERNACIONALES,III,1,202,GNI31008,"Ortega Meneses, Mariela Beatriz",Trade and customs management (gestión comercial y aduanera),9.0,9.0,9.0,9.0,9.0,9.0,Sí,Sí,Sí
MAESTRÍA EN GESTIÓN DE NEGOCIOS INTERNACIONALES,III,1,202,GNI31009,"Ortega Meneses, Mariela Beatriz",Trade and customs management (gestión comercial y aduanera),8.0,7.0,6.0,8.0,6.0,7.0,Sí,Sí,Sí
MAESTRÍA EN GESTIÓN DE NEGOCIOS INTERNACIONALES,III,1,202,GNI31010,"Ortega Meneses, Mariela Beatriz",Trade and customs management (gestión comercial y aduanera),10.0,10.0,10.0,10.0,10.0,10.0,Sí,Sí,Sí
MAESTRÍA EN GESTIÓN DE NEGOCIOS INTERNACIONALES,III,1,202,GNI31011,"Ortega Meneses, Mariela Beatriz",Trade and customs management (gestión comercial y aduanera),8.0,8.0,8.0,8.0,8.0,8.0,Sí,Sí,Sí
MAESTRÍA EN GESTIÓN DE NEGOCIOS INTERNACIONALES,III,1,202,GNI31012,"Ortega Meneses, Mariela Beatriz",Trade and customs management (gestión comercial y aduanera),9.0,9.0,8.0,9.0,9.0,8.0,Sí,Sí,Sí
MAESTRÍA EN GESTIÓN DE NEGOCIOS INTERNACIONALES,III,1,202,GNI31013,"Ortega Meneses, Mariela Beatriz",Trade and customs management (gestión comercial y aduanera),10.0,10.0,10.0,10.0,10.0,10.0,Sí,Sí,Sí
MAESTRÍA EN GESTIÓN DE NEGOCIOS INTERNACIONALES,III,1,202,GNI31014,"Ortega Meneses, Mariela Beatriz",Trade and customs management (gestión comercial y aduanera),10.0,10.0,10.0,10.0,10.0,10.0,Sí,Sí,Sí
MAESTRÍA EN GESTIÓN DE NEGOCIOS INTERNACIONALES,III,1,202,GNI31015,"Ortega Meneses, Mariela Beatriz",Trade and customs management (gestión comercial y aduanera),9.0,10.0,9.0,9.0,10.0,9.0,Sí,Sí,Sí
MAESTRÍA EN GESTIÓN DE NEGOCIOS INTERNACIONALES,III,1,202,GNI31016,"Ortega Meneses, Mariela Beatriz",Trade and customs management (gestión comercial y aduanera),10.0,10.0,10.0,10.0,10.0,10.0,Sí,Sí,Sí
MAESTRÍA EN GESTIÓN DE NEGOCIOS INTERNACIONALES,III,1,202,GNI31017,"Ortega Meneses, Mariela Beatriz",Trade and customs management (gestión comercial y aduanera),10.0,10.0,10.0,10.0,10.0,10.0,Sí,Sí,Sí
MAESTRÍA EN GESTIÓN DE NEGOCIOS INTERNACIONALES,III,1,202,GNI31001,"Guzmán Torres, Jacob Reynaldo",Gestión De Ventas Y Promociones Internacionales,10.0,10.0,10.0,10.0,10.0,10.0,Sí,Sí,Sí
MAESTRÍA EN GESTIÓN DE NEGOCIOS INTERNACIONALES,III,1,202,GNI31002,"Guzmán Torres, Jacob Reynaldo",Gestión De Ventas Y Promociones Internacionales,9.0,9.0,8.0,8.0,7.0,7.0,Sí,Sí,Sí
MAESTRÍA EN GESTIÓN DE NEGOCIOS INTERNACIONALES,III,1,202,GNI31003,"Guzmán Torres, Jacob Reynaldo",Gestión De Ventas Y Promociones Internacionales,10.0,10.0,10.0,9.0,9.0,10.0,Sí,Sí,Sí
MAESTRÍA EN GESTIÓN DE NEGOCIOS INTERNACIONALES,III,1,202,GNI31004,"Guzmán Torres, Jacob Reynaldo",Gestión De Ventas Y Promociones Internacionales,9.0,10.0,9.0,8.0,9.0,9.0,Sí,Sí,Sí
MAESTRÍA EN GESTIÓN DE NEGOCIOS INTERNACIONALES,III,1,202,GNI31005,"Guzmán Torres, Jacob Reynaldo",Gestión De Ventas Y Promociones Internacionales,9.0,10.0,10.0,10.0,9.0,9.0,Sí,Sí,Sí
MAESTRÍA EN GESTIÓN DE NEGOCIOS INTERNACIONALES,III,1,202,GNI31006,"Guzmán Torres, Jacob Reynaldo",Gestión De Ventas Y Promociones Internacionales,9.0,10.0,10.0,10.0,10.0,10.0,Sí,Sí,Sí
MAESTRÍA EN GESTIÓN DE NEGOCIOS INTERNACIONALES,III,1,202,GNI31007,"Guzmán Torres, Jacob Reynaldo",Gestión De Ventas Y Promociones Internacionales,10.0,10.0,10.0,10.0,10.0,10.0,Sí,Sí,Sí
MAESTRÍA EN GESTIÓN DE NEGOCIOS INTERNACIONALES,III,1,202,GNI31008,"Guzmán Torres, Jacob Reynaldo",Gestión De Ventas Y Promociones Internacionales,9.0,9.0,9.0,9.0,9.0,9.0,Sí,Sí,Sí
MAESTRÍA EN GESTIÓN DE NEGOCIOS INTERNACIONALES,III,1,202,GNI31009,"Guzmán Torres, Jacob Reynaldo",Gestión De Ventas Y Promociones Internacionales,10.0,10.0,10.0,10.0,10.0,10.0,Sí,Sí,Sí
MAESTRÍA EN GESTIÓN DE NEGOCIOS INTERNACIONALES,III,1,202,GNI31010,"Guzmán Torres, Jacob Reynaldo",Gestión De Ventas Y Promociones Internacionales,10.0,10.0,10.0,10.0,10.0,10.0,Sí,Sí,Sí
MAESTRÍA EN GESTIÓN DE NEGOCIOS INTERNACIONALES,III,1,202,GNI31011,"Guzmán Torres, Jacob Reynaldo",Gestión De Ventas Y Promociones Internacionales,9.0,9.0,9.0,9.0,9.0,9.0,Sí,Sí,Sí
MAESTRÍA EN GESTIÓN DE NEGOCIOS INTERNACIONALES,III,1,202,GNI31012,"Guzmán Torres, Jacob Reynaldo",Gestión De Ventas Y Promociones Internacionales,8.0,8.0,8.0,8.0,8.0,8.0,Sí,Sí,Sí
MAESTRÍA EN GESTIÓN DE NEGOCIOS INTERNACIONALES,III,1,202,GNI31013,"Guzmán Torres, Jacob Reynaldo",Gestión De Ventas Y Promociones Internacionales,10.0,10.0,10.0,10.0,10.0,10.0,Sí,Sí,Sí
MAESTRÍA EN GESTIÓN DE NEGOCIOS INTERNACIONALES,III,1,202,GNI31014,"Guzmán Torres, Jacob Reynaldo",Gestión De Ventas Y Promociones Internacionales,10.0,10.0,10.0,10.0,10.0,10.0,Sí,Sí,Sí
MAESTRÍA EN GESTIÓN DE NEGOCIOS INTERNACIONALES,III,1,202,GNI31015,"Guzmán Torres, Jacob Reynaldo",Gestión De Ventas Y Promociones Internacionales,8.0,8.0,8.0,9.0,9.0,9.0,Sí,Sí,Sí
MAESTRÍA EN GESTIÓN DE NEGOCIOS INTERNACIONALES,III,1,202,GNI31016,"Guzmán Torres, Jacob Reynaldo",Gestión De Ventas Y Promociones Internacionales,10.0,10.0,9.0,9.0,8.0,7.0,Sí,Sí,Sí
MAESTRÍA EN GESTIÓN DE NEGOCIOS INTERNACIONALES,III,1,202,GNI31017,"Guzmán Torres, Jacob Reynaldo",Gestión De Ventas Y Promociones Internacionales,10.0,10.0,10.0,9.0,8.0,8.0,Sí,Sí,Sí
MAESTRÍA EN GESTIÓN DE NEGOCIOS INTERNACIONALES,III,1,202,GNI31001,"Escalante Vergara, Diego Guillermo",Regulación Portuaria Comparativa,10.0,10.0,10.0,10.0,10.0,10.0,Sí,Sí,Sí
MAESTRÍA EN GESTIÓN DE NEGOCIOS INTERNACIONALES,III,1,202,GNI31002,"Escalante Vergara, Diego Guillermo",Regulación Portuaria Comparativa,7.0,8.0,7.0,6.0,6.0,6.0,Sí,Sí,Sí
MAESTRÍA EN GESTIÓN DE NEGOCIOS INTERNACIONALES,III,1,202,GNI31003,"Escalante Vergara, Diego Guillermo",Regulación Portuaria Comparativa,10.0,10.0,10.0,9.0,9.0,10.0,Sí,Sí,Sí
MAESTRÍA EN GESTIÓN DE NEGOCIOS INTERNACIONALES,III,1,202,GNI31004,"Escalante Vergara, Diego Guillermo",Regulación Portuaria Comparativa,8.0,9.0,9.0,8.0,9.0,9.0,Sí,Sí,Sí
MAESTRÍA EN GESTIÓN DE NEGOCIOS INTERNACIONALES,III,1,202,GNI31005,"Escalante Vergara, Diego Guillermo",Regulación Portuaria Comparativa,9.0,10.0,10.0,10.0,9.0,9.0,Sí,Sí,Sí
MAESTRÍA EN GESTIÓN DE NEGOCIOS INTERNACIONALES,III,1,202,GNI31006,"Escalante Vergara, Diego Guillermo",Regulación Portuaria Comparativa,9.0,10.0,10.0,10.0,10.0,10.0,Sí,Sí,Sí
MAESTRÍA EN GESTIÓN DE NEGOCIOS INTERNACIONALES,III,1,202,GNI31007,"Escalante Vergara, Diego Guillermo",Regulación Portuaria Comparativa,10.0,10.0,10.0,10.0,10.0,10.0,Sí,Sí,Sí
MAESTRÍA EN GESTIÓN DE NEGOCIOS INTERNACIONALES,III,1,202,GNI31008,"Escalante Vergara, Diego Guillermo",Regulación Portuaria Comparativa,9.0,9.0,9.0,9.0,9.0,9.0,Sí,Sí,Sí
MAESTRÍA EN GESTIÓN DE NEGOCIOS INTERNACIONALES,III,1,202,GNI31009,"Escalante Vergara, Diego Guillermo",Regulación Portuaria Comparativa,9.0,9.0,9.0,8.0,9.0,9.0,Sí,Sí,Sí
MAESTRÍA EN GESTIÓN DE NEGOCIOS INTERNACIONALES,III,1,202,GNI31010,"Escalante Vergara, Diego Guillermo",Regulación Portuaria Comparativa,10.0,10.0,10.0,10.0,10.0,10.0,Sí,Sí,Sí
MAESTRÍA EN GESTIÓN DE NEGOCIOS INTERNACIONALES,III,1,202,GNI31011,"Escalante Vergara, Diego Guillermo",Regulación Portuaria Comparativa,9.0,9.0,10.0,9.0,10.0,9.0,Sí,Sí,Sí
MAESTRÍA EN GESTIÓN DE NEGOCIOS INTERNACIONALES,III,1,202,GNI31012,"Escalante Vergara, Diego Guillermo",Regulación Portuaria Comparativa,8.0,8.0,8.0,8.0,8.0,,Sí,Sí,Sí
MAESTRÍA EN GESTIÓN DE NEGOCIOS INTERNACIONALES,III,1,202,GNI31013,"Escalante Vergara, Diego Guillermo",Regulación Portuaria Comparativa,10.0,10.0,10.0,10.0,10.0,10.0,Sí,Sí,Sí
MAESTRÍA EN GESTIÓN DE NEGOCIOS INTERNACIONALES,III,1,202,GNI31014,"Escalante Vergara, Diego Guillermo",Regulación Portuaria Comparativa,10.0,10.0,10.0,10.0,10.0,10.0,Sí,Sí,Sí
MAESTRÍA EN GESTIÓN DE NEGOCIOS INTERNACIONALES,III,1,202,GNI31015,"Escalante Vergara, Diego Guillermo",Regulación Portuaria Comparativa,9.0,9.0,9.0,8.0,8.0,8.0,Sí,Sí,Sí
MAESTRÍA EN GESTIÓN DE NEGOCIOS INTERNACIONALES,III,1,202,GNI31016,"Escalante Vergara, Diego Guillermo",Regulación Portuaria Comparativa,8.0,8.0,7.0,9.0,8.0,7.0,Sí,Sí,Sí
MAESTRÍA EN GESTIÓN DE NEGOCIOS INTERNACIONALES,III,1,202,GNI31017,"Escalante Vergara, Diego Guillermo",Regulación Portuaria Comparativa,10.0,10.0,5.0,5.0,10.0,7.0,Sí,Sí,Sí
MAESTRÍA EN GESTIÓN DE NEGOCIOS INTERNACIONALES,III,1,202,GNI31001,"Rettis Salazar, Herminia Tatiana",Taller III (Desarrollo De La Estadística De Trabajo De Investigación),8.0,10.0,7.0,8.0,8.0,8.0,Sí,Sí,No
MAESTRÍA EN GESTIÓN DE NEGOCIOS INTERNACIONALES,III,1,202,GNI31002,"Rettis Salazar, Herminia Tatiana",Taller III (Desarrollo De La Estadística De Trabajo De Investigación),10.0,10.0,10.0,10.0,10.0,10.0,Sí,Sí,Sí
MAESTRÍA EN GESTIÓN DE NEGOCIOS INTERNACIONALES,III,1,202,GNI31003,"Rettis Salazar, Herminia Tatiana",Taller III (Desarrollo De La Estadística De Trabajo De Investigación),8.0,10.0,5.0,8.0,5.0,5.0,Sí,Sí,Sí
MAESTRÍA EN GESTIÓN DE NEGOCIOS INTERNACIONALES,III,1,202,GNI31004,"Rettis Salazar, Herminia Tatiana",Taller III (Desarrollo De La Estadística De Trabajo De Investigación),9.0,9.0,9.0,10.0,8.0,8.0,Sí,Sí,Sí
MAESTRÍA EN GESTIÓN DE NEGOCIOS INTERNACIONALES,III,1,202,GNI31005,"Rettis Salazar, Herminia Tatiana",Taller III (Desarrollo De La Estadística De Trabajo De Investigación),9.0,10.0,10.0,9.0,9.0,9.0,Sí,Sí,Sí
MAESTRÍA EN GESTIÓN DE NEGOCIOS INTERNACIONALES,III,1,202,GNI31006,"Rettis Salazar, Herminia Tatiana",Taller III (Desarrollo De La Estadística De Trabajo De Investigación),9.0,10.0,10.0,10.0,10.0,10.0,Sí,Sí,Sí
MAESTRÍA EN GESTIÓN DE NEGOCIOS INTERNACIONALES,III,1,202,GNI31007,"Rettis Salazar, Herminia Tatiana",Taller III (Desarrollo De La Estadística De Trabajo De Investigación),9.0,10.0,10.0,10.0,8.0,9.0,Sí,Sí,Sí
MAESTRÍA EN GESTIÓN DE NEGOCIOS INTERNACIONALES,III,1,202,GNI31008,"Rettis Salazar, Herminia Tatiana",Taller III (Desarrollo De La Estadística De Trabajo De Investigación),9.0,9.0,9.0,9.0,9.0,9.0,Sí,Sí,Sí
MAESTRÍA EN GESTIÓN DE NEGOCIOS INTERNACIONALES,III,1,202,GNI31009,"Rettis Salazar, Herminia Tatiana",Taller III (Desarrollo De La Estadística De Trabajo De Investigación),5.0,8.0,8.0,8.0,5.0,8.0,Sí,Sí,Sí
MAESTRÍA EN GESTIÓN DE NEGOCIOS INTERNACIONALES,III,1,202,GNI31010,"Rettis Salazar, Herminia Tatiana",Taller III (Desarrollo De La Estadística De Trabajo De Investigación),8.0,10.0,8.0,9.0,9.0,8.0,Sí,Sí,Sí
MAESTRÍA EN GESTIÓN DE NEGOCIOS INTERNACIONALES,III,1,202,GNI31011,"Rettis Salazar, Herminia Tatiana",Taller III (Desarrollo De La Estadística De Trabajo De Investigación),7.0,7.0,7.0,7.0,7.0,7.0,Sí,Sí,Sí
MAESTRÍA EN GESTIÓN DE NEGOCIOS INTERNACIONALES,III,1,202,GNI31012,"Rettis Salazar, Herminia Tatiana",Taller III (Desarrollo De La Estadística De Trabajo De Investigación),8.0,8.0,8.0,8.0,8.0,8.0,Sí,Sí,Sí
MAESTRÍA EN GESTIÓN DE NEGOCIOS INTERNACIONALES,III,1,202,GNI31013,"Rettis Salazar, Herminia Tatiana",Taller III (Desarrollo De La Estadística De Trabajo De Investigación),10.0,10.0,10.0,10.0,10.0,10.0,Sí,Sí,Sí
MAESTRÍA EN GESTIÓN DE NEGOCIOS INTERNACIONALES,III,1,202,GNI31014,"Rettis Salazar, Herminia Tatiana",Taller III (Desarrollo De La Estadística De Trabajo De Investigación),10.0,10.0,10.0,8.0,10.0,10.0,Sí,Sí,A veces
MAESTRÍA EN GESTIÓN DE NEGOCIOS INTERNACIONALES,III,1,202,GNI31015,"Rettis Salazar, Herminia Tatiana",Taller III (Desarrollo De La Estadística De Trabajo De Investigación),8.0,9.0,8.0,8.0,7.0,7.0,Sí,Sí,Sí
MAESTRÍA EN GESTIÓN DE NEGOCIOS INTERNACIONALES,III,1,202,GNI31016,"Rettis Salazar, Herminia Tatiana",Taller III (Desarrollo De La Estadística De Trabajo De Investigación),7.0,7.0,7.0,8.0,7.0,6.0,Sí,Sí,Sí
MAESTRÍA EN GESTIÓN DE NEGOCIOS INTERNACIONALES,III,1,202,GNI31017,"Rettis Salazar, Herminia Tatiana",Taller III (Desarrollo De La Estadística De Trabajo De Investigación),10.0,10.0,5.0,5.0,10.0,7.0,Sí,Sí,Sí
MARKETING,III,1,301,MM31001,"Manchego Odar, Sara María",Seminario: Marketing Digital,9.0,8.0,10.0,10.0,10.0,10.0,Sí,Sí,Sí
MARKETING,III,1,301,MM31001,"Rettis Salazar, Herminia Tatiana",Taller III (desarrollo de la estadística de trabajo de investigación),8.0,10.0,8.0,6.0,8.0,5.0,Sí,Sí,Sí
MARKETING,III,1,301,MM31001,"Silvy D´Alessio, Myriam Elena",Branding estratégico,10.0,10.0,10.0,10.0,10.0,10.0,Sí,Sí,Sí
MARKETING,III,1,301,MM31001,"Izquierdo Cuba, Rubén Paul",Finanzas Aplicadas al Marketing,8.0,10.0,8.0,8.0,9.0,9.0,Sí,Sí,Sí
MARKETING,III,1,301,MM31002,"Manchego Odar, Sara María",Seminario: Marketing Digital,10.0,10.0,10.0,10.0,10.0,10.0,Sí,Sí,Sí
MARKETING,III,1,301,MM31002,"Rettis Salazar, Herminia Tatiana",Taller III (desarrollo de la estadística de trabajo de investigación),9.0,9.0,9.0,9.0,9.0,9.0,Sí,Sí,Sí
MARKETING,III,1,301,MM31002,"Silvy D´Alessio, Myriam Elena",Branding estratégico,10.0,10.0,10.0,10.0,10.0,10.0,Sí,Sí,Sí
MARKETING,III,1,301,MM31002,"Izquierdo Cuba, Rubén Paul",Finanzas Aplicadas al Marketing,9.0,9.0,9.0,9.0,9.0,9.0,Sí,Sí,Sí
MARKETING,III,1,301,MM31003,"Manchego Odar, Sara María",Seminario: Marketing Digital,10.0,10.0,10.0,10.0,10.0,10.0,Sí,Sí,Sí
MARKETING,III,1,301,MM31003,"Rettis Salazar, Herminia Tatiana",Taller III (desarrollo de la estadística de trabajo de investigación),10.0,10.0,10.0,10.0,10.0,10.0,Sí,Sí,Sí
MARKETING,III,1,301,MM31003,"Silvy D´Alessio, Myriam Elena",Branding estratégico,10.0,10.0,10.0,10.0,10.0,10.0,Sí,Sí,Sí
MARKETING,III,1,301,MM31003,"Izquierdo Cuba, Rubén Paul",Finanzas Aplicadas al Marketing,10.0,10.0,10.0,10.0,10.0,10.0,Sí,Sí,Sí
MARKETING,III,1,301,MM31004,"Manchego Odar, Sara María",Seminario: Marketing Digital,10.0,10.0,9.0,9.0,8.0,10.0,Sí,Sí,Sí
MARKETING,III,1,301,MM31004,"Rettis Salazar, Herminia Tatiana",Taller III (desarrollo de la estadística de trabajo de investigación),5.0,6.0,5.0,4.0,5.0,5.0,Sí,Sí,Sí
MARKETING,III,1,301,MM31004,"Silvy D´Alessio, Myriam Elena",Branding estratégico,10.0,10.0,10.0,10.0,10.0,10.0,Sí,Sí,Sí
MARKETING,III,1,301,MM31004,"Izquierdo Cuba, Rubén Paul",Finanzas Aplicadas al Marketing,9.0,10.0,6.0,6.0,8.0,7.0,Sí,Sí,Sí
MARKETING,III,1,301,MM31005,"Manchego Odar, Sara María",Seminario: Marketing Digital,10.0,10.0,10.0,10.0,10.0,10.0,Sí,Sí,Sí
MARKETING,III,1,301,MM31005,"Rettis Salazar, Herminia Tatiana",Taller III (desarrollo de la estadística de trabajo de investigación),10.0,10.0,10.0,10.0,10.0,10.0,Sí,Sí,Sí
MARKETING,III,1,301,MM31005,"Silvy D´Alessio, Myriam Elena",Branding estratégico,10.0,10.0,10.0,10.0,10.0,10.0,Sí,Sí,Sí
MARKETING,III,1,301,MM31005,"Izquierdo Cuba, Rubén Paul",Finanzas Aplicadas al Marketing,10.0,10.0,10.0,10.0,10.0,10.0,Sí,Sí,Sí
MARKETING,III,1,301,MM31006,"Manchego Odar, Sara María",Seminario: Marketing Digital,10.0,10.0,9.0,10.0,10.0,10.0,Sí,Sí,Sí
MARKETING,III,1,301,MM31006,"Rettis Salazar, Herminia Tatiana",Taller III (desarrollo de la estadística de trabajo de investigación),9.0,10.0,8.0,7.0,7.0,10.0,Sí,Sí,Sí
MARKETING,III,1,301,MM31006,"Silvy D´Alessio, Myriam Elena",Branding estratégico,7.0,10.0,7.0,7.0,6.0,6.0,Sí,Sí,Sí
MARKETING,III,1,301,MM31006,"Izquierdo Cuba, Rubén Paul",Finanzas Aplicadas al Marketing,10.0,10.0,9.0,10.0,10.0,10.0,Sí,Sí,Sí
MARKETING,III,1,301,MM31007,"Manchego Odar, Sara María",Seminario: Marketing Digital,10.0,10.0,10.0,10.0,10.0,10.0,Sí,Sí,Sí
MARKETING,III,1,301,MM31007,"Rettis Salazar, Herminia Tatiana",Taller III (desarrollo de la estadística de trabajo de investigación),5.0,10.0,7.0,6.0,6.0,6.0,Sí,Sí,Sí
MARKETING,III,1,301,MM31007,"Silvy D´Alessio, Myriam Elena",Branding estratégico,10.0,10.0,10.0,10.0,10.0,10.0,Sí,Sí,Sí
MARKETING,III,1,301,MM31007,"Izquierdo Cuba, Rubén Paul",Finanzas Aplicadas al Marketing,8.0,7.0,7.0,6.0,6.0,6.0,Sí,Sí,Sí
MARKETING,III,1,301,MM31008,"Manchego Odar, Sara María",Seminario: Marketing Digital,10.0,10.0,10.0,10.0,10.0,10.0,Sí,Sí,Sí
MARKETING,III,1,301,MM31008,"Rettis Salazar, Herminia Tatiana",Taller III (desarrollo de la estadística de trabajo de investigación),10.0,10.0,10.0,10.0,10.0,10.0,Sí,Sí,Sí
MARKETING,III,1,301,MM31008,"Silvy D´Alessio, Myriam Elena",Branding estratégico,10.0,10.0,10.0,10.0,10.0,10.0,Sí,Sí,Sí
MARKETING,III,1,301,MM31008,"Izquierdo Cuba, Rubén Paul",Finanzas Aplicadas al Marketing,10.0,10.0,10.0,10.0,10.0,10.0,Sí,Sí,Sí
MARKETING,III,1,301,MM31009,"Manchego Odar, Sara María",Seminario: Marketing Digital,10.0,10.0,10.0,10.0,10.0,10.0,Sí,Sí,Sí
MARKETING,III,1,301,MM31009,"Rettis Salazar, Herminia Tatiana",Taller III (desarrollo de la estadística de trabajo de investigación),10.0,10.0,10.0,10.0,10.0,10.0,Sí,Sí,Sí
MARKETING,III,1,301,MM31009,"Silvy D´Alessio, Myriam Elena",Branding estratégico,10.0,10.0,10.0,10.0,10.0,,Sí,Sí,Sí
MARKETING,III,1,301,MM31009,"Izquierdo Cuba, Rubén Paul",Finanzas Aplicadas al Marketing,8.0,8.0,8.0,8.0,8.0,9.0,Sí,Sí,Sí
MARKETING,III,1,301,MM31010,"Manchego Odar, Sara María",Seminario: Marketing Digital,10.0,9.0,10.0,8.0,8.0,9.0,Sí,Sí,Sí
MARKETING,III,1,301,MM31010,"Rettis Salazar, Herminia Tatiana",Taller III (desarrollo de la estadística de trabajo de investigación),6.0,7.0,7.0,6.0,6.0,6.0,Sí,Sí,Sí
MARKETING,III,1,301,MM31010,"Silvy D´Alessio, Myriam Elena",Branding estratégico,9.0,9.0,9.0,9.0,8.0,8.0,Sí,Sí,Sí
MARKETING,III,1,301,MM31010,"Izquierdo Cuba, Rubén Paul",Finanzas Aplicadas al Marketing,8.0,9.0,9.0,9.0,8.0,8.0,Sí,Sí,Sí
MARKETING,III,1,301,MM31011,"Manchego Odar, Sara María",Seminario: Marketing Digital,10.0,10.0,10.0,10.0,10.0,10.0,Sí,Sí,Sí
MARKETING,III,1,301,MM31011,"Rettis Salazar, Herminia Tatiana",Taller III (desarrollo de la estadística de trabajo de investigación),10.0,10.0,8.0,9.0,8.0,8.0,Sí,Sí,Sí
MARKETING,III,1,301,MM31011,"Silvy D´Alessio, Myriam Elena",Branding estratégico,10.0,10.0,10.0,7.0,7.0,10.0,Sí,Sí,Sí
MARKETING,III,1,301,MM31011,"Izquierdo Cuba, Rubén Paul",Finanzas Aplicadas al Marketing,10.0,10.0,7.0,10.0,9.0,10.0,Sí,Sí,Sí
MARKETING,III,1,301,MM31012,"Manchego Odar, Sara María",Seminario: Marketing Digital,,,,,,,,,
MARKETING,III,1,301,MM31012,"Rettis Salazar, Herminia Tatiana",Taller III (desarrollo de la estadística de trabajo de investigación),10.0,10.0,10.0,9.0,10.0,10.0,Sí,Sí,Sí
MARKETING,III,1,301,MM31012,"Silvy D´Alessio, Myriam Elena",Branding estratégico,,,,,,,,,
MARKETING,III,1,301,MM31012,"Izquierdo Cuba, Rubén Paul",Finanzas Aplicadas al Marketing,,,,,,,,,
MARKETING,III,1,301,MM31013,"Manchego Odar, Sara María",Seminario: Marketing Digital,10.0,10.0,10.0,9.0,9.0,10.0,Sí,Sí,Sí
MARKETING,III,1,301,MM31013,"Rettis Salazar, Herminia Tatiana",Taller III (desarrollo de la estadística de trabajo de investigación),10.0,9.0,8.0,9.0,8.0,7.0,Sí,Sí,A veces
MARKETING,III,1,301,MM31013,"Silvy D´Alessio, Myriam Elena",Branding estratégico,10.0,10.0,10.0,9.0,9.0,9.0,Sí,Sí,Sí
MARKETING,III,1,301,MM31013,"Izquierdo Cuba, Rubén Paul",Finanzas Aplicadas al Marketing,10.0,10.0,9.0,8.0,9.0,7.0,Sí,Sí,A veces
MARKETING,III,1,301,MM31014,"Manchego Odar, Sara María",Seminario: Marketing Digital,9.0,10.0,10.0,9.0,9.0,9.0,Sí,Sí,Sí
MARKETING,III,1,301,MM31014,"Rettis Salazar, Herminia Tatiana",Taller III (desarrollo de la estadística de trabajo de investigación),8.0,10.0,9.0,8.0,8.0,9.0,Sí,Sí,Sí
MARKETING,III,1,301,MM31014,"Silvy D´Alessio, Myriam Elena",Branding estratégico,9.0,10.0,10.0,8.0,9.0,8.0,Sí,Sí,Sí
MARKETING,III,1,301,MM31014,"Izquierdo Cuba, Rubén Paul",Finanzas Aplicadas al Marketing,9.0,10.0,9.0,8.0,8.0,9.0,Sí,Sí,Sí
MARKETING,III,1,301,MM31015,"Manchego Odar, Sara María",Seminario: Marketing Digital,7.0,7.0,7.0,7.0,6.0,5.0,Sí,Sí,Sí
MARKETING,III,1,301,MM31015,"Rettis Salazar, Herminia Tatiana",Taller III (desarrollo de la estadística de trabajo de investigación),5.0,7.0,5.0,5.0,5.0,5.0,Sí,Sí,Sí
MARKETING,III,1,301,MM31015,"Silvy D´Alessio, Myriam Elena",Branding estratégico,9.0,10.0,10.0,10.0,10.0,10.0,Sí,Sí,Sí
MARKETING,III,1,301,MM31015,"Izquierdo Cuba, Rubén Paul",Finanzas Aplicadas al Marketing,8.0,7.0,9.0,9.0,8.0,7.0,Sí,Sí,Sí
MARKETING,III,1,301,MM31016,"Manchego Odar, Sara María",Seminario: Marketing Digital,10.0,10.0,10.0,10.0,10.0,10.0,Sí,Sí,Sí
MARKETING,III,1,301,MM31016,"Rettis Salazar, Herminia Tatiana",Taller III (desarrollo de la estadística de trabajo de investigación),6.0,5.0,6.0,5.0,6.0,5.0,Sí,Sí,Sí
MARKETING,III,1,301,MM31016,"Silvy D´Alessio, Myriam Elena",Branding estratégico,10.0,10.0,10.0,10.0,10.0,10.0,Sí,Sí,Sí
MARKETING,III,1,301,MM31016,"Izquierdo Cuba, Rubén Paul",Finanzas Aplicadas al Marketing,5.0,5.0,5.0,5.0,5.0,5.0,Sí,Sí,No
MARKETING,III,1,301,MM31017,"Manchego Odar, Sara María",Seminario: Marketing Digital,10.0,10.0,10.0,10.0,10.0,10.0,Sí,Sí,Sí
MARKETING,III,1,301,MM31017,"Rettis Salazar, Herminia Tatiana",Taller III (desarrollo de la estadística de trabajo de investigación),7.0,8.0,7.0,7.0,7.0,8.0,Sí,Sí,Sí
MARKETING,III,1,301,MM31017,"Silvy D´Alessio, Myriam Elena",Branding estratégico,9.0,9.0,9.0,9.0,9.0,9.0,Sí,Sí,Sí
MARKETING,III,1,301,MM31017,"Izquierdo Cuba, Rubén Paul",Finanzas Aplicadas al Marketing,9.0,9.0,9.0,9.0,9.0,9.0,Sí,Sí,Sí
MARKETING,III,1,301,MM31018,"Manchego Odar, Sara María",Seminario: Marketing Digital,10.0,10.0,10.0,10.0,10.0,10.0,Sí,Sí,Sí
MARKETING,III,1,301,MM31018,"Rettis Salazar, Herminia Tatiana",Taller III (desarrollo de la estadística de trabajo de investigación),9.0,10.0,9.0,9.0,9.0,9.0,,,
MARKETING,III,1,301,MM31018,"Silvy D´Alessio, Myriam Elena",Branding estratégico,9.0,9.0,9.0,9.0,9.0,9.0,,,
MARKETING,III,1,301,MM31018,"Izquierdo Cuba, Rubén Paul",Finanzas Aplicadas al Marketing,8.0,8.0,8.0,8.0,8.0,8.0,,,
MARKETING,III,1,301,MM31019,"Manchego Odar, Sara María",Seminario: Marketing Digital,10.0,10.0,10.0,10.0,10.0,10.0,Sí,Sí,Sí
MARKETING,III,1,301,MM31019,"Rettis Salazar, Herminia Tatiana",Taller III (desarrollo de la estadística de trabajo de investigación),9.0,8.0,9.0,9.0,8.0,9.0,Sí,Sí,Sí
MARKETING,III,1,301,MM31019,"Silvy D´Alessio, Myriam Elena",Branding estratégico,10.0,10.0,10.0,10.0,10.0,10.0,Sí,Sí,Sí
MARKETING,III,1,301,MM31019,"Izquierdo Cuba, Rubén Paul",Finanzas Aplicadas al Marketing,7.0,6.0,7.0,6.0,7.0,6.0,Sí,Sí,Sí
MARKETING,III,1,301,MM31020,"Manchego Odar, Sara María",Seminario: Marketing Digital,9.0,10.0,10.0,10.0,10.0,10.0,Sí,Sí,Sí
MARKETING,III,1,301,MM31020,"Rettis Salazar, Herminia Tatiana",Taller III (desarrollo de la estadística de trabajo de investigación),9.0,10.0,10.0,10.0,9.0,10.0,Sí,Sí,Sí
MARKETING,III,1,301,MM31020,"Silvy D´Alessio, Myriam Elena",Branding estratégico,10.0,10.0,10.0,10.0,10.0,10.0,Sí,Sí,Sí
MARKETING,III,1,301,MM31020,"Izquierdo Cuba, Rubén Paul",Finanzas Aplicadas al Marketing,9.0,10.0,9.0,10.0,9.0,10.0,Sí,Sí,Sí
MARKETING,III,1,301,MM31021,"Manchego Odar, Sara María",Seminario: Marketing Digital,10.0,10.0,10.0,10.0,10.0,10.0,Sí,Sí,Sí
MARKETING,III,1,301,MM31021,"Rettis Salazar, Herminia Tatiana",Taller III (desarrollo de la estadística de trabajo de investigación),10.0,10.0,10.0,10.0,10.0,10.0,Sí,Sí,Sí
MARKETING,III,1,301,MM31021,"Silvy D´Alessio, Myriam Elena",Branding estratégico,10.0,10.0,10.0,10.0,10.0,10.0,Sí,Sí,Sí
MARKETING,III,1,301,MM31021,"Izquierdo Cuba, Rubén Paul",Finanzas Aplicadas al Marketing,10.0,10.0,10.0,10.0,10.0,10.0,Sí,Sí,Sí
